{
    "Ситидрайв": {
        "Description": "Каршеринг с цифровой душой",
        "About": "Ситидрайв — это каршеринг. У нас больше 12 тысяч автомобилей для краткосрочной аренды в Москве, Санкт-Петербурге и Сочи. А под капотом — целая цифровая вселенная: телеметрия, биллинг, разработка мобильного приложения, бесконечный анализ данных и не только.\n\nУ нас интересный стек бэкенда: Kubernetes, PostgreSQL, Apache Kafka, Redis, ClickHouse, RabbitMQ, пишем под NodeJs и на Golang. Мобильное приложение Ситидрайва работает на Kotlin и Swift, мы используем Jetpack Compose, Hilt, Coroutine, ViewModel, MVVM, SnapKit, SPM. Наши офисы расположены в Москве, Санкт-Петербурге и Сочи, а удалённые сотрудники есть по всей России.\n\nВ блоге мы рассказываем о трендах райдтеха, технологиях, на которых строится каршеринг, и буднях людей, благодаря которым добраться до любой точки города на автомобиле можно лишь за один клик в приложении.\n\nЛюбишь тачки и технологии? Давай создавать каршеринг вместе.",
        "Industries": [
            "Программное обеспечение",
            "Электронная коммерция",
            "Мобильные технологии"
        ],
        "Rating": 7.45,
        "Subscribers": 12.0,
        "Hubs": [
            "Интернет-маркетинг",
            "Аналитика мобильных приложений"
        ],
        "Profile": "https://habr.com/ru/companies/citydrive/profile/",
        "Articles": [
            {
                "title": "LTV и каршеринг — как мы в Ситидрайве считаем прибыльность клиента",
                "description": "Текст статьи не удалось получить",
                "data": "2023-06-02, 11:00",
                "rating": 6
            }
        ]
    },
    "Школа Le Sallay Диалог": {
        "Description": "Компания",
        "About": "Школа Le Sallay Диалог — билингвальная школа (1-9 класс, 7-14 лет) работает в формате смешанного обучения, онлайн-уроки сочетаются с выездными очными сессиями в Турции четыре раза в год, поэтому в школе можно учиться, где бы семья ни жила и куда бы ни переехала в будущем.\n\nО школе:\n• Обучение по международной программе\n• Билингвальное обучение (первый год обучение на русском языке, но за год-полтора дети должны достигнуть уровня В1-В2, чтобы плавно перейти на обучение на английском языке)\n• Уникальная учебная программа, где нет границ внутри гуманитарных предметов\n• Сильная команда учителей с современными взглядами на образование\n• Нет видеоуроков — только живое общение и индивидуальная траектория для каждого ученика\n• Нет разделения по возрастам или классам — дети занимаются в маленьких группах (от 4 до 7 человек), которые формируются по уровню знаний\n• Очные сессии (четыре раза в год) в комфортных и безопасных условиях с профессиональной командой педагогов, вожатых, психологов и врачом в штате\n• Выпускники школы смогут поступить в любую международную старшую школу\n• Школа уделяет особое внимание социально-эмоциональному развитию и психологической поддержке детей, поэтому адаптация в новой школе проходит легко, когда бы ученик ни присоединился к занятиям.",
        "Industries": [
            "Консалтинг и поддержка"
        ],
        "Rating": 7.45,
        "Subscribers": 13.0,
        "Hubs": [
            "Образование за рубежом",
            "IT-эмиграция",
            "Удалённая работа",
            "Учебный процесс в IT",
            "Карьера в IT-индустрии"
        ],
        "Profile": "https://habr.com/ru/companies/lesallay_dialog/profile/",
        "Articles": [
            {
                "title": "Как обстоят дела со школой в Азии и Европе, на примере Казахстана и Сербии",
                "description": "Текст статьи не удалось получить",
                "data": "2023-07-10, 11:03",
                "rating": -1
            },
            {
                "title": "Как распознать хорошее образование",
                "description": "Текст статьи не удалось получить",
                "data": "2023-06-22, 15:03",
                "rating": 1
            },
            {
                "title": "Есть ли альтернативное образование на Кипре и в Дубае",
                "description": "Текст статьи не удалось получить",
                "data": "2023-05-26, 16:21",
                "rating": 7
            },
            {
                "title": "Об особенностях обучения в школах Сербии и Черногории",
                "description": "Текст статьи не удалось получить",
                "data": "2023-05-12, 12:11",
                "rating": 3
            },
            {
                "title": "Некоторые правила эффективного дистанционного обучения",
                "description": "Текст статьи не удалось получить",
                "data": "2023-04-21, 11:23",
                "rating": 7
            },
            {
                "title": "Футбол + английский, или что нужно учить сейчас, чтобы стать Стивом Джобсом потом",
                "description": "Текст статьи не удалось получить",
                "data": "2023-03-31, 16:44",
                "rating": 1
            },
            {
                "title": "Как учат детей в средней школе",
                "description": "Текст статьи не удалось получить",
                "data": "2023-03-03, 14:50",
                "rating": 4
            },
            {
                "title": "Как устроена система школьного образования в Америке",
                "description": "Текст статьи не удалось получить",
                "data": "2023-02-20, 14:54",
                "rating": 0
            },
            {
                "title": "Легко ли учить ребенка в Прибалтике в местных школах",
                "description": "Текст статьи не удалось получить",
                "data": "2023-02-10, 15:27",
                "rating": 7
            },
            {
                "title": "Как выбрать школу для ребенка в Грузии и Армении",
                "description": "Текст статьи не удалось получить",
                "data": "2023-02-02, 11:33",
                "rating": -1
            }
        ]
    },
    "EDM Project": {
        "Description": "Софт для управления документами, бизнес процессами",
        "About": "EDM Project разрабатывает в основном продукты с открытым исходным кодом, ориентированные на работу с документами и бизнес-процессами внутри компаний или команд.\nОсновной наш проект называется EDM System — это веб-приложение для электронного управления проектами, задачами и документами, а в будущем — и другими процессами или объектами, которые встречаются в командной работе. Система имеет достаточно легкий, интуитивный интерфейс, проста в установке и конфигурировании.",
        "Industries": [
            "Веб-разработка",
            "Программное обеспечение",
            "Дизайн и юзабилити"
        ],
        "Rating": 7.41,
        "Subscribers": 26.0,
        "Hubs": "Хабы компании не удалось получить",
        "Profile": "https://habr.com/ru/companies/edm/profile/",
        "Articles": []
    },
    "Сообщество Fitil": {
        "Description": "Сервис для знакомств и общения оффлайн",
        "About": "Fitil — сервис для знакомств на интересных мероприятиях в комфортной обстановке, без долгих переписок и нежелательного общения.\n\nЗапустились в Москве в мае 2021 года, в Питере начали работать в июле 2022 года. Представлены в AppStore и Google play. В приложении зарегистрировано более 15 000 участников!\n\nСейчас мы в процессе перехода на веб-версию — подробнее об этом расскажем в блоге. А ещё о том, как небольшой командой мы создаём и продвигаем продукт для знакомств и общения людей оффлайн, что кроется в закулисье онлайн-работы, и как всё-таки знакомиться и строить гармоничные отношения в эпоху глобальной цифровизации.",
        "Industries": [
            "Связь и телекоммуникации",
            "Веб-сервисы",
            "Игры и развлечения"
        ],
        "Rating": 6.91,
        "Subscribers": 10.0,
        "Hubs": [
            "Управление сообществом",
            "Социальные сети и сообщества",
            "Развитие стартапа",
            "Бизнес-модели",
            "Научно-популярное"
        ],
        "Profile": "https://habr.com/ru/companies/fitil/profile/",
        "Articles": [
            {
                "title": "Принцип мягкой силы в руководстве стартапом",
                "description": "Текст статьи не удалось получить",
                "data": "2023-07-20, 10:11",
                "rating": -3
            },
            {
                "title": "Fitil о психологии: как чувствовать себя уверенно в незнакомой компании",
                "description": "Текст статьи не удалось получить",
                "data": "2023-07-12, 21:51",
                "rating": -2
            },
            {
                "title": "Любовь и наука: это match",
                "description": "Текст статьи не удалось получить",
                "data": "2023-07-07, 10:53",
                "rating": 3
            },
            {
                "title": "Как бренду построить своё комьюнити? Рассказываем на примере сообщества Fitil",
                "description": "Текст статьи не удалось получить",
                "data": "2023-06-29, 15:21",
                "rating": 0
            },
            {
                "title": "Знакомьтесь с Fitil. История проекта для поиска дружбы и отношений в оффлайне",
                "description": "Текст статьи не удалось получить",
                "data": "2023-06-26, 10:20",
                "rating": 0
            }
        ]
    },
    "Quillis": {
        "Description": "Простая аналитика для принятия сложных решений",
        "About": "Аналитический консалтинг и визуализация больших данных\nОсновные направления бизнеса:\n• Аналитический консалтинг – предоставляем услуги, позволяющие организациям принимать оптимальные решения на основе существующих данных и продвинутой аналитики\n• Разработка продуктов – разрабатываем собственные решения по анализу и визуализации данных",
        "Industries": [
            "Веб-разработка",
            "Программное обеспечение",
            "Консалтинг и поддержка"
        ],
        "Rating": 6.91,
        "Subscribers": 9.0,
        "Hubs": [
            "Исследования и прогнозы в IT",
            "Управление персоналом",
            "Карьера в IT-индустрии",
            "IT-компании"
        ],
        "Profile": "https://habr.com/ru/companies/quillis/profile/",
        "Articles": [
            {
                "title": "Мягкость – сестра таланта: soft skills как важнейшая точка роста специалиста",
                "description": "Текст статьи не удалось получить",
                "data": "2023-06-07, 20:10",
                "rating": 3
            }
        ]
    },
    "Smotion": {
        "Description": "Компания",
        "About": "Бутиковая студия разработки веб и мобильных решений.\nНаше дело — ремесло, воплощаем идеи в коде и в жизни.\n\nФлагманский продукт — shlang.io, сервис для изучения иностранных языков через фильмы и книги.",
        "Industries": [
            "Веб-разработка",
            "Дизайн и юзабилити",
            "Мобильные технологии"
        ],
        "Rating": 6.72,
        "Subscribers": 13.0,
        "Hubs": "Хабы компании не удалось получить",
        "Profile": "https://habr.com/ru/companies/smotion/profile/",
        "Articles": []
    },
    "Всемирный фонд природы": {
        "Description": "Компания",
        "About": "18+. НАСТОЯЩИЙ МАТЕРИАЛ ПРОИЗВЕДЕН И РАСПРОСТРАНЕН ВСЕМИРНЫМ ФОНДОМ ПРИРОДЫ, ВНЕСЕННЫМ В РЕЕСТР ИНОСТРАННЫХ АГЕНТОВ, ЛИБО КАСАЕТСЯ ДЕЯТЕЛЬНОСТИ ВСЕМИРНОГО ФОНДА ПРИРОДЫ, ВНЕСЕННОГО В РЕЕСТР ИНОСТРАННЫХ АГЕНТОВ.\n\nВсемирный фонд природы — российская национальная природоохранная организация, поддерживаемая более 1 500 000 сторонников по всей стране. Наша миссия — сохранить биологическое разнообразие в гармонии человека и природы.\n\nУже 29 лет мы вместе с партнерами занимаемся защитой редких видов животных и сохранением дикой природы России. При нашем участии за это время:\nреализовано более 1500 полевых проектов для сохранения природных богатств нашей страны;\nсоздано и расширено более 145 федеральных и региональных особо охраняемых природных территорий общей площадью 72 миллиона гектаров;\nв природу возвращены зубры: сегодня в лесах европейской части России свободно пасутся более 1300 чистокровных животных;\nпервые леопарды выпущены в дикую природу Российского Кавказа: вместе с партнерами реализуется программа по восстановлению популяции переднеазиатского леопарда;\nсоздана сеть «медвежьих патрулей» для сохранения белых медведей и предотвращения конфликтов человека и редкого хищника\nи многое другое.\n\nСохранение природы — это непрерывный и долгий процесс. И его нельзя поставить на паузу. Прямо сейчас нам нужна ваша помощь.",
        "Industries": [
            "Некоммерческие организации"
        ],
        "Rating": 6.35,
        "Subscribers": 9.0,
        "Hubs": "Хабы компании не удалось получить",
        "Profile": "https://habr.com/ru/companies/wwf-russia/profile/",
        "Articles": []
    },
    "AlliesVerse": {
        "Description": "Компания",
        "About": "Saas-платформа для управления бизнесом. Все необходимые бизнес-инструменты в одном окне 🤌",
        "Industries": [
            "Программное обеспечение",
            "Оптимизация",
            "Веб-сервисы"
        ],
        "Rating": 6.23,
        "Subscribers": 8.0,
        "Hubs": "Хабы компании не удалось получить",
        "Profile": "https://habr.com/ru/companies/av/profile/",
        "Articles": []
    },
    "MoscowCSS митап": {
        "Description": "Компания",
        "About": "",
        "Industries": [
            "Веб-разработка",
            "Некоммерческие организации"
        ],
        "Rating": 6.23,
        "Subscribers": 8.0,
        "Hubs": "Хабы компании не удалось получить",
        "Profile": "https://habr.com/ru/companies/moscowcss/profile/",
        "Articles": []
    },
    "TEAMLY": {
        "Description": "Компания",
        "About": "Разрабатываем универсальную платформу для управления знаниями\nВыкатываем большой пакет обновлений 2 раза в год\nВнедряем TEAMLY в компании разного масштаба: от госкорпораций до малого бизнеса\nПопуляризируем культуру управления корпоративными знаниями\nОрганизовываем собственные конференции с экспертами отрасли",
        "Industries": [
            "Программное обеспечение",
            "Веб-сервисы"
        ],
        "Rating": 5.38,
        "Subscribers": 6.0,
        "Hubs": [
            "Исследования и прогнозы в IT",
            "Облачные сервисы",
            "Искусственный интеллект",
            "Управление проектами",
            "Научно-популярное"
        ],
        "Profile": "https://habr.com/ru/companies/teamly/profile/",
        "Articles": [
            {
                "title": "Просто о сложном: систематизация знаний с помощью онтологий на примере борща и бетона",
                "description": "Текст статьи не удалось получить",
                "data": "2023-07-21, 08:58",
                "rating": 0
            },
            {
                "title": "Как мы внедрили свою же базу знаний в команду разработки базы знаний: какую придумали структуру, шаблоны и инструменты",
                "description": "Текст статьи не удалось получить",
                "data": "2023-07-13, 09:28",
                "rating": 2
            },
            {
                "title": "Будущее управления знаниями: что можно внедрить сейчас с прицелом на перспективу",
                "description": "Текст статьи не удалось получить",
                "data": "2023-07-06, 15:29",
                "rating": -4
            }
        ]
    },
    "Отдел контент-продуктов IT-бренда": {
        "Description": "Компания",
        "About": "Мы делаем контент для корпоративных блогов Хабра",
        "Industries": [
            "Реклама и маркетинг",
            "Рекрутинг и HR",
            "Производство мультимедиа-контента"
        ],
        "Rating": 2.94,
        "Subscribers": 17.0,
        "Hubs": "Хабы компании не удалось получить",
        "Profile": "https://habr.com/ru/companies/habrabrand/profile/",
        "Articles": []
    },
    "Кооператив «Рад Коп»": {
        "Description": "Компания",
        "About": "Рад Коп — это первый в России производственный кооператив специалистов по информационной безопасности, выросший из творческого союза группы фрилансеров. Мы любим необычные и требовательные к знаниям и навыкам людей задачи, а наша главная специализация — в отсутствии таковой.\n\nБолее подробно о нашей философии, организации и спектре услуг можно узнать из материалов конференций: arhe.msk.ru/coop-days, youtu.be/Ntd_UnljGSg, а также на сайте кооператива.",
        "Industries": [
            "Консалтинг и поддержка",
            "Некоммерческие организации",
            "Информационная безопасность"
        ],
        "Rating": 2.4,
        "Subscribers": 11.0,
        "Hubs": "Хабы компании не удалось получить",
        "Profile": "https://habr.com/ru/companies/radcop/profile/",
        "Articles": []
    },
    "Окама": {
        "Description": "Компания",
        "About": "Окама — проект по математике финансов и инвестиций (Quantitative Finance).\n\nokama — Python open source библиотека с инструментами для анализа инвестиционных портфелей и ценных бумаг. Проект опирается на рекомендации CFA (Chartered Financial Analyst) в области Современной теории портфеля и анализа временных рядов.\n\nБД okama — бесплатная база финансово-экономических данных содержит историю цен и дивидендов по ценных бумагам (NYSE, NASDAQ, MOEX, LSE и другие фондовые рынке), товарных активов, биржевых индексов, валют и криптовалют. В базу данных входят макроэкономические показатели: ВВП, инфляция, ставки ЦБ и другие показатели различных стран.\n\nokama.io — это сайт с финансовыми виджетами для инвесторов и финансовых советников.",
        "Industries": [
            "Программное обеспечение",
            "Оптимизация",
            "Веб-сервисы"
        ],
        "Rating": 2.3,
        "Subscribers": 10.0,
        "Hubs": "Хабы компании не удалось получить",
        "Profile": "https://habr.com/ru/companies/okama/profile/",
        "Articles": []
    },
    "Creative Commons": {
        "Description": "Компания",
        "About": "Планируемая деятельность:\nСоздание отделения Creative Commons, некоммерческого сообщества юристов и других экспертов в публичных лицензиях, в т.ч. свободных лицензиях, в России и других постсоветских странах.\n\nТемы публикаций:\nИстория, применение, развитие и популяризация лицензий Creative Commons, новости публичных лицензий в России, СНГ и мире, инструкции и другие типы публикаций о свободном контенте, открытых данных, открытой науке, открытых образовательных ресурсах, открытом образовании, доступе к научным публикациям по модели Open Access, открытом доступ к культуре (openGLAM), юридических аспектах публичных лицензий, свободных лицензий и open source в широком смысле.\n\nЯ бывший сотрудник прошлой партнёрской организации CC в России и первый член Creative Commons Global Network в России. В декабре я публично выступил с инициативой о создании отделений Creative Commons в России и других постсоветских странах. Спасибо Хабру за поддержку.\nhabr.com/ru/articles/708728\n\nПодтверждение:\nnetwork.creativecommons.org/members/alexander\nhsto.org/r/w1560/webt/dp/mo/i9/dpmoi9uflwgqbh8rfxx0cir_pzg.jpeg\n\nОтделение — самостоятельное сообщество людей без образования юрлица (чем-то напоминает Linux User Group), но с возможностью создания впоследствии. Американское юрлицо Creative Commons не имеет отношения к деятельности отделений (кроме товарного знака), не оказывало в прошлом и не будет оказывать никакую помощь, включая финансовую. У Creative Commons Global Network собственное руководство, отличное от руководства американского юрлица.\n\nТоварный знак разрешено использовать членам CCGN согласно Уставу и для содействия выполнения миссии Creative Commons. Согласно Уставу CCGN:\n\n«Как члену Creative Commons Global Network, вам не нужно обращаться за разрешением на осуществление деятельности, которая способствует выполнению миссии Creative Commons.»\n\n«Creative Commons устанавливает правила в отношении своих товарных знаков и доменных имен, использования своих интернет-служб, включая субдомены и тому подобное. Большинством этих правил вам заранее предоставляется разрешение, вместо того, чтобы требовать от вас предварительного получения разрешения в качестве Члена Creative Commons Global Network или другого участника.»",
        "Industries": [
            "СМИ",
            "Консалтинг и поддержка",
            "Некоммерческие организации"
        ],
        "Rating": 1.79,
        "Subscribers": 6.0,
        "Hubs": "Хабы компании не удалось получить",
        "Profile": "https://habr.com/ru/companies/creativecommons/profile/",
        "Articles": []
    }
}