[
    {
        "title": "Готовим экспертов: совместная с ВШЭ магистерская программа «Внедрение и оптимизация комплексных информационных систем»",
        "description": "Текст статьи не удалось получить",
        "data": "2023-07-20, 11:43",
        "rating": 5
    },
    {
        "title": "Бесчеловечная работа с документами",
        "description": "Текст статьи не удалось получить",
        "data": "2022-11-03, 10:29",
        "rating": 22
    },
    {
        "title": "Как мы контролируем работу облаков с тысячами виртуальных машин и сотнями тысяч приложений",
        "description": "Текст статьи не удалось получить",
        "data": "2022-09-08, 11:13",
        "rating": 6
    },
    {
        "title": "Быстро сжимаем, быстро пишем и читаем! На Java",
        "description": "В ходе разработки IDE 1С:Enterprise Development Tools у нас возникла необходимость быстро оперировать с довольно большими (несколько гигабайтов) объемами данных. Если не вдаваться в детали: при интерактивной работе пользователя с IDE при переключении с одной ветки репозитория на другую нам нужно сохранить текущее состояние проекта и загрузить состояние проекта из новой ветки. Детали (и объяснение – почему счет идет на гигабайты) — в конце статьи, непосредственно к Java это отношения не имеет, кому интересно – прочтет. Ну а что касается Java, то задача выглядит так: быстро сохранить несколько гигабайт информации на диск и быстро считать несколько гигабайт информации с диска. Как мы решали эту задачу, с какими трудностями столкнулись и как их преодолели – под хабракатом.",
        "data": "2022-08-04, 14:20",
        "rating": 17
    },
    {
        "title": "Архитектура аналитических систем на платформе 1С",
        "description": "Текст статьи не удалось получить",
        "data": "2022-07-07, 10:05",
        "rating": 16
    },
    {
        "title": "По следам Hiring day",
        "description": "30 марта Фирма 1С провела первый онлайн Java/С++/C#/TS/JS Hiring day для Middle, Senior Developers.\nМы ставили перед собой 2 основные цели:\n1. Многие считают, что программисты в 1С занимаются исключительно созданием учетных программ, что, на самом деле, неверно – в основе прикладной разработки лежит инновационная low-code платформа 1С:Предприятие – которую тоже разрабатываем мы.\nВ рамках данного мероприятия наши тимлиды рассказали о решаемых задачах и выполняемых проектах.\n2. В планах было привлечь разработчиков уровня middle и senior и архитекторов на собеседования в 1С.\nДля junior разработчиков мы организуем отдельные мероприятия.",
        "data": "2022-04-29, 09:35",
        "rating": 0
    },
    {
        "title": "Работа в Highload командах 1С сейчас: Java/С++/ C#/TS/JS  Hiring day",
        "description": "Текст статьи не удалось получить",
        "data": "2022-03-25, 12:36",
        "rating": 3
    },
    {
        "title": "Фирма «1С» приглашает на конференцию для системных разработчиков 1C:SysDevCon.2",
        "description": "Текст статьи не удалось получить",
        "data": "2022-01-24, 12:43",
        "rating": 3
    },
    {
        "title": "Как мы используем LLVM для ускорения формирования отчётов",
        "description": "Текст статьи не удалось получить",
        "data": "2022-01-13, 11:38",
        "rating": 27
    },
    {
        "title": "Как мы запустили программу на Java без JavaVM",
        "description": "Всем привет! В этой статье мы расскажем о том, как технология GraalVM Native Image помогла нам решить ряд задач в одном из наших новых продуктов, написанном на Java, расскажем о проблемах, с которыми столкнулись в ходе применения этой технологии, и о том, как эти проблемы решали.",
        "data": "2021-07-08, 10:09",
        "rating": 14
    },
    {
        "title": "Фирма «1С» приглашает вас принять участие в нашей первой конференции для системных разработчиков",
        "description": "Всем добрый день!\n\nФирма «1С» приглашает вас принять участие в нашей первой конференции для системных\nразработчиков, которая пройдет 23 января в онлайн-формате.\n\nНаверное, вы сейчас думаете «да 1С это ж бухгалтерия, какая системная разработка?»\n\nА вот, на самом деле, мы как раз о системной разработке знаем многое и у нас есть много\nинтересных тем, которыми нам хочется поделиться.\n\nНапример, знаете ли Вы, что среди технологий 1С есть высоконагруженный кластер, с\nпродвинутой балансировкой нагрузки и обеспечением отказоустойчивости?\n\nИли зачем нам вдруг понадобилось использовать NoSQL DB при разработке собственной IDE? (Да-да, у нас есть собственная IDE, да не одна, а целых три!)",
        "data": "2021-01-15, 11:17",
        "rating": 10
    },
    {
        "title": "1С справа налево: как мы поддержали RTL в платформе 1С: Предприятие",
        "description": "Платформа 1С:Предприятие локализована на 22 языка, включая английский, немецкий, французский, китайский, вьетнамский. Недавно, в версии 8.3.17, мы поддержали арабский язык.\n\nОдна из особенностей арабского языка в том, что текст на нём пишут и читают справа налево. UI для арабского языка надо отображать зеркально по горизонтали (но не всё и не всегда – тут есть тонкости), контекстное меню открывать слева от курсора и т.п.\n\nПод катом – о том, как мы поддержали RTL (right-to-left) в веб-клиенте платформы 1С:Предприятие, а ещё – одна из гипотез, объясняющая, почему арабский мир пишет справа налево.",
        "data": "2020-07-30, 11:55",
        "rating": 16
    },
    {
        "title": "Проверяем на самих себе: как развернут и как администрируется 1С: Документооборот внутри компании 1С",
        "description": "Мы в фирме 1С широко используем собственные разработки для организации работы компании. В частности, «1С:Документооборот 8». Помимо управления документами (как следует из названия) это ещё и современная ECM-система (Enterprise Content Management — управление корпоративным контентом) с широким набором функциональных возможностей – почта, рабочие календари сотрудников, организация совместного доступа к ресурсам (например, бронирование переговорных), учёт рабочего времени, корпоративный форум и многое другое.\n\nВ фирме 1С документооборотом пользуется более тысячи сотрудников. База данных стала уже внушительной (11 млрд. записей), а это значит, что она требует более тщательного ухода и более мощного оборудования.\n\nКак устроена работа нашей системы, с какими сложностями при обслуживании базы мы сталкиваемся и как их решаем (в качестве СУБД мы используем MS SQL Server) – расскажем в статье.\n\nДля тех, кто впервые читает про продукты 1С.\n1С:Документооборот — это прикладное решение (конфигурация), реализованное на базе фреймворка для разработки бизнес-приложений — платформе 1С:Предприятие.",
        "data": "2020-04-10, 11:06",
        "rating": 15
    },
    {
        "title": "Про кластер серверов 1С",
        "description": "Кластер — это разновидность параллельной\nили распределённой системы, которая:\n1. состоит из нескольких связанных\nмежду собой компьютеров;\n2. используется как единый,\nунифицированный компьютерный ресурс\n\nGregory F. Pfister, «In search of clusters».\n\nДано: есть бизнес-приложение (например, ERP-система), с которым работают одновременно тысячи (возможно, десятки тысяч) пользователей.\n\nТребуется:\nСделать приложение масштабируемым, чтобы при увеличении количества пользователей можно было за счёт наращивания аппаратных ресурсов обеспечить необходимую производительность приложения.\nСделать приложение устойчивым к выходу из строя компонентов системы (как программных, так и аппаратных), потере связи между компонентами и другим возможным проблемам.\nМаксимально эффективно задействовать системные ресурсы и обеспечить нужную производительность приложения.\nСделать систему простой в развертывании и администрировании.\n\nЧтобы решить эти задачи, мы в платформе 1С:Предприятие используем кластерную архитектуру.\n\nК желаемому результату мы пришли не сразу.\n\nВ этой статье расскажем о том, какие бывают кластеры, как мы выбирали подходящий нам вид кластера и о том, как эволюционировал наш кластер от версии к версии, и какие подходы позволили нам в итоге создать систему, обслуживающую десятки тысяч одновременных пользователей.",
        "data": "2020-03-19, 11:00",
        "rating": 9
    },
    {
        "title": "Финал WorldSkills, разработка IT-решений для бизнеса — что это, как это было и почему там победили 1С-программисты",
        "description": "WorldSkills — это международное движение, занимающееся проведением профессиональных соревнований для молодых людей в возрасте до 22 лет.\n\nМеждународный финал проводится раз в два года. В этом году местом проведения финала стала Казань (прошлый финал был в 2017 году в Абу-Даби, следующий будет в 2021 году в Шанхае).\n\nЧемпионаты WorldSkills — это самые большие мировые чемпионаты профессионального мастерства. Начались они с рабочих профессий, а в последние годы все больше внимания уделяется “профессиям будущего”, включая IT-дисциплины, под которые на чемпионате в Казани был выделен отдельный огромный кластер.\n\n\n\nВ IT-блоке есть компетенция (конкретный «вид спорта») под названием «Программные решения для бизнеса» (IT Software Solutions for Business).\n\nВ каждом из соревнований ограничивается разрешенный список используемых инструментов. И если, например, для «ландшафтного дизайна» ограничивается именно список возможных инструментов (конечно, без указания явного производителя или цвета), то в компетенции «Программные решения для бизнеса» список допущенных технологий, которые могут использовать участники, жестко ограничен с указанием конкретных технологий и конкретных платформ (.NET и Java с определенным набором фреймворков).\n\nПозиция фирмы 1С по этому вопросу следующая: информационные технологии – это очень динамичная область, в мире постоянно появляются новые технологии и средства разработки. С нашей точки зрения правильно позволить специалистам использовать те инструменты, с которыми они хотят и привыкли работать.\n\nОсенью 2018 г дирекция WorldSkills услышала нас. Теперь предстояло обкатать методику включения новых технологий в соревнования. Это непросто.\n\nВ инфраструктурный лист чемпионата в Казани включили платформу 1С:Предприятие (1С:Enterprise) и организовали экспериментальную площадку IT Software Solutions for Business Sandbox.",
        "data": "2019-10-29, 11:11",
        "rating": 9
    },
    {
        "title": "Опыт использования flatten-maven-plugin для упрощения версионирования в maven-проектах",
        "description": "О нас\n\nВ 1С мы разрабатываем не только платформу 1С: Предприятие на С++ и JavaScript, но и приложения на Java – в частности новую среду разработки Enterprise Development Tools на базе Eclipse и сервер глубоко интегрированного с платформой мессенджера – Системы Взаимодействия.\n\nВступление\n\nВ качестве системы сборки Java-приложений чаще всего мы используем maven, и в этой небольшой статье хотели бы рассказать об одной из проблем, с которой пришлось столкнуться в процессе организации разработки, и о подходе, позволившем эту проблему преодолеть.",
        "data": "2019-04-26, 11:02",
        "rating": 10
    },
    {
        "title": "Каких мы ищем разработчиков для разработки платформы 1С: Предприятие",
        "description": "Наша мечта — делать лучший в мире инструментарий для разработки бизнес-приложений. У нас очень много отличных идей, реализация которых позволяет нам эту мечту осуществлять, развивать наши инструменты, чтобы оставаться лучшими. Ну а чтобы воплощать эти идеи на должном уровне, нам нужны классные программисты.\n\nЕсли коротко ищем тех, кто:\n\nлюбит (или готов полюбить) делать тиражируемые фреймворки\nхочет делать продукт, которым пользуются миллионы людей\n\nЧтобы показать детальнее, каких разработчиков мы ищем и как, мы взяли короткие интервью у нанимающих менеджеров нашей компании. Вопросы в ходе интервью задавались такие:\n\nКакие вам нужны разработчики?\nЧто спрашиваете на интервью?\nКакие вопросы предпочитаете на интервью – теоретические или практические?\nДолжен ли программист писать тесты?\nЗадаете ли вопросы не из профессиональной сферы деятельности?\nЗадаете ли логические задачи на сообразительность, не связанные непосредственно с программированием? Типа задачи про шарик с гелием в машине:\n\n\nВ каких областях у нас могут работать программисты в разработке платформы? Ну например:",
        "data": "2018-12-11, 10:45",
        "rating": -17
    },
    {
        "title": "Как мы перевели 10 миллионов строк кода C++ на стандарт C++14 (а потом и на C++17)",
        "description": "Некоторое время назад (осенью 2016), при разработке очередной версии технологической платформы 1С:Предприятие внутри команды разработки встал вопрос о поддержке нового стандарта C++14 в нашем коде. Переход на новый стандарт, как мы предполагали, позволил бы нам писать многие вещи элегантней, проще и надежней, упрощал поддержку и сопровождение кода. И в переводе вроде бы нет ничего экстраординарного, если бы не масштабы кодовой базы и специфические особенности нашего кода.\n\nДля тех кто не знает, 1С:Предприятие – это среда для быстрой разработки кросс-платформенных бизнес-приложений и runtime для их выполнения в разных ОС и СУБД. В общих чертах в состав продукта входят:\n\nКластер серверов приложений, работает на Windows и Linux\nКлиент, работающий с сервером по http(s) или по собственному бинарному протоколу, работает на Windows, Linux, macOS\nВеб-клиент, работающий в браузерах Chrome, Internet Explorer, Microsoft Edge, Firefox, Safari (написан на JavaScript)\nСреда разработки (Конфигуратор), работает на Windows, Linux, macOS\nИнструменты администрирования серверов приложений, работают на Windows, Linux, macOS\nМобильный клиент, подключающийся к серверу по http(s), работает на мобильных устройствах под управлением Android, iOS, Windows\nМобильная платформа — фреймворк для создания оффлайновых мобильных приложений с возможностью синхронизации, работающих на Android, iOS, Windows\nСреда разработки 1C:Enterprise Development Tools, написана на Java\nСервер Системы Взаимодействия\n\nМы стараемся по максимуму писать один код для разных ОС — кодовая база сервера общая на 99%, клиента — примерно на 95%. Технологическая платформа 1С:Предприятие преимущественно написана на C++ и ниже приведены приблизительные характеристики кода:\n\n10 миллионов строк С++ кода,\n14 тысяч файлов,\n60 тысяч классов,\nполмиллиона методов.\n\nИ все это хозяйство надо было перевести на C++14. О том, как мы это делали и с чем столкнулись в процессе, мы сегодня и расскажем.",
        "data": "2018-11-13, 10:26",
        "rating": 72
    },
    {
        "title": "Интеграция HTML движка в нативное Windows приложение – выбор и архитектура",
        "description": "Как мы перевели работу с HTML в 1С:Предприятии с Internet Explorer на WebKit\n\nВозможность отображать HTML в формах 1С появилась в платформе 1С:Предприятие в 2003 г. версии 8.0. Для работы с HTML в платформе использовался движок браузера Internet Explorer (1С:Предприятие на тот момент работало только под Windows). Движок браузера использовался платформой для утилитарных целей. Например, писать с нуля полноценный элемент для редактирования текста а-ля Word – с возможностью различных цветовых и шрифтовых решений, вставки картинок и т.д. – весьма непростая задача. А если задействовать для этих целей HTML и использовать в качестве средства отображения движок интернет-браузера, то задача сильно упрощается. Также при помощи движка был реализован ряд других механизмов (например, отображение справочной информации) и элементов (например, Планировщик).\n\nНу а возможность для разработчиков прикладных решений отображать с помощью HTML нестандартный, по меркам мира учетных систем, дизайн позволяла иногда привносить разнообразные приятные изюминки в интерфейс бизнес-приложений.\n\nВремя шло, платформа стала поддерживать сначала Linux, а потом и macOS. Для работы с HTML в этих ОС Internet Explorer не подходил по понятным причинам; в Linux нами был задействован WebKitGTK+, а в macOs — библиотека на основе Cocoa. Таким образом, единство кодовой базы для разных ОС (которое мы стараемся поддерживать для клиентского кода на уровне 95%) в этой области было нарушено. Ну и движок IE к этому времени стал источником ряда проблем.",
        "data": "2018-10-09, 10:29",
        "rating": 14
    },
    {
        "title": "Как и зачем мы написали высоконагруженный масштабируемый сервис для 1С: Предприятия: Java, PostgreSQL, Hazelcast",
        "description": "В этой статье расскажем о том, как и для чего мы разработали Систему Взаимодействия – механизм, передающий информацию между клиентскими приложениями и серверами 1С:Предприятия – от постановки задачи до продумывания архитектуры и деталей реализации.\n\nСистема Взаимодействия (далее – СВ) – это распределенная отказоустойчивая система обмена сообщениями с гарантированной доставкой. СВ спроектирован как высоконагруженный сервис с высокой масштабируемостью, доступен и как онлайновый сервис(предоставляется фирмой 1С), и как тиражный продукт, который можно развернуть на своих серверных мощностях.\n\nСВ использует распределенное хранилище Hazelcast и поисковую систему Elasticsearch. Еще речь пойдет о Java и о том, как мы горизонтально масштабируем PostgreSQL.",
        "data": "2018-09-11, 10:03",
        "rating": 11
    },
    {
        "title": "Как мы в «1С: Предприятии» решаем системы алгебраических уравнений",
        "description": "Работа с числовыми матрицами в целом и решение систем линейных алгебраических уравнений в частности — классическая математическая и алгоритмическая задача, широко используемая при моделировании и расчёте огромного класса бизнес-процессов (например, при расчёте себестоимости). При создании и эксплуатации конфигураций «1С:Предприятия» многие разработчики сталкивались с необходимостью вручную реализовывать алгоритмы расчёта СЛАУ, а после — с проблемой длительного ожидания решения.\n\n«1С:Предприятие» 8.3.14 будет содержать функциональность, позволяющую значительно сократить время решения систем линейных уравнений за счёт использования алгоритма, основанного на теории графов.\n\nОн оптимизирован для использования на данных, имеющих разреженную структуру (то есть содержащие не более 10% ненулевых коэффициентов в уравнениях) и в среднем и в лучшем случаях демонстрирует асимптотику Θ(n⋅log(n)⋅log(n)), где n — количество переменных, а в худшем (при заполненности системы ~100%) его асимптотика сопоставима с классическими алгоритмами ( Θ(n3)). При этом на системах, имеющих ~105 неизвестных, алгоритм показывает ускорение в сотни раз по сравнению с реализованными в специализированных библиотеках линейной алгебры (например, superlu или lapack).\n\n\nВажно: статья и описанный алгоритм требуют понимания линейной алгебры и теории графов на уровне первого курса университета.",
        "data": "2018-08-14, 11:12",
        "rating": 9
    },
    {
        "title": "Автоматизация при разработке платформы «1С: Предприятие»",
        "description": "В этой статье пойдет речь о том, как мы автоматизируем процессы разработки и тестирования технологической платформы «1С:Предприятие 8». Платформа «1С:Предприятие 8» — набор инструментов для создания бизнес-приложений и среда их выполнения. Это большой (более десятка миллионов строк кода) проект на С++, Java и JavaScript. Над ним трудятся десятки программистов, одновременно разрабатывающие и поддерживающие до 10 различных версий продукта.\n\nПлатформа работает на различных версиях ОС и БД:\n\nОС: Windows, Linux, macOS\nСУБД: MS SQL, PostgreSQL, IBM DB2, Oracle, файловая СУБД собственной разработки\nМобильные ОС: Android, iOS, Windows\n\nПоддерживает несколько видов клиентов:\n\nТонкий клиент\nТолстый клиент\nВеб-клиент (Internet Explorer, Microsoft Edge, Chrome, Firefox, Safari)\nМобильный клиент\n\nУчитывая, что надо поддерживать целый ряд версий вышеперечисленных ОС, СУБД и браузеров, тестирование платформы становится нетривиальной задачей.",
        "data": "2018-03-30, 11:43",
        "rating": 16
    },
    {
        "title": "«Открытое Воскресенье» на партнерском семинаре «1С»",
        "description": "Стало уже доброй традицией организовывать «Открытое воскресенье» в рамках осеннего партнерского семинара «1С». В этот день мероприятие могут посетить все, кому интересны наши технологии и решения. В этом году мы также будем ждать всех желающих, зарегистрировавшихся на мероприятие, 1 октября в концертном зале гостиницы «Космос» (Москва, проспект Мира, дом 150).\n\nВ рамках «Открытого воскресенья» специалисты, занимающиеся внедрениями и разработкой программных продуктов, смогут прослушать доклады ведущих разработчиков платформы, прикладных решений и сервисов «1С: Предприятия», а также лично пообщаться на вернисаже с разработчиками фирмы 1С и партнерами, авторами тиражных решений 1С-Совместно.",
        "data": "2017-09-25, 18:42",
        "rating": 5
    },
    {
        "title": "Отчетность в 1С: Система Компоновки Данных (СКД), идея и архитектура",
        "description": "Одна из самых важных областей бизнес-софта – это отчетность. От того, насколько легко настроить под меняющиеся потребности бизнеса (и законодательства) существующий отчет или сделать новый, может зависеть (причем не в переносном смысле!) судьба бизнеса, будь то отчет для налоговой инспекции или диаграмма зависимости спроса на товары от сезона и других факторов. Мощная и гибкая система отчетности, позволяющая легко извлечь из системы нужные данные, представить их в доступном для понимания виде, позволяющая конечному пользователю перенастроить стандартный отчет так, чтобы увидеть данные в новом свете – это идеал, к которому должна стремиться каждая бизнес-система.\n\nВ платформе «1С:Предприятие» за построение отчётов отвечает механизм под названием «Система компоновки данных» (сокращенно СКД). В этой статье мы постараемся дать краткое описание идеи и архитектуры механизма СКД и его возможностей.",
        "data": "2017-08-24, 10:23",
        "rating": 18
    },
    {
        "title": "Как мы в 1С: Предприятии работаем с моделями данных (или «Почему мы не работаем с таблицами?»)",
        "description": "В этой статье мы хотим рассказать о том, какая модель работы с данными выбрана в платформе 1С:Предприятия и почему.\n\nДля бизнес-приложений работа с данными — это очень важный архитектурный вопрос. Так или иначе, но вся работа приложения строится вокруг данных. Причем, если в некоторых классах программных систем данные носят вспомогательный характер, то в бизнес-приложениях данные являются основным содержанием решаемых задач.\n\nЗдесь (в этой статье) мы говорим не о техническом аспекте хранения и манипулирования данными, а об описании данных как способе проектирования приложения. Почему же данные так важны для бизнес-приложений?",
        "data": "2017-07-25, 10:43",
        "rating": 18
    },
    {
        "title": "История одного приложения: мобильное «1С: Управление нашей фирмой»",
        "description": "На примере мобильного приложения «1С:Управление нашей фирмой» (сокращенно УНФ) я хочу показать эволюцию мобильного бизнес-приложения от его возникновения и выхода самой первой версии до сегодняшнего дня. Сейчас у этого приложения более 220 000 скачиваний; приложение бесплатное, но в нем есть платные опции (реализованные через встроенные покупки).",
        "data": "2017-06-26, 11:31",
        "rating": 9
    },
    {
        "title": "Опрос по качеству платформы «1С: Предприятие 8»",
        "description": "Коллеги, нужна помощь тех из вас, кто работает с платформой «1С: Предприятие 8». Платформа 8.3.9 вышла довольно давно, многие из вас уже работают с ней, а некоторые успели попробовать и недавно вышедшую 8.3.10. Примите, пожалуйста, участие в опросе по качеству платформы версий 8.3.8, 8.3.9, 8.3.10: ссылка.\n\nВаши отзывы важны для нас, будем использовать их в работе над улучшением качества наших продуктов.\n\nЗаранее спасибо за помощь!",
        "data": "2017-05-29, 10:33",
        "rating": -9
    },
    {
        "title": "Как разрабатываются отраслевые и специализированные решения для 1С:ERP",
        "description": "В этой статье мы попытаемся рассказать, как с помощью удаленных и территориально распределенных команд мы наладили процесс выпуска прикладных решений, расширяющих функциональность нашего продукта «1С:ERP Управление предприятием 2».",
        "data": "2017-05-19, 09:53",
        "rating": 15
    },
    {
        "title": "Про multitenancy",
        "description": "К сожалению, у этого термина нет хорошего русскоязычного аналога. «Википедия» дает перевод «мультиарендность, множественная аренда». Иногда это называют «множественным владением». Эти термины могут несколько путать, так как предмет не связан по сути ни с арендой, ни с владением. Это вопрос именно архитектуры программного обеспечения и организации его эксплуатации. Причем последнее не менее важно.\n\nМы начали формировать наше понимание multitenancy одновременно с тем, как начали проектировать подход к облачной (сервисной) модели работы «1С:Предприятия». Это было несколько лет назад. И с тех пор наше понимание постоянно расширяется. Мы постоянно обнаруживаем у этого предмета все новые и новые аспекты (плюсы, минусы, сложности, особенности и т.п.).",
        "data": "2017-04-18, 11:42",
        "rating": 13
    },
    {
        "title": "Eclipse как технологическая платформа для 1C:Enterprise Development Tools",
        "description": "Наверное, Eclipse давно уже не нуждается в особом представлении. Многие знакомы с Eclipse благодаря Eclipse Java development tools (JDT). Именно эта популярная open-source Java IDE ассоциируется у большинства разработчиков со словом “Eclipse”. Однако Eclipse – это и расширяемая платформа для интеграции средств разработки (Eclipse Platform), и целый ряд IDE, построенных на ее основе, в том числе JDT. Eclipse – это и Eclipse Project, проект верхнего уровня, координирующий разработку Eclipse Platform и JDT, и Eclipse SDK – поставляемый результат этой разработки. Наконец, Eclipse – это open-source Foundation с огромным сообществом проектов, далеко не все из которых написаны на Java или имеют отношение к средствам разработки (например, проекты Eclipse IoT и Eclipse Science). Мир Eclipse очень многообразен.\n\nВ данной статье, обзорной по своему характеру, мы попробуем рассмотреть некоторые основы архитектуры Eclipse как платформы для построения интегрированных средств разработки и дать начальное представление о компонентах Eclipse, образующих фундамент технологической платформы для «нового Конфигуратора» 1C: Предприятие, 1C:Enterprise Development Tools. Разумеется, такое рассмотрение неизбежно будет во многом поверхностным и довольно ограниченным, в том числе и потому, что мы ориентируемся не только на Eclipse-разработчиков в качестве целевой аудитории. Впрочем, надеемся, что даже опытные разработчики Eclipse смогут найти в статье интересную для себя информацию. Например, мы расскажем об одном из «секретов Eclipse», относительно новом и малоизвестном пока проекте Eclipse Handly, который был основан и поддерживается фирмой 1C.",
        "data": "2017-03-09, 12:07",
        "rating": 12
    },
    {
        "title": "Кастомизации в 1С",
        "description": "О кастомизациях вообще\n\nПотребность в кастомизации программного обеспечения, т.е. его изменения под нужды конкретного пользователя, появилась, наверное, одновременно с самим программным обеспечением. Трудно написать программу, которая удовлетворит всех, а потому заложить в нее возможность изменений без привлечения производителя программы – хорошая идея. Особенно если дело касается бизнес-приложений, т.к. бизнес-процессы даже в одних и тех же областях могут отличаться в разных организациях.",
        "data": "2017-01-27, 07:56",
        "rating": 11
    },
    {
        "title": "ВИДЕО: Atlassian User Group в гостях у «1С»",
        "description": "Видеозапись встречи Atlassian User Group, прошедшей 8 декабря 2016 г. в офисе «1С».\nДоклады:\nГригорий Кнеллер, Polygran — «Расширение возможностей JIRA с помощью плагина JJUPIN» — Как лёгким движением руки можно расширить стандартные возможности JIRA по построению бизнес-процессов (workflows).\nАнастасия Козлова, Toolstrek — «Документирование изменений» — Как не потерять управляемость изменениями, когда несколько администраторов работают в одном инстансе.\nАндрей Шовкопляс, Reasoning Mind — «Монитор разработки»\nОльга Николаева, AUG — JIRA Automation Plugin, рассказ про этот небольшой, но чрезвычайно полезный плагин, с примерами.",
        "data": "2016-12-13, 16:01",
        "rating": 9
    },
    {
        "title": "Atlassian User Group в гостях у «1С»",
        "description": "Друзья, мы продолжаем цикл встреч о кастомизации JIRA и инфраструктуры продуктов Atlassian.\n\n8 декабря в гостях у «1С» мы обсудим расширение возможности управления бизнес-процессами в JIRA с помощью плагина JJupin, интересная тема: как описать настройки системы и передать заказчику (или коллегам, если у вас несколько админов). Отдельно поговорим о примере мониторинга разработки, реализованного в компании Reasoning Mind.",
        "data": "2016-12-06, 15:11",
        "rating": 5
    },
    {
        "title": "Про веб-клиент 1С",
        "description": "Одной из приятных особенностей технологии 1С:Предприятие является то, что прикладное решение, разработанное по технологии управляемых форм, может запускаться как в тонком (исполняемом) клиенте под Windows, Linux, MacOS X, так и как веб-клиент под 5 браузеров – Chrome, Internet Explorer, Firefox, Safari, Edge, и все это – без изменения исходного кода приложения. Более того – внешне приложение в тонком клиенте и в браузере функционирует и выглядит практически идентично.\nНайдите 10 отличий (под катом 2 картинки):",
        "data": "2016-11-17, 09:57",
        "rating": 25
    },
    {
        "title": "1С в облаках",
        "description": "Идею облачных сервисов применительно к бизнес-приложениям можно сформулировать так: перенос сервера приложений из локальной сети организации в Интернет. Пользователи продолжают использовать привычный софт, запуская нативный или веб-клиент на своем компьютере, но для работы теперь им достаточно иметь только подключение к Интернету, и не нужно входить в локальную сеть организации (физически или через VPN). А в случае варианта SaaS провайдер облачных услуг, на чьих вычислительных мощностях развернут сервер приложений, также берет на себя и всю работу по администрированию и обновлениям приложений, избавляя конечного пользователя от этих забот.\n\nКартинка для привлечения внимания: автор статьи с помощью подручных средств (облака, флаг, самолет, парашют) иллюстрирует тезис «1С в облаках».",
        "data": "2016-10-13, 09:55",
        "rating": 14
    },
    {
        "title": "Партнерский семинар «1С» – Открытое Воскресенье — доступна полная программа",
        "description": "Стала доступна полная программа Открытого Воскресенья — дня на партнерском семинаре 1С, который может посетить (за плату) любой желающий, а не только сотрудник нашего партнера или франчайзи.",
        "data": "2016-09-27, 10:21",
        "rating": 6
    },
    {
        "title": "Партнерский семинар «1С» – Открытое Воскресенье",
        "description": "На прошлом осеннем партнерском семинаре 1С мы сделали целый день Открытым воскресеньем для всех, кому интересны наши технологии и решения. Эксперимент был удачным, и на грядущем партнерском семинаре 1С воскресенье, 2 октября, также будет открытым днем, который смогут посетить все желающие.\n\nВ прошлый раз участники Открытого воскресенья посетили секции по развитию технологической платформы 1С:Предприятие и прикладных решений 1С; в рамках круглого стола по платформе 1С:Предприятие был продемонстрирован новый кластер серверов 8.4 и примеры написания плагинов к среде 1C:Enterprise Development Tools.",
        "data": "2016-09-07, 16:23",
        "rating": 7
    },
    {
        "title": "Способы интеграции с 1С",
        "description": "Какие важнейшие требования предъявляются к бизнес-приложениям? Одними из самых главных являются следующие задачи:\n\nЛегкость изменения/адаптации логики работы приложения к меняющимся бизнес-задачам.\nЛегкость интеграции с другими приложениями.\n\nТо, как решается в 1С первая задача, было кратко описано в разделе «Кастомизация и поддержка» этой статьи; мы еще вернемся к этой интересной теме в одной из будущих статей. Сегодня же речь пойдет о второй задаче, об интеграции.",
        "data": "2016-08-25, 11:33",
        "rating": 17
    },
    {
        "title": "Мобильная платформа 1С:Предприятия в действии",
        "description": "В предыдущей статье мы рассказывали о том, что такое мобильная платформа 1С:Предприятия – набор инструментов и технологий для быстрой кросс-платформенной разработки мобильных приложений. Сегодня мы расскажем, какие приложения делаются с помощью мобильной платформы как самой фирмой «1С», так и нашими партнерами и сторонними разработчиками.",
        "data": "2016-06-01, 16:47",
        "rating": 3
    },
    {
        "title": "О мобильной платформе 1С: Предприятия",
        "description": "Мобильная платформа 1С:Предприятия – это набор инструментов и технологий для быстрой разработки приложений под мобильные ОС iOS, Android, Windows Phone / 8.1 / 10, с использованием тех же сред разработки (Конфигуратор или 1С:Entrprise Development Tools) и тех же методик разработки, что используются для «обычных» приложений 1С. В результате получаются автономные, офлайновые приложения, но с возможностью обмена информацией с внешним миром при помощи широкого спектра средств интеграции, предоставляемого платформой: Web и HTTP-сервисы, е-мейл и т.д. Поскольку протоколы обмена – платформенно-независимые, мобильная платформа 1С, помимо прочего – это средство быстрого создания мобильного фронт-энда для практически любого серверного решения.",
        "data": "2016-05-10, 12:40",
        "rating": 12
    },
    {
        "title": "Как разрабатывается 1С:ERP (и не только)",
        "description": "Привет, Хабр!\nВ одной из предыдущих статей рассказывалось, как организован процесс разработки платформы «1С:Предприятие». А сегодня мы хотим рассказать, как разрабатывается (с помощью средств платформы «1С:Предприятие») самое, пожалуй, насыщенное по функциональности прикладное решение 1С – «1С:ERP Управление предприятием 2».\n«1С:ERP Управление предприятием» — инновационное решение для построения комплексных информационных систем управления деятельностью многопрофильных предприятий, в том числе с технически сложным многопередельным производством, с учетом лучших мировых и отечественных практик автоматизации крупного и среднего бизнеса.\nНемного инфографики:",
        "data": "2016-03-29, 13:11",
        "rating": 0
    },
    {
        "title": "Про организацию рабочего процесса",
        "description": "Привет, Хабр!\nВ этой статье мы расскажем, как построен процесс разработки платформы «1С:Предприятие», как мы работаем над обеспечением качества, и поделимся уроками, которые получили, создавая один из самых больших российских программных комплексов.",
        "data": "2015-12-21, 12:16",
        "rating": 22
    },
    {
        "title": "Платформа «1С: Предприятие» — что под капотом?",
        "description": "Привет, Хабр!\nВ этой статье мы начнем рассказ о том, как устроена внутри платформа «1С:Предприятие 8» и какие технологии используются при ее разработке.\n\n\n\nПочему мы считаем, что это интересно? Во-первых, потому что платформа «1С:Предприятие 8» — это большое (более 10 миллионов строк кода) приложение на C++ (клиент, сервер и т.д.), JavaScript (веб-клиент), и, с недавних пор еще и Java. Большие проекты бывают интересны хотя бы в силу масштаба, ведь вопросы, незаметные в маленькой кодовой базе, в таких проектах встают в полный рост. Во-вторых, «1С:Предприятие» — это тиражируемый, «коробочный» продукт, а статей про такие разработки на Хабре совсем немного. А еще всегда интересно узнать, как там живут в других командах и фирмах.",
        "data": "2015-10-27, 12:20",
        "rating": 17
    },
    {
        "title": "Партнерский семинар «1С» – впервые не только для партнеров",
        "description": "В комментариях к предыдущей статье участники Хабра хотели большей открытости нашей компании для разработчиков. Мы работаем над этим. Позвольте напомнить, что на ближайшем партнерском семинаре 1С мы делаем целый день, 4 октября, Открытым воскресеньем для всех, кому интересны наши технологии и решения, а не только для партнеров фирмы «1С».",
        "data": "2015-09-28, 18:23",
        "rating": 5
    },
    {
        "title": "И снова про 1С",
        "description": "Последнее время на Хабре стали все чаще появляться статьи, посвященные 1С как среде разработки приложений. Статьи по смыслу более концептуальные, чем прикладные; авторы делают обзор платформы «1C:Предприятие 8» в целом, пытаются понять, хороша или плоха технология создания бизнес-приложений, предлагаемая 1С.\n\nНе буду обсуждать, прав ли каждый из авторов или нет; у платформы 1С, как у любой технологии, есть свои преимущества и недостатки. А есть и свои интересные особенности, свои наработки и механизмы. Вот о них и хочется поговорить. А еще — хочется написать статью про 1С для людей, с 1С незнакомых, статью, которая показывает, какое место 1С занимает в ряду аналогичных программных продуктов. Мне лично такой ознакомительной обзорной статьи очень не хватало, когда я еще не был знаком с 1С, но был знаком с рядом других ERP продуктов.\n\nИтак, начнем!",
        "data": "2015-09-21, 13:43",
        "rating": 8
    }
]