[
    {
        "title": "ИИ в сердце Африки. Как мы съездили в Руанду на крупнейшую конференцию по машинному обучению ICLR 2023",
        "description": "Текст статьи не удалось получить",
        "data": "2023-07-17, 21:31",
        "rating": 7
    },
    {
        "title": "Синтез обучения с подкреплением и классического планирования: как выиграть соревнование CVPR Habitat Challenge 2023",
        "description": "Текст статьи не удалось получить",
        "data": "2023-07-14, 17:11",
        "rating": 7
    },
    {
        "title": "Прибытие тензорного поезда. Как достижения мультилинейной алгебры помогают преодолеть проклятие размерности",
        "description": "Текст статьи не удалось получить",
        "data": "2023-07-12, 20:03",
        "rating": 23
    },
    {
        "title": "Генерируй, дискриминируй. Как мы ускорили доменную адаптацию GAN для генерации лиц в пять тысяч раз",
        "description": "Текст статьи не удалось получить",
        "data": "2023-07-10, 15:18",
        "rating": 12
    },
    {
        "title": "Инъекция от синдрома выученной беспомощности для ChatGPT: или как промтами (почти) выиграть NeurIPS соревнование IGLU",
        "description": "Текст статьи не удалось получить",
        "data": "2023-03-15, 10:28",
        "rating": 8
    }
]