[
    {
        "title": "Эксперимент с красивой нарезкой оргструктуры",
        "description": "Текст статьи не удалось получить",
        "data": "2023-03-30, 15:24",
        "rating": 10
    },
    {
        "title": "Когда метрик и логов недостаточно: как мы реализовали концепцию observability",
        "description": "Текст статьи не удалось получить",
        "data": "2023-01-26, 13:47",
        "rating": 12
    },
    {
        "title": "Kyverno — замена PodSecurityPolicy или нечто большее?",
        "description": "Текст статьи не удалось получить",
        "data": "2023-01-17, 14:10",
        "rating": 12
    },
    {
        "title": "GitHub Codespaces",
        "description": "Текст статьи не удалось получить",
        "data": "2022-12-05, 14:19",
        "rating": 5
    },
    {
        "title": "User Story Mapping как подход к проектированию",
        "description": "Текст статьи не удалось получить",
        "data": "2022-11-21, 08:30",
        "rating": 15
    },
    {
        "title": "Кибербезопасность: недопустимые события, человеческий фактор и страхование",
        "description": "Текст статьи не удалось получить",
        "data": "2022-10-31, 11:19",
        "rating": 13
    },
    {
        "title": "Исследуем клиентский опыт на практике: печальный CJM, нейротехнологии и гемба",
        "description": "Текст статьи не удалось получить",
        "data": "2022-10-24, 14:51",
        "rating": 10
    },
    {
        "title": "Все внедрили DevOps? Не забудьте про Shift Left Security",
        "description": "Текст статьи не удалось получить",
        "data": "2022-09-15, 10:28",
        "rating": 11
    },
    {
        "title": "Как мы сделали свой чемпионат для тестировщиков и что получилось",
        "description": "Текст статьи не удалось получить",
        "data": "2022-07-18, 15:46",
        "rating": 23
    },
    {
        "title": "Проверенный шаблон пользовательских историй",
        "description": "Текст статьи не удалось получить",
        "data": "2022-07-06, 13:20",
        "rating": 9
    },
    {
        "title": "Blue-green deployment, canary release: рецепт приготовления безрисковых релизов",
        "description": "Текст статьи не удалось получить",
        "data": "2022-07-04, 08:32",
        "rating": 27
    },
    {
        "title": "Как мы сделали бота для колл-центра банка, но что-то пошло не так",
        "description": "Текст статьи не удалось получить",
        "data": "2022-06-23, 14:45",
        "rating": 4
    },
    {
        "title": "Как научиться слушать всех и не превратиться в будку гласности",
        "description": "Текст статьи не удалось получить",
        "data": "2022-01-20, 14:43",
        "rating": 5
    },
    {
        "title": "Изолируем микросервисы с помощью Feature toggles в ASP.NET Core. Практика",
        "description": "Текст статьи не удалось получить",
        "data": "2021-12-29, 12:50",
        "rating": 8
    },
    {
        "title": "Изолируем микросервисы с помощью Feature toggles в ASP.NET Core. Теория и подготовка",
        "description": "Текст статьи не удалось получить",
        "data": "2021-12-24, 09:28",
        "rating": 7
    },
    {
        "title": "Устраняем мультиколлинеарность признаков в ML при помощи графов",
        "description": "Текст статьи не удалось получить",
        "data": "2021-12-06, 09:01",
        "rating": 14
    }
]