[
    {
        "title": "Шардированный кэш на базе Memcached",
        "description": "Текст статьи не удалось получить",
        "data": "2022-10-19, 11:55",
        "rating": 20
    },
    {
        "title": "Как мы сделали матчер: тайтлы, БЕРТы и две сестры",
        "description": "Текст статьи не удалось получить",
        "data": "2022-09-08, 13:40",
        "rating": 18
    },
    {
        "title": "Чиним баг в iOS Firebase RemoteConfig",
        "description": "Текст статьи не удалось получить",
        "data": "2022-08-16, 10:48",
        "rating": 7
    },
    {
        "title": "In-App шардирование PostgresDB. Практическое велосипедостроение",
        "description": "Текст статьи не удалось получить",
        "data": "2022-06-22, 13:08",
        "rating": 12
    },
    {
        "title": "Автоматическое развёртывание инфраструктуры в iOS проекте",
        "description": "Текст статьи не удалось получить",
        "data": "2022-04-29, 10:25",
        "rating": 4
    },
    {
        "title": "Пост-отчет: доклады с ML-митапа команды AliTech",
        "description": "Текст статьи не удалось получить",
        "data": "2022-04-13, 17:06",
        "rating": 0
    },
    {
        "title": "ML-митап команды AliTech",
        "description": "Текст статьи не удалось получить",
        "data": "2022-03-31, 13:39",
        "rating": 1
    },
    {
        "title": "Как завести XCRemoteCache, или Кэши из топора",
        "description": "Текст статьи не удалось получить",
        "data": "2022-02-25, 17:17",
        "rating": 10
    },
    {
        "title": "Как мы улучшали процесс загрузки товаров на AliExpress.ru: машинное обучение, проблемы и решения",
        "description": "Текст статьи не удалось получить",
        "data": "2021-08-13, 11:48",
        "rating": 10
    },
    {
        "title": "Экзорцист со светоотражающим звуком на солнечной батарее: что не так с переводами на AliExpress",
        "description": "Текст статьи не удалось получить",
        "data": "2021-07-02, 15:00",
        "rating": 29
    },
    {
        "title": "5 000 000 строк кода, 500 репозиториев: зачем мы адаптировали приложение AliExpress для Рунета",
        "description": "Текст статьи не удалось получить",
        "data": "2021-06-17, 14:50",
        "rating": 17
    },
    {
        "title": "Свежий фиксы починить работает почти помочь герой карма много: как мы исправили проблемы с логином на AliExpress",
        "description": "Текст статьи не удалось получить",
        "data": "2021-06-09, 17:21",
        "rating": 26
    },
    {
        "title": "Как мы превратили задание для найма тестировщиков в интерактив для конференции и читателей «Хабра»",
        "description": "Текст статьи не удалось получить",
        "data": "2021-05-25, 14:51",
        "rating": 15
    },
    {
        "title": "Сюда Разработка Подлинная Java: как работает AliExpress после переноса разработки в Россию",
        "description": "Привет, Хабр! Меня зовут Анатолий Орлов, и я технический директор AliExpress Россия. Сервис доступен русскоязычным пользователям уже 11 лет, при этом офис компании в Москве открылся только пять лет назад, а локальная команда разработки появилась лишь в прошлом году. Ее главная задача – адаптировать площадку, изначально заточенную на китайский лад, к реалиям Рунета и сделать ее понятнее и проще для русскоязычных пользователей.\n\nПочему китайский поисковый движок не подходит для рунета, как помочь локальным продавцам получить больше заказов, какие технологии и почему для этого нужно адаптировать – в первой статье в нашем блоге на Хабре поговорим о процессе переноса разработки, трудностях на этом пути, первых проектах и планах инженерной команды. Поехали!",
        "data": "2021-04-14, 16:22",
        "rating": 95
    }
]