[
    {
        "title": "С 31-го февраля в России полностью запретят VPN",
        "description": "Текст статьи не удалось получить",
        "data": "2023-01-05, 03:55",
        "rating": -194
    },
    {
        "title": "Никогда такого не было и вот опять. Почему нужно использовать self-hosted VPN. Релиз Amnezia",
        "description": "Вот и пришло время для релиза VPN-клиента, родившегося благодаря хакатону DemHack, и выращенного при поддержке РосКомСвободы, PrivacyAccelerator и Теплицы социальных технологий.\n\nСпустя полгода с того момента, как идея была впервые озвучена, мы презентуем готовый продукт — бесплатный опенсорсный клиент для self-hosted VPN, с помощью которого вы сможете установить VPN на свой сервер в несколько кликов.\n\nВместо скучной технической статьи о том, что вот оно: что-то сделали, что-то не успели, что-то пересмотрели, которую можно сократить до нескольких абзацев сути, я решил написать о своих размышлениях, о том, что вообще происходит, о бешеных принтерах, о развитии Интернета, в контексте его приватности, анонимности и блокировок.",
        "data": "2021-03-11, 17:32",
        "rating": 126
    },
    {
        "title": "Amnezia: всё будет забыто",
        "description": "Согласно исследованиям британских учёных, каждую неделю публикуется новая статья «Как настроить собственный VPN». Но всё же большинство людей пользуются платными коммерческими VPN-сервисами, коих несчётное множество.\n\nА вы уверены, что ваш VPN будет продолжать работать в условиях политического коллапса или нового закона о блокировке хабра? Вы уверены в надежности компании, предоставляющей вам VPN-сервис? А что, если эту компанию завтра купит другая компания, торгующая данными пользователей? А вы уверены, что ваш VPN-сервис прямо сейчас не собирает логи?\n\nБудущее не за горами. Оно за опенсорсным бесплатным клиентом, который сможет в один клик сам настраивать собственный сервер с множеством протоколов и подключаться к нему.",
        "data": "2020-12-09, 15:29",
        "rating": 11
    }
]