[
    {
        "title": "Оформляем красивые отчеты и приложения в Streamlit и запускаем в облака",
        "description": "Текст статьи не удалось получить",
        "data": "2023-07-04, 11:46",
        "rating": 3
    },
    {
        "title": "Стандарты как способ конкурентной борьбы IT-компаний. История монополизации рынков в примерах",
        "description": "Текст статьи не удалось получить",
        "data": "2023-06-18, 14:39",
        "rating": 15
    },
    {
        "title": "Как разместить телеграм бота на сервере. Хостим бота через Push в GIT",
        "description": "Текст статьи не удалось получить",
        "data": "2023-06-17, 11:30",
        "rating": 1
    },
    {
        "title": "Как мы строили систему мониторинга. Тернистый путь к стабильной работе сложных IT-систем",
        "description": "Текст статьи не удалось получить",
        "data": "2023-06-11, 13:50",
        "rating": 2
    },
    {
        "title": "Хостинг для Node. js. Выбираем сервис для развертывания проекта",
        "description": "Текст статьи не удалось получить",
        "data": "2023-06-11, 10:33",
        "rating": 2
    },
    {
        "title": "История Heroku. Взлет и закат",
        "description": "Текст статьи не удалось получить",
        "data": "2023-06-04, 15:16",
        "rating": 20
    },
    {
        "title": "Хостинг docker контейнеров. Обзор вариантов",
        "description": "Текст статьи не удалось получить",
        "data": "2023-05-30, 13:52",
        "rating": 4
    },
    {
        "title": "А вам точно нужен Kubernetes?",
        "description": "Текст статьи не удалось получить",
        "data": "2023-05-19, 14:16",
        "rating": 7
    },
    {
        "title": "Бесплатный хостинг для Telegram-бота или Discord-бота на Python и не только. Обзор вариантов",
        "description": "Текст статьи не удалось получить",
        "data": "2023-05-03, 15:00",
        "rating": 1
    },
    {
        "title": "Как Splunk поплатился за жадность, или почему в бизнесе важна справедливость",
        "description": "Текст статьи не удалось получить",
        "data": "2023-04-25, 18:56",
        "rating": 2
    },
    {
        "title": "Предоставляем бесплатное облачное распознавание речи ASR",
        "description": "Текст статьи не удалось получить",
        "data": "2023-02-09, 13:12",
        "rating": 8
    },
    {
        "title": "Насколько можно улучшить распознавание речи в записях с АЗС за месяц",
        "description": "Текст статьи не удалось получить",
        "data": "2022-12-20, 20:51",
        "rating": 6
    },
    {
        "title": "Пушкин – это нейросеть? Учимся распознавать сгенерированный текст",
        "description": "Текст статьи не удалось получить",
        "data": "2022-12-01, 08:37",
        "rating": 8
    },
    {
        "title": "PUSH в GIT как средство доставки в прод, или как сэкономить время на развертывании и обновлении сервисов",
        "description": "Текст статьи не удалось получить",
        "data": "2022-11-21, 16:51",
        "rating": 2
    },
    {
        "title": "Используем нейросеть для генерации стихов в стиле «Евгения Онегина»",
        "description": "Текст статьи не удалось получить",
        "data": "2022-11-14, 11:33",
        "rating": 3
    },
    {
        "title": "Как мы сделали свое Heroku-подобное облако",
        "description": "Текст статьи не удалось получить",
        "data": "2022-11-07, 10:37",
        "rating": 3
    },
    {
        "title": "Почему контейнеры «убьют» виртуальные машины?",
        "description": "Текст статьи не удалось получить",
        "data": "2022-11-03, 11:27",
        "rating": -8
    },
    {
        "title": "Считаем, где дешевле распознавание речи — в облаке или на своем сервере",
        "description": "Текст статьи не удалось получить",
        "data": "2022-10-17, 08:52",
        "rating": 4
    },
    {
        "title": "Путь самурая в ASR, или как мы сделали распознавание речи для ЖД отрасли",
        "description": "Текст статьи не удалось получить",
        "data": "2022-10-10, 19:43",
        "rating": 14
    },
    {
        "title": "Чем гибридные системы распознавания речи лучше End-to-End решений",
        "description": "Текст статьи не удалось получить",
        "data": "2022-10-06, 06:58",
        "rating": 7
    },
    {
        "title": "Как работают системы распознавания речи",
        "description": "Текст статьи не удалось получить",
        "data": "2022-10-04, 13:49",
        "rating": 5
    }
]