[
    {
        "title": "Логмайним Оракл",
        "description": "Текст статьи не удалось получить",
        "data": "2023-07-13, 12:43",
        "rating": 7
    },
    {
        "title": "Миграция базы данных с Oracle на PostgreSQL в системе с микросервисной архитектурой",
        "description": "Привет! Эта статья рассказывает о моем опыте миграции СУБД с Oracle на PostgreSQL в системе с микросервисной архитектурой и является продолжением моего доклада на PGConf.Russia 2023. Я постарался выделить и описать в ней самые интересные и важные, на мой взгляд, моменты на пути по поиску и внедрению альтернативы Oracle, тестированию Greenplum и, в конечном итоге, переходу на несколько связанных баз данных PostgreSQL. Надеюсь, что данная информация будет полезна и интересна всем, кто уже столкнулся с похожей задачей, неизбежно к ней движется или просто интересуется данной темой.",
        "data": "2023-05-16, 14:08",
        "rating": 13
    },
    {
        "title": "Модульные тесты как оплот стабильности в Agile разработке",
        "description": "Текст статьи не удалось получить",
        "data": "2023-03-24, 14:20",
        "rating": 3
    },
    {
        "title": "DevOps. Terraform. Построение динамических зависимостей в depends_on",
        "description": "Текст статьи не удалось получить",
        "data": "2023-02-14, 12:25",
        "rating": 0
    },
    {
        "title": "Особенности VACUUM в MPP-форках PostgreSQL",
        "description": "Текст статьи не удалось получить",
        "data": "2023-01-16, 14:28",
        "rating": 9
    },
    {
        "title": "Влияние сбора статистик на скорость выполнения запросов в СУБД TERADATA",
        "description": "Текст статьи не удалось получить",
        "data": "2022-12-09, 10:11",
        "rating": 6
    },
    {
        "title": "Сколько стоит техдолг?",
        "description": "Текст статьи не удалось получить",
        "data": "2022-11-17, 11:02",
        "rating": 1
    },
    {
        "title": "Опыт построения системы коммуникации на базе Mattermost Server",
        "description": "Текст статьи не удалось получить",
        "data": "2022-11-02, 14:18",
        "rating": 3
    },
    {
        "title": "Исследование рынка российских (и не только) BI-платформ",
        "description": "Текст статьи не удалось получить",
        "data": "2022-10-27, 22:32",
        "rating": 15
    },
    {
        "title": "API-First и микросервисы",
        "description": "Текст статьи не удалось получить",
        "data": "2022-10-20, 11:26",
        "rating": 9
    },
    {
        "title": "Питчить и кодить: как выиграть хакатон",
        "description": "Текст статьи не удалось получить",
        "data": "2022-02-16, 16:12",
        "rating": 1
    },
    {
        "title": "Мониторинг высоконагруженных систем",
        "description": "Мониторинг IT-систем – это то, в чем рано или поздно (и в этом случае чем раньше, тем лучше) возникает острая необходимость для понимания того, а что, собственно, с нашей системой происходит? И зачастую такая необходимость идет рука об руку с другими вопросами, такими как: как это внедрить? Что мониторить? Как это развивать и поддерживать? Более того, на них становится все сложнее ответить с увеличением масштаба IT-системы.\n\nВ этой статье описан один из вариантов реализации решения такого мониторинга с использованием open-source продуктов на основе опыта внедрения его в промышленную эксплуатацию для потока событий в высоконагруженной IT-системе с микросервисной архитектурой. Под потоком событий подразумеваются, например, звонки в контактный центр, выпуск деталей, заказы на доставку еды или в общем запросы, поступающие на «вход» IT-системы.",
        "data": "2022-02-07, 10:56",
        "rating": 3
    },
    {
        "title": "Автоматизация обработки клиентских обращений",
        "description": "Текст статьи не удалось получить",
        "data": "2022-01-19, 18:40",
        "rating": 1
    },
    {
        "title": "Два простых правила подготовки митапа на английском",
        "description": "Текст статьи не удалось получить",
        "data": "2021-12-23, 12:18",
        "rating": 3
    },
    {
        "title": "Agent Workspace configuration guide в ServiceNow - краткий обзор по конфигурации для администратора",
        "description": "Текст статьи не удалось получить",
        "data": "2021-12-07, 17:50",
        "rating": 1
    },
    {
        "title": "Платформа Deepstream от Nvidia для систем на базе компьютерного зрения",
        "description": "Текст статьи не удалось получить",
        "data": "2021-11-25, 16:19",
        "rating": 1
    },
    {
        "title": "Беспроводной офлайн-обмен. Нужен ли?",
        "description": "Текст статьи не удалось получить",
        "data": "2021-11-17, 12:57",
        "rating": 4
    },
    {
        "title": "ServiceNow ATF: роль в тестовых процессах и ускорении цифровых преобразований",
        "description": "Текст статьи не удалось получить",
        "data": "2021-10-21, 14:22",
        "rating": 2
    },
    {
        "title": "Работа с GraphQL через Hasura для системных аналитиков и QA",
        "description": "Текст статьи не удалось получить",
        "data": "2021-09-15, 15:57",
        "rating": 3
    },
    {
        "title": "Реализация CI/CD для корпоративных хранилищ данных",
        "description": "Текст статьи не удалось получить",
        "data": "2021-08-09, 13:03",
        "rating": 3
    },
    {
        "title": "Внедряем SAP S/4HANA в удаленном режиме: часть 3",
        "description": "Текст статьи не удалось получить",
        "data": "2021-07-30, 12:06",
        "rating": 1
    },
    {
        "title": "5 приложений для изучающих английский, которые стоит установить",
        "description": "Текст статьи не удалось получить",
        "data": "2021-07-23, 15:37",
        "rating": 0
    },
    {
        "title": "Масштабный проект по внедрению SAP S/4HANA в удаленном режиме: Гибридный интеграционный ландшафт",
        "description": "Текст статьи не удалось получить",
        "data": "2021-06-08, 10:06",
        "rating": 0
    },
    {
        "title": "5 условий зарождения искуственного интеллекта в индустрии",
        "description": "Революция искусственного интеллекта не грядёт, она уже здесь и требует от компаний переосмысления бизнес-процессов, чтобы максимально использовать возможности искусственного интеллекта (ИИ) для расширения человеческих способностей.\n\nИтак, у всех, кто интересуется современными технологиями, на слуху цифровизация, большие данные и проникновение искусственного интеллекта в разные области нашей жизни и деятельности. Ни для кого не секрет, что жизнь ИИ потихоньку зародилась вокруг нас: в наших карманах, сумках, машинах и домах, где «живут» наши гаджеты и различные электронные помощники. По словам ведущих специалистов в области искусственного интеллекта, эти технологии переживают сейчас третью волну, они наконец-то вырвались из исследовательских лабораторий и быстро становятся «ключевым элементом трансформации бизнеса» [1].",
        "data": "2021-05-28, 14:55",
        "rating": 1
    },
    {
        "title": "Масштабный проект по внедрению SAP S/4HANA в удаленном режиме: уроки, которые мы усвоили",
        "description": "Текст статьи не удалось получить",
        "data": "2021-04-29, 19:54",
        "rating": 4
    },
    {
        "title": "What can we do with Java16? Краткий обзор нового релиза JDK (март 2021)",
        "description": "Текст статьи не удалось получить",
        "data": "2021-04-12, 18:08",
        "rating": 2
    },
    {
        "title": "Зачем нужен комплексный мониторинг ИТ и бизнесу и КАК его внедрять?",
        "description": "Текст статьи не удалось получить",
        "data": "2021-04-05, 14:25",
        "rating": 1
    },
    {
        "title": "Моделирование и визуализация при анализе и проектировании ИТ систем. И не только",
        "description": "Текст статьи не удалось получить",
        "data": "2021-03-16, 11:36",
        "rating": 5
    },
    {
        "title": "Внедрять или не внедрять",
        "description": "Привет, Хабр!\n\nЯнварь 2020. Москва. Проектная команда мобилизована и находится в ожидании активной фазы проекта внедрения. Клиент – международный холдинг, внедряющий систему ERP и систему Консолидации в параллель. Мы – группа, отвечающая за внедрение решения для автоматизации бизнес процесса сбора финансовой консолидированной отчетности, с учетом интеграции с внешними системами и разработки методологии одновременно. Сроки — запуститься в августе 2020 года. Звучит амбициозно и требует максимального вовлечения всех участников проекта, ежедневных митингов, обсуждения технических проблем. Заканчивается фаза анализа, план работ на фазу реализации уже в процессе согласования, даты обучения и командировок обозначены, кто-то из разработчиков уже начинает готовить документы для описания разработок и ждет, когда же дадут систему для настройки.\n\nМарт 2020. Китай. Пандемия. Covid-19. Локдаун. Удаленка. Маски. Остановка авиасообщения. И другие знакомые всем хэштеги, которые теперь ассоциируются с «2020 годом». Проект уже в активной фазе внедрения, клиент настроен решительно, да и мы тоже не готовы отступать. Надо адаптироваться к таким условиям, причем быстро. Паники нет. Но есть вопросы, много вопросов. Насколько долго это продлится? Какие риски у запуска? Хватит ли нам виртуальной коммуникации? Как запускаться удаленно? Эти вопросы волновали нас на протяжении всего проекта. Как Клиент и наша команда через это проходили, чему научились, и какой осадок остался – обо всём об этом далее в статье.",
        "data": "2021-03-02, 17:27",
        "rating": 5
    },
    {
        "title": "Salesforce Apex – как первый язык программирования. Плюсы и минусы",
        "description": "Текст статьи не удалось получить",
        "data": "2021-01-18, 17:25",
        "rating": 2
    },
    {
        "title": "Цифровая логистика: решение транспортной задачи спроса и предложения с помощью библиотеки DOcplex от IBM",
        "description": "Всем привет, меня зовут Дмитрий Кузин (Application Development Senior Analyst в Accenture), и в своей статье я делюсь историей о том, как запрос на решение задачи в корпоративной рассылке привел к освоению Python библиотеки DOcplex от IBM, предназначенной для решения оптимизационных задач.\n\nЯ бы хотел поделиться личным опытом решения транспортной задачи с применением Python-библиотеки DOcplex от IBM. Если вкратце, то это задача про то, как с наименьшими затратами доставить продукцию или товары от производителей к покупателям, учитывая предложение первых и спрос вторых. В статье я дам основные определения транспортной задачи, покажу, как правильно сформулировать её условие, а также приведу пример решения на Python.",
        "data": "2020-12-11, 18:13",
        "rating": 6
    },
    {
        "title": "Публичные облака в российских реалиях. Часть 1. IaaS",
        "description": "Облачные технологии, инфраструктура как сервис и платформенные сервисы из нишевых решений давно перешли в стандарт де-факто для размещения приложений не только стартапов, но и крупных финансовых компаний, госкомпаний, автомобильных гигантов и популярных игровых сервисов. Компании Netflix и Spotify, Dropbox и Instagram начинали свой путь на облачных ресурсах, не инвестируя в собственную инфраструктуру. Совокупная выручка мировых поставщиков облачных услуг в 2019 году превысила бюджет Российской Федерации. В этой статье мы рассмотрим рынок облачных услуг в России. Мы сравним его с мировыми трендами и определим — опережаем мы или отстаём от мировых лидеров в развитии облачных услуг и насколько.",
        "data": "2020-10-24, 11:03",
        "rating": 13
    },
    {
        "title": "Головоломка для ИИ",
        "description": "Текст статьи не удалось получить",
        "data": "2020-10-19, 22:36",
        "rating": 15
    },
    {
        "title": "Алгоритм Jerdella: решаем проблемы семантического безумия в IT-системах банков",
        "description": "Семантические проблемы в IT системах. Что бывает, когда много разных людей начинают творить\nЕсть ветхозаветная легенда о том, как люди в древнем городе Вавилон начали строить башню, но Всевышний перемешал им языки, и башня достроена не была. Еще бы, ведь башню строили сотни маленьких групп, которые в совокупности не понимали друг друга. А не понимая друг друга, невозможно взаимодействовать. Действительно, просто безумие – называть одну и туже вещь, подразумевая её одинаково, разными словами. И удивительного тут ничего нет.\nВетхозаветную легенду можно с легкостью перенести на современные крупные компании, внедряющие современные ИТ-решения. В пример таких компаний, вне всякого сомнения, можно отнести современные российкие банки, которые имеют десятки, а то и сотни бизнес-подразделений, в которых складывается своя субкультура общения, построенная на своих правилах и уникальном стиле делового оборота. Естественно, при формировании ИТ-инфрастурктуры учитывается устоявшийся в коллективе стиль именования бизнес-сущностей. За последние десять лет появилось множество работ на эту тему, например эта [1]. Те, кто сталкивался с аналитикой информационных систем в банках знают, что такое сделать так называемый «маппинг» данных, особенно, если конечные системы делали разные команды аналитиков, разработчиков и заказчиков или вендоров. Как правило, на 60% составление маппинга является уяснением сути и семантики передаваемых данных.",
        "data": "2020-10-14, 13:49",
        "rating": 8
    },
    {
        "title": "Как мы ВИРТУАЛЬНО спланировали работу 140 человек на квартал вперед, находясь в разных точках Земного шара",
        "description": "Случалось ли вам работать над проектом, где участвует более сотни человек, несколько компаний, с учетом 10 часовых поясов, разных менталитетов и языков? Хотим поделиться своим опытом планирования работ в проекте, который управляется по методологии SAFe в условиях вынужденной удаленной работы.",
        "data": "2020-10-09, 17:15",
        "rating": 12
    },
    {
        "title": "Качественный аутсорсинг от А до Ё: работаем с типовыми слабостями",
        "description": "На каждой фазе жизненного цикла сервиса всплывают то одни, то другие проблемы. Это зависит от специфики сервиса, ожиданий и уровня зрелости обеих сторон. Я выделил 8 типичных проблем, с которыми сталкиваюсь при аутсорсинге. Я обращаю на них внимание, чтобы у участников процесса сформировался своеобразный чек-лист вопросов, которые необходимо проработать с потенциальным поставщиком.",
        "data": "2020-09-30, 23:12",
        "rating": 5
    },
    {
        "title": "7 уроков по итогам разворачивания SAP HANA на базе MS Azure для российской компании",
        "description": "Уже более 10 лет назад в Microsoft объявили о доступности платформы Azure для широкой аудитории пользователей. За это время преимуществами облачной инфраструктуры для решения текущих задач ИТ захотели воспользоваться многие компании. Некоторые из них обращались к нам за консультацией по разворачиванию систем в облаке. Но время шло и вот уже бизнес рассматривает возможность размещения в облаках таких ресурсоемких систем, как SAP HANA. Мы в свою очередь, уже реализовали несколько аналогичных проектов и готовы поделиться теми наблюдениями, которые могут обеспечить более успешное размещение системы SAP в облаке MS Azure. Некоторые наблюдения не будут открытием, но нам хотелось показать применимость некоторых подходов именно в условиях облачной платформы. Основными усвоенными уроками хотим поделиться с вами.",
        "data": "2020-08-24, 16:12",
        "rating": 8
    }
]