[
    {
        "title": "Огораживаем доступ сайтов к localhost в Brave",
        "description": "Текст статьи не удалось получить",
        "data": "2023-07-06, 11:16",
        "rating": 4
    },
    {
        "title": "Запускаем API Поиска Brave: больше конкуренции и независимости на рынке поиска",
        "description": "Текст статьи не удалось получить",
        "data": "2023-06-19, 12:14",
        "rating": 0
    },
    {
        "title": "Brave: новый режим браузинга «Не для протокола»",
        "description": "Текст статьи не удалось получить",
        "data": "2023-06-13, 13:13",
        "rating": -2
    },
    {
        "title": "Brave запускает «забывчивый браузинг» для приватности по умолчанию",
        "description": "Текст статьи не удалось получить",
        "data": "2023-05-19, 12:14",
        "rating": 6
    },
    {
        "title": "Поисковик Brave: окончательно рвём связи с Bing",
        "description": "Текст статьи не удалось получить",
        "data": "2023-05-04, 12:01",
        "rating": 9
    },
    {
        "title": "Запускаем файрвол и VPN в браузере Brave",
        "description": "Текст статьи не удалось получить",
        "data": "2023-03-30, 11:53",
        "rating": 0
    },
    {
        "title": "Внедряем проверяемо конфиденциальные вычисления в Brave",
        "description": "Текст статьи не удалось получить",
        "data": "2023-03-23, 12:43",
        "rating": 1
    },
    {
        "title": "Режем ещё больше рекламы и фингерпринтинга в браузере Brave",
        "description": "Текст статьи не удалось получить",
        "data": "2023-03-17, 12:15",
        "rating": 12
    },
    {
        "title": "Ставим Google Sign-In под контроль в браузере Brave",
        "description": "Текст статьи не удалось получить",
        "data": "2023-03-13, 11:09",
        "rating": 4
    },
    {
        "title": "Brave Summarizer: ИИ для релевантного поиска",
        "description": "Текст статьи не удалось получить",
        "data": "2023-03-07, 12:18",
        "rating": 7
    },
    {
        "title": "FrodoPIR: новая схема Private Information Retrieval от разработчиков Brave",
        "description": "Текст статьи не удалось получить",
        "data": "2023-03-06, 12:31",
        "rating": 4
    },
    {
        "title": "Проверяем конфиденциальность Brave",
        "description": "Текст статьи не удалось получить",
        "data": "2023-02-27, 11:34",
        "rating": 5
    },
    {
        "title": "Как устроен «HTTPS по умолчанию» в браузерe Brave",
        "description": "Текст статьи не удалось получить",
        "data": "2023-02-23, 12:44",
        "rating": 3
    },
    {
        "title": "Добавляем RSS-читалку в Brave",
        "description": "Текст статьи не удалось получить",
        "data": "2022-12-26, 14:24",
        "rating": 1
    },
    {
        "title": "Brave: режем баннеры про куки",
        "description": "Текст статьи не удалось получить",
        "data": "2022-10-05, 11:30",
        "rating": 6
    },
    {
        "title": "Что нового в Brave для iOS?",
        "description": "Текст статьи не удалось получить",
        "data": "2022-08-19, 13:10",
        "rating": 3
    },
    {
        "title": "Brave 1.42: внедряем виртуальную машину Ethereum Aurora",
        "description": "Текст статьи не удалось получить",
        "data": "2022-08-10, 11:37",
        "rating": 0
    },
    {
        "title": "Brave 1.40: интеграция с Filecoin, улучшения Кошелька Brave",
        "description": "Текст статьи не удалось получить",
        "data": "2022-08-04, 12:01",
        "rating": 4
    },
    {
        "title": "Brave представляет STAR: k-анонимная система сбора телеметрии",
        "description": "Текст статьи не удалось получить",
        "data": "2022-07-29, 12:58",
        "rating": 2
    },
    {
        "title": "Поиск Brave: 2.5 миллиарда запросов за первый год и запуск пользовательских фильтров ранжирования",
        "description": "Текст статьи не удалось получить",
        "data": "2022-06-24, 09:07",
        "rating": 6
    },
    {
        "title": "Brave внедряет защиту от фингерпринтинга по предпочитаемому языку",
        "description": "Текст статьи не удалось получить",
        "data": "2022-06-16, 07:54",
        "rating": 9
    },
    {
        "title": "Дискуссии в Brave Search: ответы от живых людей, а не SEO-спамеров",
        "description": "Текст статьи не удалось получить",
        "data": "2022-06-08, 10:31",
        "rating": 2
    },
    {
        "title": "First-Party Sets: как большой брат рушит границы приватности в сети",
        "description": "Текст статьи не удалось получить",
        "data": "2022-06-01, 12:28",
        "rating": 5
    },
    {
        "title": "Почему нам совсем не нравится Privacy Sandbox от Google",
        "description": "Текст статьи не удалось получить",
        "data": "2022-04-29, 10:33",
        "rating": 14
    },
    {
        "title": "Brave запускает De-AMP: отражаем атаку гугловских клонов",
        "description": "Текст статьи не удалось получить",
        "data": "2022-04-20, 09:25",
        "rating": 21
    },
    {
        "title": "«Несвязываемая переадресация» в Brave: следующий шаг в защите от трекинга",
        "description": "Текст статьи не удалось получить",
        "data": "2022-04-15, 12:08",
        "rating": 9
    },
    {
        "title": "Brave: эфемерные куки для правильной приватности",
        "description": "Текст статьи не удалось получить",
        "data": "2022-03-11, 22:12",
        "rating": 8
    },
    {
        "title": "Brave: секционирование сетевого состояния браузера для улучшения приватности",
        "description": "Текст статьи не удалось получить",
        "data": "2022-02-04, 14:32",
        "rating": 7
    },
    {
        "title": "«Новое» Topics API от Google: а FLoC и ныне там",
        "description": "Текст статьи не удалось получить",
        "data": "2022-01-27, 08:41",
        "rating": 5
    },
    {
        "title": "Новые меры защиты конфиденциальности: больше дебаунсинга, меньше Chromium",
        "description": "Текст статьи не удалось получить",
        "data": "2022-01-26, 11:27",
        "rating": 5
    },
    {
        "title": "Pool-party: новый тип атак на все браузеры от исследователей из Brave",
        "description": "Текст статьи не удалось получить",
        "data": "2021-12-16, 12:20",
        "rating": 2
    },
    {
        "title": "Отрываем щупальца следящим скриптам, как никогда раньше",
        "description": "Текст статьи не удалось получить",
        "data": "2021-12-09, 13:12",
        "rating": 11
    },
    {
        "title": "Защита браузера от фингерпринтинга — опыт Brave",
        "description": "Текст статьи не удалось получить",
        "data": "2021-12-02, 10:26",
        "rating": 22
    },
    {
        "title": "Новый Brave Wallet — встроенный в браузер криптокошелёк без всяких расширений",
        "description": "Текст статьи не удалось получить",
        "data": "2021-11-17, 11:46",
        "rating": 1
    },
    {
        "title": "Реклама, уважающая приватность, более выгодна: исследование Brave и MAGNA",
        "description": "Текст статьи не удалось получить",
        "data": "2021-11-11, 13:27",
        "rating": 4
    },
    {
        "title": "Brave: как мы режем переадресующий трекинг",
        "description": "Текст статьи не удалось получить",
        "data": "2021-11-01, 14:05",
        "rating": 11
    },
    {
        "title": "Слежка и трекеры в Web 3.0",
        "description": "Текст статьи не удалось получить",
        "data": "2021-10-08, 13:09",
        "rating": 3
    },
    {
        "title": "Добавляем произвольные списки блокировки рекламы в Brave",
        "description": "Текст статьи не удалось получить",
        "data": "2021-09-28, 13:23",
        "rating": 0
    },
    {
        "title": "Новые улучшения приватности Brave",
        "description": "Текст статьи не удалось получить",
        "data": "2021-09-21, 13:38",
        "rating": 7
    },
    {
        "title": "I feel Brave: новый анонимный поиск открыт для всех",
        "description": "Текст статьи не удалось получить",
        "data": "2021-06-24, 14:53",
        "rating": 15
    },
    {
        "title": "Global Privacy Control — юридически значимый сигнал для сайтов",
        "description": "Текст статьи не удалось получить",
        "data": "2021-06-17, 10:54",
        "rating": 6
    },
    {
        "title": "Как мы выбираем и ранжируем контент в новостной ленте Brave Today",
        "description": "Текст статьи не удалось получить",
        "data": "2021-06-16, 10:34",
        "rating": 4
    },
    {
        "title": "Как работает приватная сеть доставки контента Brave",
        "description": "Текст статьи не удалось получить",
        "data": "2021-05-28, 11:40",
        "rating": 4
    },
    {
        "title": "FLoC off: позиция Brave",
        "description": "Текст статьи не удалось получить",
        "data": "2021-04-30, 11:13",
        "rating": 6
    },
    {
        "title": "Шпион, выйди вон: что делают браузеры после установки?",
        "description": "Текст статьи не удалось получить",
        "data": "2021-04-09, 12:21",
        "rating": 17
    },
    {
        "title": "Сторонние куки: хранить нельзя блокировать? Браузер Brave подходит к снаряду",
        "description": "Текст статьи не удалось получить",
        "data": "2021-03-23, 17:44",
        "rating": 11
    },
    {
        "title": "Новый, смелый, анонимный: поисковик Brave Search",
        "description": "Текст статьи не удалось получить",
        "data": "2021-03-12, 13:06",
        "rating": 24
    }
]