[
    {
        "title": "WeChat. Сериализуем объект — получаем СМС",
        "description": "Предыдущая статья.\nВ продолжение темы WeChat. В данной статье мы покажем как сериализуются и десериализуются объекты, а так же зашифруем сообщение и получим СМС с кодом подтверждения. Кроме того мы приведем весь необходимый код на PHP, чтобы вы могли попробовать и убедиться что все работает",
        "data": "2017-11-16, 10:15",
        "rating": 3
    },
    {
        "title": "WhatsApp, что внутри?",
        "description": "В продолжение направления публикаций исследований нашей компании о внутренних механизмах крупнейших в мире мессенджеров. Сегодня будем смотреть на WhatsApp в его актуальном состоянии. На самом деле внутренности не сильно изменились за последние три года, изменения там скорее косметические.\n\nВ этой статье мы подробно посмотрим как можно изучать протокол работы мессенджера, ответим на вопрос «может ли WhatsApp читать нашу переписку?» и приложу весь необходимый код на языке PHP.",
        "data": "2017-10-10, 12:16",
        "rating": 77
    },
    {
        "title": "Разбираем WeChat — второй по популярности мессенджер в мире",
        "description": "Небольшой экскурс в WeChat;\nО платформе, версии приложения, используемых утилитах и расшифровке исполняемого файла;\nО двух протоколах (старом и новом);\nО сериализации объектов;\nИспользуемая криптография и обмен ключами;\nО заголовках и хэш-функциях;\nО найденных уязвимостях.",
        "data": "2017-10-02, 12:44",
        "rating": 34
    }
]