[
    {
        "title": "«Двигаем» не только автомобили: как CarPrice переезжал в новый ЦОД",
        "description": "Текст статьи не удалось получить",
        "data": "2023-05-31, 16:32",
        "rating": 11
    },
    {
        "title": "Эволюция Dev-серверов CarPrice: от монолита к микросервисам и Kubernetes",
        "description": "Текст статьи не удалось получить",
        "data": "2023-03-17, 17:05",
        "rating": 8
    },
    {
        "title": "Отладка продакшена бесплатно: ELK, Jaeger, Sentry",
        "description": "Текст статьи не удалось получить",
        "data": "2022-12-19, 11:44",
        "rating": 8
    },
    {
        "title": "Почему работой CarPrice управляет искусственный интеллект?",
        "description": "О нейросетях последние года три было написано и сказано немало. Подумав, мы тоже решили рассказать, как мы используем «искусственный разум» в повседневной работе. Тем более что со многими рутинными операциями он справляется значительно лучше людей.\n\n\n\nВ продажах автомобилей все основные операции традиционно завязаны на людях — эмоциональных и в разной степени надежных. Ежегодно CarPrice проводит до 150 тысяч аукционов, а значит в недрах компании накапливается терабайты статистики по каждой модели авто, от ее реального состояния и до динамики цены в зависимости от места продажи и времени суток. Можно ли, анализируя массивы информации увеличивать конверсию в продажу? Можно и нужно!",
        "data": "2019-01-29, 11:00",
        "rating": 20
    },
    {
        "title": "Как мы побеждали хаос на центральном складе",
        "description": "Привет, Хабр! Меня зовут Алексей Шихов, я руковожу командой разработчиков CarPrice в Кирове. Сейчас Carprice занимает второе место в России по продажам автомобилей на вторичном рынке, и почти все машины, выкупленные в Москве, проходят через один огромный центральный хаб, откуда их забирают покупатели (дилеры) или отправляют в регионы на автовозах. На складе всегда есть как минимум 700 автомобилей, которые не задерживаются там больше чем на пять дней. В этой статье я расскажу, как наша команда из дружных разработчиков и неравнодушной тестировщицы боролась с неизбежным для такого муравейника хаосом и победила его.",
        "data": "2018-05-15, 11:00",
        "rating": 37
    },
    {
        "title": "SellAnyCar: как работают автоаукционы в пустыне",
        "description": "Привет! Несколько месяцев назад мы рассказывали об особенностях японского авторынка. Сегодня на очереди богатые нефтью Объединенные Арабские Эмираты. Именно там работает ближайший родственник CarPrice – аукцион SellAnyCar.",
        "data": "2018-03-19, 18:05",
        "rating": 18
    },
    {
        "title": "Как не утонуть в лендингах: история создания японского CarPrice",
        "description": "В прошлой статье про развитие CarPrice в Японии мы обещали отдельно написать о создании сайта для экзотического японского рынка. Абсолютно незнакомый язык. Мало времени на запуск. Большая разница во времени между IT и бизнесом. Географически разрозненная команда из России, Японии, Канады, Белоруссии, Филиппин и Китая. В этом посте мы расскажем, как у нас все получилось в этих непростых условиях.",
        "data": "2017-12-20, 11:30",
        "rating": 30
    },
    {
        "title": "Приложение для инспекторов CarPrice",
        "description": "Нашим инспекторам, осматривающим автомобили при их приёмке на аукцион, условия выбирать не приходится — они работают и в дождь, и в снегопад, и в летнюю жару. Они не просто тщательно осматривают автомобиль, но и заполняют сотни пунктов чек-листов, снимают десятки, а то и сотни фотографий, записывают видео. И всё это без пачки бумаг, фотоаппарата и камеры, а с помощью одного лишь смартфона и нашего специального приложения. Недавно мы даже защитили патентом нашу систему осмотра автомобилей. Под катом — рассказ с подробностями.",
        "data": "2017-11-22, 15:02",
        "rating": 11
    },
    {
        "title": "CarPrice в Японии: особенности национального автоаукциона",
        "description": "Возможно, вы слышали, что CarPrice работает не только в России, но и в Японии. Рынок подержанных автомобилей там очень развит, и на первый взгляд кажется, что занять определенную нишу просто невозможно. Но это не так.\n\nЯпонские компании, продающие подержанные автомобили, работают по отточенным десятилетиями схемам. Механизмы взаимодействия отполированы до блеска, но они практически не учитывают широкие возможности, которые открывает IT. Оценив японский рынок с этой стороны, мы увидели перспективу занять долю на этом рынке.",
        "data": "2017-11-01, 08:16",
        "rating": 42
    },
    {
        "title": "Jaeger Opentracing и Microservices в реальном проекте на PHP и Golang",
        "description": "Всем привет, меня зовут Юрий Буйлов, я руковожу разработкой в CarPrice. Коротко расскажу как и почему мы пришли к микросервисам на PHP и Golang. Что используем, как инструментируем и мониторим наши приложения в production. Далее расскажу о распределенном трейсинге, который обеспечивает нам прозрачность работы сервисов.",
        "data": "2017-10-26, 10:00",
        "rating": 19
    },
    {
        "title": "Честный realtime на React и Redux, как основа автоаукциона",
        "description": "В нашей первой статье о программной инфраструктуре сервиса CarPrice, — если не читали, то рекомендуем почитать, — упоминалось про сайт для дилеров. Что он собой представляет и как устроен, мы попросили рассказать одного из его разработчиков, Никиту Лебедева.",
        "data": "2017-08-15, 16:49",
        "rating": 19
    },
    {
        "title": "Huginn: простая интеграционная платформа",
        "description": "В мире API, сервисных архитектур и облачных решений многое доступно вообще без программирования. Однако, компании все еще тратят драгоценное время разработчиков на рутинные задачи по интеграции. Мы хотим рассказать об одной из платформ, которая позволяет нам подключить новомодный маркетинговый сервис или проверить гипотезу максимально быстро и без участия разработки.",
        "data": "2017-06-07, 12:17",
        "rating": 21
    },
    {
        "title": "Что скрыто внутри платформы автомобильного аукциона",
        "description": "Сервисы по продаже подержанных автомобилей обычно построены по одному принципу: «разместил объявление, позвонили, показал машину, продал». В таких проектах высокие технологии сконцентрированы, в основном, вокруг самого сайта. Но у нас всё иначе. Мы создали платформу, на которой любой желающий может продать автодилерам через аукционную систему свою подержанную машину (даже аварийную), с проверкой технического состояния нашими специалистами. За кажущейся простотой описания скрывается сложная экосистема из самописных и сторонних программных продуктов, о которой мы хотим рассказать.",
        "data": "2017-05-25, 07:07",
        "rating": 40
    }
]