[
    {
        "title": ".xcstrings в Xcode 15",
        "description": "Текст статьи не удалось получить",
        "data": "2023-07-05, 14:11",
        "rating": 7
    },
    {
        "title": "Макросы в Swift",
        "description": "Текст статьи не удалось получить",
        "data": "2023-06-28, 15:51",
        "rating": 10
    },
    {
        "title": "Как попасть в фичеринг",
        "description": "Текст статьи не удалось получить",
        "data": "2023-06-26, 15:32",
        "rating": 3
    },
    {
        "title": "Конференция Apple WWDC 2023: большой обзор обновлений и гаджетов",
        "description": "Текст статьи не удалось получить",
        "data": "2023-06-07, 15:58",
        "rating": 3
    },
    {
        "title": "Современные паттерны навигации в iOS-приложениях",
        "description": "Текст статьи не удалось получить",
        "data": "2023-05-30, 14:33",
        "rating": 10
    },
    {
        "title": "CoreData для базовых задач одним методом",
        "description": "Текст статьи не удалось получить",
        "data": "2023-05-03, 14:49",
        "rating": 5
    },
    {
        "title": "До того, как это стало стримом",
        "description": "Текст статьи не удалось получить",
        "data": "2023-04-17, 14:20",
        "rating": 7
    },
    {
        "title": "Meet Transferable",
        "description": "Текст статьи не удалось получить",
        "data": "2022-12-22, 11:30",
        "rating": 7
    },
    {
        "title": "Ангелы Charles: Как сниффер поможет разработчикам мобильных приложений",
        "description": "Текст статьи не удалось получить",
        "data": "2022-12-05, 11:18",
        "rating": 8
    },
    {
        "title": "Как настроить Charles",
        "description": "Текст статьи не удалось получить",
        "data": "2022-11-28, 16:40",
        "rating": 7
    },
    {
        "title": "Большой экран — большие возможности: адаптация приложений под складные устройства",
        "description": "Текст статьи не удалось получить",
        "data": "2022-10-18, 15:35",
        "rating": 1
    },
    {
        "title": "Новые возможности AndroidX Media и ExoPlayer",
        "description": "Текст статьи не удалось получить",
        "data": "2022-09-19, 15:06",
        "rating": 2
    },
    {
        "title": "Layout Protocol: новые возможности SwiftUI",
        "description": "Текст статьи не удалось получить",
        "data": "2022-08-30, 14:10",
        "rating": 2
    },
    {
        "title": "Как работает WorkManager в Android",
        "description": "Текст статьи не удалось получить",
        "data": "2022-08-11, 12:45",
        "rating": 8
    },
    {
        "title": "Как правильно поставить задачу для разработки",
        "description": "Текст статьи не удалось получить",
        "data": "2022-07-07, 11:03",
        "rating": 5
    },
    {
        "title": "Как мы разрабатывали приложение для Хабрахабра",
        "description": "CleverPumpkin и TM начали предметные переговоры в сентябре 2013 года. На самом деле, беседы о создании приложения начались еще в декабре 2012 года в кулуарах общения Mofas и Boomburum, которые поддерживали дружеские отношения еще с давних времен (когда еще существовал форум palmz.in, и все увлекались кпк). Команда Хабра имела чёткое представление о желании своих пользователей — иметь мобильные приложения, но всё упиралось в отсутствие внешнего API.",
        "data": "2014-04-29, 13:44",
        "rating": 72
    },
    {
        "title": "Pivotal Tracker как инструмент в Waterfall-разработке",
        "description": "На российском рынке аутсорс-разработки не так много компаний, которые используют гибкие методологии разработки (Agile). Всем привычна работа по каскадной модели (Waterfall). Это же относится и к сектору мобильной разработки.\n\nУ заказчика практически всегда есть бюджет или ожидания по стоимости, а также конечная задача — приложение с определенной функциональностью. Однако в продуктовой мобильной разработке применение Agile более оправдано.\n\n\n\nМы занимаемся аутсорс-разработкой мобильных приложений, хотя используем у себя Agile-инструмент — Pivotal Tracker (далее в тексте — PT). Именно об опыте его использования я хочу рассказать вам в этой статье.",
        "data": "2013-10-29, 12:42",
        "rating": 16
    }
]