[
    {
        "title": "HeatStick рулит. Конвектором Ballu",
        "description": "Текст статьи не удалось получить",
        "data": "2021-11-15, 23:34",
        "rating": 10
    },
    {
        "title": "COOLRF WF1: Умный термостат теплого пола",
        "description": "Прошлой осенью, во время капремонта кухни и коридора, я первый раз столкнулся с электрическим теплым полом. У меня появилось три сегмента теплого пола, а в стенах — три термостата. Керамогранит на полу приятно потеплел, а ежемесячный счет за электричество заметно подрос. Мечта про теплый пол трансформировалась в мечту про умный термостат. Под катом описание девайса, который получился в итоге.",
        "data": "2017-09-12, 12:54",
        "rating": 15
    },
    {
        "title": "Знакомьтесь, DMMR2",
        "description": "Успешно завершив тестирование последней версии железа в прошедшее воскресенье, спешим поведать читателям о функциях и особенностях нашего долгожданного DMMR2 — диммера в форм-факторе микромодуля, встраиваемого в стандартный стенной проем (за выключатель), подключающегося к стандартной электропроводке (к разрыву одной линии 220V без каких-либо переделок), управляемого по стандартному Wi-Fi-каналу (уже имеющемуся в практически всех квартирах и домах этой страны).",
        "data": "2015-07-20, 00:42",
        "rating": 17
    },
    {
        "title": "ESP8266: Что внутри «народного wi-fi»?",
        "description": "Наша первая статья о Wi-Fi-чипе ESP8266 была тепло встречена хабра-сообществом. Не смотря на то, что содержала мало конкретной информации. Тому была веская причина — NDA, подписанное нами для получения SDK от производителя решения, компании Espressif. Именно поэтому мы просто рассказали, «вот, есть такое решение». Чтобы заинтересованные имели возможность обратить внимание.\n\nНа днях мы (проект COOLRF, не забудьте подписаться на наше ВКонтакт-сообщество, если вы еще не состоите в нём) получили разрешение производителя чипа на публикацию в наших статьях информации, ранее попадавшей под условия соглашения о неразглашении. Всех, кого интересовали подробности — welcome под кат.",
        "data": "2014-10-06, 10:21",
        "rating": 19
    },
    {
        "title": "ESP8266: Революция в мире интернета вещей",
        "description": "В не столь далекие времена поддержка устройством Wi-Fi-соединения была дорога, громоздка и не энергоэффективна. Разработчики вынуждены были использовать радиоинтерфейсы на базе различных конкурирующих решений. Выдумывали свои «велосипеды» на уровне протоколов. И попадали в заветный Wi-Fi только с использованием дополнительных устройств, реализующих функционал моста. Стоивших весьма заметные деньги.\n\nНо жизнь идет. Технологии стремительно развиваются. Термин «Интернет вещей» все чаще на слуху. Многим производителям микросхем, большим и не очень, наконец-то стало актуальным решить извечную проблему интеграции Wi-Fi в небольшие и недорогие устройства. Чтобы иметь возможность подключить их напрямую в инфраструктуру, уже имеющуюся почти в каждом жилище. Чтобы отъесть как можно больший кусок грядущего нового рынка подключаемых к сети простых устройств.\n\nВ 2014 году сразу несколько производителей объявили о выпуске соответствующих наборов микросхем. Сегодня речь пойдет о чипе ESP8266 китайской компании Espressif. Модулями UART-WIFI на базе этого чипа уже наводнен весь Китай и стоят они всего от $4,5 (с бесплатной международной доставкой).",
        "data": "2014-09-06, 22:18",
        "rating": 70
    },
    {
        "title": "Программирование диммера на радиомодуле nrf24le1 от COOLRF",
        "description": "Продолжаем тему программирования радиомодулей nrf24le1 — на этот раз мы научим диммер от COOLRF работать. После публикации мною статьи про программирование радиомодулей мне предложили поучаствовать в разработке прошивки и предоставили данный диммер для экспериментов.\nВ итоге получился вариант управления диммером через центральный модуль Arduino+Ethernet-nRF24L01 (W5100) или nRF24L01+USB из USBasp а так же с помощью локальной кнопки.",
        "data": "2014-07-24, 09:00",
        "rating": 8
    },
    {
        "title": "COOLRF: дайджест новостей проекта #2",
        "description": "Летом мы стали гораздо реже публиковаться на Хабре. Точнее сказать, перестали публиковаться вовсе. Начались сады-огороды, увеличилась нагрузка на основной работе. Наше сообщество ВКонтакте, собравшее уже более 2800 участников, стало вполне подходить для публикации коротких заметок о ходе проекта, чем мы и пользовались всё это время.\n\nЧто же произошло за два месяца «молчания»? В сегодняшнем «выпуске»: презентация проекта, два новых модуля системы (термостат NB1 и датчик протечки WS1), облачный компилятор для NRF24LE1 и интерфейс управления умным домом.",
        "data": "2014-07-19, 22:21",
        "rating": 33
    },
    {
        "title": "COOLRF: Перезагрузка",
        "description": "Многие хабравчане уже успели заметить необычно большую паузу в наших регулярных публикациях «из жизни COOLRF». За прошедшие более чем полтора месяца случилось много важных событий. Мы потеряли, но потом нашли и благополучно получили посылку с «редкоземельными» компонентами нашего диммера. Компания JetStyle нарисовала отличный дизайн для нашего сайта. Хабрахабр продлил наш бесплатный корпоративный аккаунт (да, полгода пролетели махом!). Мы решили одну аппаратную проблему диммера, но пока не смогли решить другую. Поняли, что текущий аппаратный дизайн диммера не совместим с программным стеком Atmel BitCloud. Расстались с одним участником. Решили вернуться к разработкам на базе NRF24LE1. Начали разработку одного нового интересного решения с новым разработчиком.\n\nИнтересно? Добро пожаловать под кат (осторожно, неожиданно много букв)!",
        "data": "2014-05-14, 22:34",
        "rating": 14
    },
    {
        "title": "Разбираем IBOX, еще один ARM-мини-ПК",
        "description": "Мой прошлый пост про IBOX еще не покрылся плесенью пылью, а кампания по сбору средств успела набрать почти девять килобаксов вместо двух запланированных. Сегодня компьютер можно заказать за $70, до окончания кампании еще 12 дней. На уходящей неделе у меня в руках оказался один из предпродажных экземпляров IBOX. Я разберу его на ваших глазах и расскажу об особенностях нового продукта.",
        "data": "2014-03-30, 21:50",
        "rating": 32
    },
    {
        "title": "COOLRF: доступные тонкие кнопки для «Умного дома»",
        "description": "Недавно мы уже знакомили наших читателей с серией подходящих для «Умного дома» электроустановочных изделий. Хабр силён. После публикации поста у нас случилось неожиданное знакомство с представителем производства. В итоге мигом решилась проблема покупки подходящих пружинок и появилась возможность ближе приглядеться к продукции компании. Много фото ждет вас под катом.",
        "data": "2014-03-16, 13:56",
        "rating": 33
    },
    {
        "title": "IBOX — еще один ARM-мини-ПК",
        "description": "5 марта, перед вселенским женским днём, на известном краудсорсинговом ресурсе Indiegogo началась кампания по сбору средств на создание еще одного миниатюрного ПК на базе ARM. Под катом небольшой предварительный обзор девайса, плюс немного соображений о том, чем он может оказаться лучше своих многочисленных собратьев.",
        "data": "2014-03-10, 15:09",
        "rating": 25
    },
    {
        "title": "Крепление планшета к вертикальной поверхности своими руками",
        "description": "Давайте немного помечтаем и нарисуем в своем воображении портрет «умного выключателя». Это нечто плоское, висящее на стене, или даже вмонтированное в нее. Вместо привычного кнопочного выключателя. Нечто с ярким отзывчивым сенсорным экраном. Который выключен в режиме бездействия, но начинает светиться вполсилы при приближении человека и загорается на полную мощность при поднесении руки к экрану, отображая во всей красе органы локального управления инженерными системами. С помощью встроенного wi-fi «выключатель» может связываться как с интернетом, так и с остальными «выключателями», разбросанными по стенам умного дома. «Выключатель» содержит в себе микрофон и динамик, понимает голосовые команды на разных языках и может что-то сказать в ответ.\n\n«Выключатель» имеет типовую схему крепления к стене, работает от встроенного аккумулятора и заряжается от беспроводной зарядки, вмонтированной внутри стены. Любой «выключатель» может быть снят со своего «посадочного» места и переставлен на другое, например, из коридора в большую комнату. При этом автоматически произойдет смена функции — он станет управлять комнатной люстрой, а не коридорным светильником. Будучи отцепленным от стены «выключатель» так же автоматически переключается в режим беспроводного пульта управления всеми инженерными системами дома.\n\n«Утопия» — скажете вы и будете не правы. Всеми необходимыми аппаратными возможностями для реализации подобного сценария обладает уже сегодня большинство китайских недорогих планшетов. Остается всего-то научиться правильно закреплять их на стенах, заряжать беспроводными зарядками (кстати тоже уже широко доступными и относительно недорогими) и написать требуемый софт. Путь предстоит долгий, но начать идти по нему можно уже сегодня.\n\nПод катом небольшой эксперимент с креплением 7\" планшета магнитами к вертикальной поверхности.",
        "data": "2014-03-04, 22:41",
        "rating": 2
    },
    {
        "title": "COOLRF: новейшая история. Часть первая",
        "description": "Я довольно давно начал интересоваться «умным домом». Одно время пытался быть дилером одного из производителей. Принимал участие в специализированной выставке. Общался с кучей народа. Все хотят, всем интересно. Ни одной продажи от выставочного общения в итоге не случилось. В целом очереди из желающих не возникало. Производитель требовал закупки регулярных не маленьких объемов. Я решил не рисковать и свернул это сотрудничество. Потеряв в результате несколько десятков тысяч рублей вложенных денег.\n\nШло время. На полке стояла коробка с нераспроданными модулями. Случающиеся позывы установить их себе в квартиру всегда оканчивались чтением документации. Кое-где пришлось бы переделывать проводку, кое-где устраивать какие-то хитрые кульбиты с проводами. Мое перфекционистическое мышление не выдерживало этого и коробка продолжала оставаться на своем месте не опустошенная.\n\nПосле каждого такого фейла я начинал искать в интернете варианты замены. Что-то простое, не дорогое и доступное к покупке. И каждый поиск обязательно оканчивался неудачей. Нельзя сказать, что именно те неудачи привели к старту COOLRF. Тогда я совершенно не помышлял о разработке электроники. Начаться проекту помогла череда случайностей.",
        "data": "2014-02-18, 23:44",
        "rating": 7
    },
    {
        "title": "COOLRF: правильный выбор розеток и выключателей умного дома",
        "description": "Какими качествами должны обладать розетки и выключатели умного дома? Они должны быть недорогими, симпатичными внешне, иметь минимальные размеры «в глубину» и уметь работать в «кнопочном» режиме (подобно стандартной кнопке звонка). Найти один такой выключатель в серии какого-нибудь производителя — задача не из легких. Найти серию таких выключателей — задача из области фантастики. Но и фантастика иногда случается. Сегодня мы познакомим вас с розетками и выключателями LK60, которые прекрасно подойдут для инсталляции встраиваемых модулей COOLRF. Под катом довольно много фотографий (трафик!).",
        "data": "2014-02-09, 19:47",
        "rating": 38
    },
    {
        "title": "USB-«свисток» на 2.4Ггц своими руками",
        "description": "Пока первые посылки с нашими модулями едут к своим покупателям, мы подготовили статью, которая поможет им их собрать (если приобретался набор для самостоятельной сборки) или же снять вопросы по схемотехнике (если приобретены модули в сборе). На фото — наш USB-адаптер, который можно приобрести как в виде конструктора, так и полностью собранным и готовым к работе.",
        "data": "2014-01-29, 20:50",
        "rating": 29
    },
    {
        "title": "COOLRF: Ценообразование и инвестиции",
        "description": "Последнее время нас часто спрашивают: «Сколько стоит ваше добро?». Или даже так: «Shut up and take my money!». В своем сообществе ВКонтакте мы уже публиковали и ссылку на GoogleDocs-документ с ценообразованием. Там всё чуток запутано, но необходимые цифры имеются. Сегодня мы публикуем более удобоваримую форму своего прейскуранта, а так же полезную информацию для наших потенциальных инвесторов.",
        "data": "2014-01-25, 18:56",
        "rating": 4
    },
    {
        "title": "DMMR: управление по радиоканалу через USB-«свисток»",
        "description": "Позавчерашняя публикация анонса этого поста в нашем сообществе ВКонтакте вызвала неожиданно бурную реакцию. За прошедшее время мы успели собрать несколько новых радиомодулей, несколько диммеров, несколько USB- и PROG-адаптеров и запрограммировать их. Произведено предварительное тестирование диммеров, установленных в реальных стенах (пока без реализации протокола ZigBee). В однокомнатной квартире-студии и в двухэтажном коттедже из пенополистерол-бетонных блоков (междуэтажные перекрытия — дерево). Всё более чем работоспособно. Даже с простыми печатными антеннами с обоих сторон. Подробности + видео с участием неприбранного рабочего стола — внутри.",
        "data": "2014-01-21, 23:10",
        "rating": 43
    },
    {
        "title": "CoolRF: DIY-диммер и LED-лампы, есть ли дружба?",
        "description": "«Будет ли работать ваш диммер со светодиодными лампами?» — один из наиболее задаваемых нам вопросов. Долгое время мы не могли на него ответить. Сегодня — начинаем исправляться. Под катом вас ждет рассказ, что светодиодного можно купить и где это продается, несколько фото и даже одно небольшое (правда и не очень показательное) видео.",
        "data": "2014-01-11, 15:05",
        "rating": 21
    },
    {
        "title": "CoolRF: дайджест новостей проекта #1",
        "description": "Подходят к концу январские праздники. За эти дни у нас скопилось некоторое количество новостей. Каждая из них интересна, но настолько мала, что не тянет на отдельный пост. Под катом фото новых печатных плат, фото первого собранного диммера (не обошлось без ложки дёгтя), анонс нового участника нашего проекта.",
        "data": "2014-01-07, 23:00",
        "rating": 5
    },
    {
        "title": "DIY-диммер: каково оно, быть за выключателем?",
        "description": "Оказывается, далеко не все смогли правильно понять, как именно предполагается инсталлировать наш DIY-диммер. Приличное количество вопросов в личке связано с этим. Сегодня мы постараемся показать всё на фото.",
        "data": "2013-12-29, 21:28",
        "rating": 6
    },
    {
        "title": "3D-печатный корпус для DIY-диммера",
        "description": "Герой нашего сегодняшнего поста — Алексей Маркин AlexNZ, арт-директор екатеринбуржской компании JetStyle. Алексей не только предложил помочь разработать корпус для нашего диммера, но и во-первых — действительно его разработал, во-вторых — напечатал сам на своем принтере несколько экземпляров, и, в-третьих — красиво сфотографировал результат своей работы. За что мы говорим ему сегодня огромное спасибо!",
        "data": "2013-12-22, 16:55",
        "rating": 18
    },
    {
        "title": "Новогодние печатные платы от HQEW",
        "description": "Полтора месяца ожидания и Почта России смогла это сделать. Тестовый 10 штучный тираж плат от HQEW сегодня таки оказался в наших руках. Качество плат более чем приемлемое. Если сильно вглядываться — даже лучше, чем у ITEAD STUDIO. Более четкая шелкография, лучшее позиционирование. Люди, уже успевшие заказать такие платы будут довольны.",
        "data": "2013-12-17, 21:34",
        "rating": 4
    },
    {
        "title": "Новое сердце CoolRF: чип ATmega128RFA1",
        "description": "Наш новогодний предзаказ премного удивил результативностью. За четыре дня в было заказано больше половины первого тиража печатных плат премьерного модуля. Это при том, что в нем используются довольно редкие компоненты и пока не доступен готовый работающий софт. Многие заказчики прямо написали в комментариях, что очень рады финансово поддержать наш проект таким приобретением. Спасибо вам за это!\n\nВ проект пришел новый участник — Александр Михеев alexmgf. Он тоже из Екатеринбурга. За несколько лет экспериментов у Александра накопилось приличное количество экспириенса как в области разработки электроники, так и в плане написания прошивок под свои разработки. Недавно оно тоже начал публикации на хабре, вот его первая статья.\n\nБеспроводные разработки Александра базируются на чипе ATmega128RFA1. После некоторых раздумий мы решили перебазировать наш проект на использование этого чипа. Это даст нам в полной мере использовать опыт нового участника, а так же сулит ряд других интересных преимуществ. Конечно, есть и отрицательные стороны. Подробности — под катом.",
        "data": "2013-12-13, 09:44",
        "rating": 6
    },
    {
        "title": "DIY-диммер: новогодний предзаказ печатных плат",
        "description": "После последнего поста через группу ВКонтакте выстроилась небольшая, но активная очередь самых заинтересованных в приобретении первых экземпляров наших DIY-диммеров. Как в виде наборов, так и в собранном виде. Мы не планировали сильных ускорений. Планировалось, что до нового года у нас будет только 20 комплектов для сборки диммеров, а следующая поставка ожидалась после длительной паузы. Работа с Китаем вносит свои коррективы. Долгое ожидание посылок, длинный китайский новый год, заканчивающийся чуть ли не в конце февраля.\n\nНо, похоже, реальность окажется не столь угрюмой. Уже до нового года у нас в руках должна оказаться серия из нескольких сотен печатных плат. Которыми мы хотели бы поделиться с особо заинтересованными нашими читателями. Подробности — внутри.",
        "data": "2013-12-07, 00:24",
        "rating": 17
    },
    {
        "title": "DIY-диммер: путеводитель по компонентам",
        "description": "В недавнем прошлом мы поделились с нашими дорогими читателями полным комплектом gerber-файлов. Чтобы все желающие имели возможность заказать себе печатные платы. Так же недорого, как это сделали мы.\n\nСегодня мы делаем следующий шаг. Мы публикуем полную спецификацию электронных компонентов, используемых в нашем DIY-диммере. Мы постарались, чтобы эта спецификация стала понятна даже самым начинающим электронщикам. Под катом большая подробная таблица компонентов с фотографиями (в перспективе) всех используемых элементов.",
        "data": "2013-11-30, 23:27",
        "rating": 16
    },
    {
        "title": "DIY-диммер: платы от Itead Studio прибыли",
        "description": "Почта Гонконга не подвела. Заказ, размещенный 30 октября, сегодня, 20 ноября, уже лежит на нашем столе. Платы приехали в коробочке вот с такой интересной наклеечкой.",
        "data": "2013-11-20, 21:30",
        "rating": 9
    },
    {
        "title": "Алгоритм энергосбережения на практике",
        "description": "От автора\n\nЭто моя первая статья — жду конструктивной критики, мнений, замечаний, вопросов.\n\nПредисловие\n\nЭта статья посвящена решению проблемы энергосбережения, которая присутствовала при разработке ПО радио-модуля под нужды детектирования разрыва\\замыкания цепей и получения температуры.\n\nЧто имеем\n\n\n\nБыл разработан радио-модуль на «борту» которого: «мозг» — atmega128rfa1, со встроенным радиопередатчиком и датчик температуры FM75. Питается устройство от 1-ой батарейки CR2032 (3.3 В, ~200 мА*час).",
        "data": "2013-11-17, 14:24",
        "rating": 27
    },
    {
        "title": "FabLab УрФУ: когда госинициативы бывают полезны",
        "description": "Похоже совсем скоро Екатеринбург станет идеальным городом для старта hardware-проектов. Здесь даже государственная инциатива может принести немалую пользу зарождающемуся бизнесу. Надо лишь знать пароли и явки. Одну из таких явок мы с удовольствием открываем вам сегодня. Под катом более 25 кликабельных фотографий (трафик!). Готовы?",
        "data": "2013-11-09, 23:36",
        "rating": 67
    },
    {
        "title": "DIY-диммер для современных умелых рук",
        "description": "Хотите собрать DIY-диммер, но нет желания/возможности возиться с самостоятельным травлением печатных плат? Пожаловав под кат вы научитесь «делать» такие же красивые платы. Готовый ZIP-архив для заказа на Китайских производствах ждет вас внутри.",
        "data": "2013-11-05, 23:06",
        "rating": 47
    },
    {
        "title": "DIY-диммер для тех, кто хочет сам",
        "description": "В процессе разработки любого проекта многие контрольные точки могут меняться. Порой весьма кардинально. Сегодня мы решили попробовать поменять одну из таких точек своего проекта и опубликовать схему и дизайн печатной платы последней, продуктовой, ревизии нашего DIY-диммера. Чтобы все желающие смогли сами собрать нашу схему и поиграться с ней уже сейчас, не дожидаясь еще не скорого появления на прилавках готовых красивых коробочек «для всех».",
        "data": "2013-10-21, 01:15",
        "rating": 12
    },
    {
        "title": "В гостях у MakeItLab, первого хакспейса Екатеринбурга",
        "description": "Один вечер из жизни первого екатеринбуржского хакспейса. Небольшой рассказ о весьма полезном для всякого самоделкина начинании. Много фото интересного оборудования и проектов, мало слов. В тексте я не постеснялся привести пару ссылок. Хакспейс работает полностью на общественных началах — бесплатный офис в самом центре города, купленное основателями за свой счет совсем не дешевое оборудование. О таком начинании просто обязаны узнать все DIY-шники Екатеринбурга. Под катом 20 больших фотографий.",
        "data": "2013-10-16, 01:08",
        "rating": 67
    },
    {
        "title": "DIY-диммер «Умного дома» на тестовой плате",
        "description": "Порция свежих фото и видео для тех, кого я смог заинтересовать своим умнодомным начинанием. Проект мужает и уже реализован в тестовом железе, которое скоро (надеюсь) приедет ко мне из далекой страны Украины.",
        "data": "2013-09-25, 20:48",
        "rating": 16
    },
    {
        "title": "Первые тесты DIY-диммера «Умного дома»",
        "description": "В своем прошлом посте я рассказал об идее интересного диммера, который скоро должен стать доступен в железе. Сегодня я покажу видео с первыми тестами этого диммера на макетной плате.",
        "data": "2013-09-12, 17:37",
        "rating": 4
    },
    {
        "title": "Инновационный диммер «Умного дома»",
        "description": "Хочу поведать хабровчанам о своем обычно-необычном проекте, который уже скоро должен стать доступен «в железе», а через какое-то время (при наличии достаточного интереса) сможет быть самостоятельно изготовлен «на коленке» любым экономным гиком с паяльником в руках.",
        "data": "2013-09-08, 01:16",
        "rating": 11
    }
]