[
    {
        "title": "DevOps спит, консоль работает. Как сократить путь от разработки до внедрения приложения",
        "description": "Текст статьи не удалось получить",
        "data": "2023-07-11, 13:00",
        "rating": -2
    },
    {
        "title": "Логировали, логировали, да вылогировали. Почему мы сменили EBK на Loki",
        "description": "Текст статьи не удалось получить",
        "data": "2023-06-20, 13:10",
        "rating": 12
    },
    {
        "title": "Муки выбора, или Как найти идеальную систему мониторинга. Опыт dBrain",
        "description": "Текст статьи не удалось получить",
        "data": "2023-06-01, 08:55",
        "rating": 4
    },
    {
        "title": "Готовим из ванильного Kubernetes PaaS-платформу для создания кластера. Опыт dBrain",
        "description": "Текст статьи не удалось получить",
        "data": "2023-05-11, 09:30",
        "rating": 2
    },
    {
        "title": "Внедрение баз данных с бэкапированием и репликацией при помощи консоли dBrain. Как это работает",
        "description": "Текст статьи не удалось получить",
        "data": "2023-04-27, 09:50",
        "rating": 0
    }
]