[
    {
        "title": "Как управлять инфраструктурой при переходе на GitOps",
        "description": "Текст статьи не удалось получить",
        "data": "2023-06-14, 09:00",
        "rating": 7
    },
    {
        "title": "Под капотом: как работает мгновенный поиск перелетов",
        "description": "Текст статьи не удалось получить",
        "data": "2023-05-25, 08:30",
        "rating": 5
    },
    {
        "title": "Управлять инструментом, который управляет всем: наш путь к GitOps",
        "description": "Текст статьи не удалось получить",
        "data": "2023-05-10, 09:00",
        "rating": 3
    }
]