[
    {
        "title": "Доказательство с нулевым разглашением на примере реализации SRP в ProtonMail",
        "description": "Текст статьи не удалось получить",
        "data": "2023-02-22, 09:14",
        "rating": 16
    },
    {
        "title": "Eppie: чего не хватает новому интернету?",
        "description": "Текст статьи не удалось получить",
        "data": "2022-08-27, 10:00",
        "rating": 20
    }
]