[
    {
        "title": "Автотестирование на один шаг ближе: как мы внедрили новую TMS и в чём её плюсы",
        "description": "Текст статьи не удалось получить",
        "data": "2023-06-29, 17:48",
        "rating": 9
    },
    {
        "title": "Пиши, планируй, управляй: как Notion AI упростил проджект-менеджмент, работу с текстами и другими задачами",
        "description": "Текст статьи не удалось получить",
        "data": "2023-05-30, 11:55",
        "rating": 10
    },
    {
        "title": "Битва умов: как мы в Fix Price тестировали ChatGPT и Claude",
        "description": "Текст статьи не удалось получить",
        "data": "2023-04-20, 11:45",
        "rating": 13
    },
    {
        "title": "Как мы упростили процесс трудоустройства в Fix Price с помощью создания лендинга и рассылки в мессенджерах",
        "description": "Текст статьи не удалось получить",
        "data": "2023-02-28, 18:50",
        "rating": 8
    },
    {
        "title": "Подрядчик или сотрудник в штат: что выгоднее для снижения бэклога и TTM?",
        "description": "Текст статьи не удалось получить",
        "data": "2023-01-31, 12:24",
        "rating": 3
    },
    {
        "title": "Нет пустым полкам: система логистики Fix Price изнутри. Часть вторая",
        "description": "Текст статьи не удалось получить",
        "data": "2022-12-26, 11:41",
        "rating": 1
    },
    {
        "title": "Как нагрузочное тестирование помогло Fix Price переехать на собственную платформу",
        "description": "В IT-среде до сих пор живуч стереотип, что нагрузочное тестирование нужно исключительно, чтобы узнать максимальную пропускную способность инфраструктуры. И что нагрузочное делается либо перед масштабной акцией типа Чёрной пятницы, либо после того, как сайт всё-таки не выдержал и упал — чтобы узнать, при каком RPS это произошло.\n\nОднако само по себе знание текущего предельного RPS не даст вам ничего. Да и смысл проводить нагрузочное тестирование ПОСЛЕ аварии, конечно, есть, но гораздо рациональнее сделать его ДО неё. Чтобы она даже не случилась. А уж когда речь идёт не просто об ожидаемой лавине трафика, а о том, что эта лавина хлынет на новую инфраструктуру… Словом, вот в меру захватывающая история о том, как нагрузочное тестирование помогло одному из крупнейших ритейлеров, компании Fix Price, переехать без боли, пожара и бессонных ночей.\n\nДля начала несколько слов про саму компанию. У неё почти 5,5 тысячи розничных магазинов в России и странах СНГ, так что название и логотип знакомы, без преувеличения, каждому читателю этой статьи. Но помимо оффлайновой сети есть сайт с доставкой, личным кабинетом пользователя и электронным каталогом. До недавнего момента основная нагрузка лежала на платформе Битрикс (fix-price.ru), но в 2020 году начались работы по созданию собственной платформы fix-price.com.",
        "data": "2022-12-22, 16:04",
        "rating": 28
    },
    {
        "title": "Нет пустым полкам: система логистики Fix Price изнутри",
        "description": "Текст статьи не удалось получить",
        "data": "2022-11-30, 15:33",
        "rating": 6
    },
    {
        "title": "Как мы в Fix Price внедряли систему Keycloak",
        "description": "Текст статьи не удалось получить",
        "data": "2022-10-26, 14:55",
        "rating": 14
    },
    {
        "title": "Как интеллектуальная система поиска локаций помогает Fix Price открывать в среднем по 2 новых магазина ежедневно",
        "description": "Текст статьи не удалось получить",
        "data": "2022-09-15, 11:28",
        "rating": 8
    }
]