[
    {
        "title": "Развертывание бразильского кластера Flowwow",
        "description": "Текст статьи не удалось получить",
        "data": "2023-03-24, 18:37",
        "rating": 0
    },
    {
        "title": "Как применить Spotify-модель в растущей команде разработки?",
        "description": "Текст статьи не удалось получить",
        "data": "2022-11-07, 15:21",
        "rating": 3
    },
    {
        "title": "Senior Мама: быть многодетной матерью и ведущим разработчиком в продуктовой компании. Личный кейс",
        "description": "Текст статьи не удалось получить",
        "data": "2022-08-18, 13:46",
        "rating": 1
    },
    {
        "title": "Кейс Flowwow: как наладить QA в компании с очень динамичным продуктом",
        "description": "Текст статьи не удалось получить",
        "data": "2022-08-04, 12:59",
        "rating": 3
    },
    {
        "title": "Как масштабировать сервис в 20 раз и свернуть обратно за один день",
        "description": "Текст статьи не удалось получить",
        "data": "2022-06-10, 14:05",
        "rating": 5
    },
    {
        "title": "Оптимизируй, если сможешь: как мы рассчитываем спрос на подарки с помощью ML",
        "description": "Текст статьи не удалось получить",
        "data": "2022-03-22, 16:30",
        "rating": 2
    },
    {
        "title": "Карты, деньги, два букета. Как мы пришли к собственному сервису доставки",
        "description": "Текст статьи не удалось получить",
        "data": "2021-12-24, 15:55",
        "rating": 8
    },
    {
        "title": "Кастомный API для маршрутизации звонков: зачем и как",
        "description": "Текст статьи не удалось получить",
        "data": "2021-09-29, 10:00",
        "rating": 0
    },
    {
        "title": "Автоматизация при помощи бота или как из истерии по роботам сделать полезное решение",
        "description": "За то долгое время, что мы не писали, произошло невероятное количество событий. Начнем с того, что в мире набирает обороты ажиотаж вокруг чат-ботов, про них говорят и пишут столько, что уже хочется установить информационный фильтр, и понятно почему. Шума много, но все больше вопросов из серии: «А где результат? Где кейсы?» Мы согласны с этими вопросами, поэтому добавим немного ответов.",
        "data": "2016-05-27, 16:04",
        "rating": -4
    },
    {
        "title": "Инвесторы и стартапы, мысли вслух. Опыт Flowwow",
        "description": "Инвесторы и стартапы, полезные мысли, опыт Flowwow.\n\nЕду в поезде Минск — Брест, в вагоне играет песня «Ах какая женщина…» и тут мне пришла в голову мысль написать небольшую заметку об инвесторах и нашей работе с ними.\nТема для меня относительно не новая, потому что я достаточно часто взаимодействую с инвесторами и уже успел накопить небольшой опыт работы с ними и поэтому хочу поделиться с вами.\nИнвесторы делятся на несколько типов:\n— бизнес-ангелы\n— фонды\n— что-то среднее между фондом и бизнес-ангелом\nФонды можно разделить на «окологосударственные» и частные, есть крупные фонды, есть мелкие. Бизнес-ангелов можно разделить на несколько типов:\n— профессиональные бизнес-ангелы (в России их по пальцам пересчитать)\n— непрофессиональные бизнес-ангелы, это просто люди с рынка, у которых есть деньги, которые они решаются использовать как-то более интересно, чем обесценивать в банках.",
        "data": "2015-08-08, 15:45",
        "rating": 7
    },
    {
        "title": "Акселерация для стартапа на примере FlowWow",
        "description": "Акселераторы. Боюсь даже посчитать, сколько их уже создано в мире, да и в России их становится все больше. Но нашей команде удалось побывать в самых первых и, на мой взгляд, самых известных сейчас в РФ акселераторах.\n\n\n\nПервый — это наш дорогой и очень любимый «пионерский лагерь» первого набора Яндекс.Старт (выше на фото наш выпуск). Так получилось, что аж 3 члена команды FlowWow прошли эту школу. Более того",
        "data": "2015-06-11, 15:37",
        "rating": 8
    },
    {
        "title": "Как собрать команду мечты без денег. Опыт FlowWow.com",
        "description": "В прошлом выпуске вы увидели, как можно проверить идею быстро и без денег. Это просто и даже интересно.\nСегодня я расскажу вам, как я собрал команду мечты – команду Flowwow, расскажу об ошибках, которые часто допускают и особенностях подбора сотрудников на примере своей истории.\n\nО том, где искать сотрудников.\n\nПосле Tolstoy Startup Camp нам неожиданно сообщили, что команда проекта, над которым мы работали в кэмпе, Bustourpro (SAAS для организации автобусных туров) прошла в первый Акселератор ФРИИ, тогда еще совершенно неизвестной организации. Если честно, то после кэмпа у меня было ощущение, что я и так все знаю, и обучение в каком-то акселераторе мне не очень нужно, поэтому я ходил только на те лекции, которые касались исключительно маркетинга, ведь в Bustourpro я занимался маркетингом.\n\nЧерез некоторое время я понял, что проект не очень хорошо идет, ценность продукта достаточно натянута, да и в команде никто не хочет создавать действительно крутой продукт и зарабатывать деньги. Поэтому я стал постепенно остывать к проекту и все меньше им заниматься.",
        "data": "2015-05-29, 11:55",
        "rating": 5
    },
    {
        "title": "С чего стоит начать делать стартап, опыт FlowWow",
        "description": "Привет, меня зовут Андрей Макеев, я сооснователь сервиса Flowwow.com. Это агрегатор цветочных магазинов.\n\nВ своих первых публикациях я решил перенестись в сентябрь 2013 года, когда FlowWow был лишь идеей, и далее по порядку рассказывать об уроках и опыте, которыми бы хотелось поделиться.\n\nЖурналисты часто спрашивают: «Как появилась идея сделать FlowWow?». Честно говоря, я не люблю врать и рассказывать эти громкие истории о том, что я сидел дома и хотел отправить цветы, а тут все так плохо работает. Нет! Все намного прозаичней: я только вернулся из Москвы после кемпа Яндекса (Tolstoy Startup Camp), где получил нереальный заряд энергии и знаний. Я встретился со своим другом и коллегой Славой, с которым еще со студенческих лет мы занимаемся разными проектами. Мы купили китайской лапши в коробочках и пришли в парк к озеру. Я достал свой блокнот, который всегда ношу с собой, и мы стали просто перечислять идеи, записывать их и критиковать.",
        "data": "2015-04-27, 14:46",
        "rating": 11
    }
]