[
    {
        "title": "Как поднять вовлеченность сотрудников или три ключа к пассионарности",
        "description": "Текст статьи не удалось получить",
        "data": "2023-05-29, 10:58",
        "rating": -1
    },
    {
        "title": "А ты точно управленец?",
        "description": "Текст статьи не удалось получить",
        "data": "2023-04-24, 17:25",
        "rating": 4
    },
    {
        "title": "Психотипирование для бизнеса: зачем нужно и как стать экспертом",
        "description": "Текст статьи не удалось получить",
        "data": "2023-04-09, 18:30",
        "rating": 9
    },
    {
        "title": "ХЗ в ТЗ по стратегии и психотипирование как бизнес-стратегия",
        "description": "Текст статьи не удалось получить",
        "data": "2023-03-28, 13:20",
        "rating": 13
    },
    {
        "title": "Почему мы отказываемся от стратегических сессий",
        "description": "Текст статьи не удалось получить",
        "data": "2023-03-16, 11:25",
        "rating": 38
    },
    {
        "title": "Ошибки при внедрении OKR как системы исполнения стратегии. Опыт Хабра",
        "description": "Текст статьи не удалось получить",
        "data": "2022-01-20, 10:50",
        "rating": 18
    },
    {
        "title": "Роль HRD при разработке стратегии",
        "description": "Текст статьи не удалось получить",
        "data": "2021-09-03, 10:22",
        "rating": 14
    },
    {
        "title": "Стратегия своими руками",
        "description": "Он стратег, он даже тактик, словом — спец,\nСила, воля, плюс характер — молодец!\n\nВ. Высоцкий\n\nНикогда не писал статей для Хабра, даже комментариев. И на тематические порталы не выкладывал ничего лет 5.\n\nНо недавно прочитал на Хабре материал об отсутствии стратегий у компаний и не смог пройти мимо — опросы под статьёй показывают, что проблема волнует многих. Решил поделиться своим опытом и объяснить, почему важно понимать не только куда идти, но и каким маршрутом. К тому же я имею отношение к стратегии самого Хабра (статью, на которую я откликаюсь, можно прочитать здесь).",
        "data": "2021-04-21, 11:32",
        "rating": 37
    }
]