[
    {
        "title": "От потоков к корутинам: как и почему видоизменились примитивы синхронизации в языке Kotlin (Часть 1)",
        "description": "Текст статьи не удалось получить",
        "data": "2023-07-14, 14:18",
        "rating": 9
    },
    {
        "title": "Свин-деп: как мы в компании развиваем компетенцию PigOps",
        "description": "Текст статьи не удалось получить",
        "data": "2023-06-01, 15:03",
        "rating": 14
    },
    {
        "title": "Опыт Garage Eight: Как мы улучшали нашу AT-систему",
        "description": "Текст статьи не удалось получить",
        "data": "2023-05-15, 17:07",
        "rating": 10
    },
    {
        "title": "Куда приложить машинное обучение?",
        "description": "Текст статьи не удалось получить",
        "data": "2023-04-26, 12:17",
        "rating": 2
    },
    {
        "title": "Алерты в микросервисной архитектуре",
        "description": "Текст статьи не удалось получить",
        "data": "2023-04-13, 13:05",
        "rating": 3
    },
    {
        "title": "Не цель важна, а важен путь. Как определить оптимальную подпоследовательность тем при автоматизации чатов",
        "description": "Текст статьи не удалось получить",
        "data": "2023-03-23, 13:51",
        "rating": 10
    },
    {
        "title": "Горизонтальная структура команды разработки, или Как доводить ML проекты до продакшена",
        "description": "Текст статьи не удалось получить",
        "data": "2023-02-15, 13:17",
        "rating": 11
    },
    {
        "title": "Как рождается, живет и умирает машинное обучение внутри компании?",
        "description": "Текст статьи не удалось получить",
        "data": "2023-01-25, 17:32",
        "rating": 14
    },
    {
        "title": "Брокер сообщений NATS: как мы решали проблему скоростной и стабильной доставки сообщений",
        "description": "Текст статьи не удалось получить",
        "data": "2023-01-06, 11:15",
        "rating": 12
    },
    {
        "title": "Что делают дата-инженеры, когда данные сами движутся между десятками систем?",
        "description": "Текст статьи не удалось получить",
        "data": "2022-12-22, 17:41",
        "rating": 10
    },
    {
        "title": "Мне нужна твоя поддержка: как запустить чат-бот на восьми языках быстро, без разметки и смс",
        "description": "Текст статьи не удалось получить",
        "data": "2022-11-28, 16:04",
        "rating": 8
    },
    {
        "title": "Все библиотеки имеют фатальные недостатки, или Как мы изобретали Retrofit-подобный велосипед для JSON-RPC протокола",
        "description": "Текст статьи не удалось получить",
        "data": "2022-11-14, 11:10",
        "rating": 12
    }
]