[
    {
        "title": "Как мы продукт на PostgreSQL переводили",
        "description": "Текст статьи не удалось получить",
        "data": "2023-05-17, 10:35",
        "rating": 18
    },
    {
        "title": "Что у CDI под капотом? Расскажем на конференции по клиентским данным",
        "description": "Текст статьи не удалось получить",
        "data": "2023-03-23, 10:30",
        "rating": 4
    },
    {
        "title": "Почему компании продолжают звонить и писать отказавшимся от коммуникаций клиентам",
        "description": "Текст статьи не удалось получить",
        "data": "2023-01-10, 12:22",
        "rating": 14
    },
    {
        "title": "«Кто согласовал такую фигню?» — будни переговорщиков из IT",
        "description": "Текст статьи не удалось получить",
        "data": "2022-11-25, 12:41",
        "rating": 47
    },
    {
        "title": "Погружение в IT Узбекистана: о чём говорили и что показывали на форуме в Самарканде",
        "description": "Текст статьи не удалось получить",
        "data": "2022-11-09, 13:26",
        "rating": 18
    },
    {
        "title": "Как небольшой IT-компании запустить обучающий курс: рассказываем о своём опыте",
        "description": "Текст статьи не удалось получить",
        "data": "2022-09-28, 10:46",
        "rating": 12
    },
    {
        "title": "Девять дней в тишине, или Зачем айтишнику випассана",
        "description": "Текст статьи не удалось получить",
        "data": "2022-08-04, 11:17",
        "rating": 54
    },
    {
        "title": "Братья-близнецы, клиентский MDM в банке и три факапа, которые заставили нас изменить продукт",
        "description": "Текст статьи не удалось получить",
        "data": "2022-06-30, 10:30",
        "rating": 12
    },
    {
        "title": "Есть ли кому-то дело до утечек персональных данных?",
        "description": "Текст статьи не удалось получить",
        "data": "2022-06-28, 17:11",
        "rating": 3
    },
    {
        "title": "Как живут клиентские данные в Yota",
        "description": "Текст статьи не удалось получить",
        "data": "2022-06-21, 10:20",
        "rating": 14
    },
    {
        "title": "Что быстро проверить у контрагента, чтобы не нарваться на мошенника",
        "description": "Текст статьи не удалось получить",
        "data": "2022-06-16, 14:00",
        "rating": 3
    },
    {
        "title": "Пока, ФИАС! Рассказываем, как устроен адресный справочник ГАР",
        "description": "Текст статьи не удалось получить",
        "data": "2022-03-03, 14:05",
        "rating": 19
    },
    {
        "title": "Как обучить джунов QA за 3 дня (сборник материалов)",
        "description": "Текст статьи не удалось получить",
        "data": "2021-12-21, 17:33",
        "rating": 17
    },
    {
        "title": "[Запись] Анонсировали новый продукт HFLabs — «Центр управления согласиями»",
        "description": "Текст статьи не удалось получить",
        "data": "2021-12-02, 17:25",
        "rating": 10
    },
    {
        "title": "Сделали «ФИАС» на основе ГАР. Пока он открыт для всех. Подойдет вместо почившего справочника ФНС",
        "description": "Текст статьи не удалось получить",
        "data": "2021-10-07, 17:00",
        "rating": 9
    },
    {
        "title": "Из аэрокосмической области в QA: история тестировщика, который совсем не планировал работать тестировщиком",
        "description": "Текст статьи не удалось получить",
        "data": "2021-08-10, 15:32",
        "rating": 14
    },
    {
        "title": "Роскомнадзор душит с защитой персональных данных. Как с этим на Западе?",
        "description": "Текст статьи не удалось получить",
        "data": "2020-12-24, 16:24",
        "rating": 30
    },
    {
        "title": "Как мы находим, адаптируем и сохраняем IT-специалистов в кровавом энтерпрайзе",
        "description": "Текст статьи не удалось получить",
        "data": "2020-12-16, 12:45",
        "rating": 24
    },
    {
        "title": "Челленджи, лысые головы и вино. Как мы в HFLabs переживаем самоизоляцию",
        "description": "В HFLabs работают 82 человека — из них ≈70 [было] в московских офисах. Самоизолировались, конечно. Но дома скучно или, наоборот, чересчур суетно — например, когда ты заперт в однушке с детьми. Работать так днями напролет — тяжеловато.\n\nУже на вторую неделю карантина главные бодряки компании задумались, как разнообразить трудовые будни. И накидали решений. Расскажу, что нового появилось в корпоративной, не побоюсь этого слова, культуре HFLabs за последнее время.\n\nМетоды HFLabs подойдут не каждой компании. Если у вас принято застегиваться на все пуговицы, быть подчеркнуто серьезным и деловым, развлечения из этой статьи не зайдут.",
        "data": "2020-04-08, 14:23",
        "rating": 16
    },
    {
        "title": "Как определить оператора и регион по номеру телефона",
        "description": "Полезно знать, какого телефонного оператора выбрал клиент и в каком регионе. Тогда можно разбить клиентскую базу географически и не звонить ночами. Или проводить промоакции вместе с операторами. А некоторые наши заказчики экономят: для каждого оператора выбирают самого дешевого СМС-агрегатора.\n\nПоэтому «Дадата» с давних пор находит оператора по номеру телефона. Алгоритм простой — сделай и пользуйся. Разве что в 2013 году, когда отменили «мобильное рабство», пришлось чуть скорректировать процесс. В этой статье расскажу, как у нас все работает.\n\nВ процессе есть большая сложность — получить доступ к базе перенесенных номеров. Частным лицам его не выдают, да и компаниям придется тяжело. Об этом — в отдельном разделе.",
        "data": "2020-02-20, 14:10",
        "rating": 14
    },
    {
        "title": "Как посчитать «похожесть» номеров в паспортах. И найти одинаковые даже с опечатками",
        "description": "Продукты HFLabs ищут дублированных клиентов в базах федеральных компаний. Очевиднейший способ найти одинаковые клиентские карточки — сравнить паспорта или другие документы, удостоверяющие личность.\n\nРаньше мы сравнивали номера документов строго: одинаковые — отлично, нет — извините. На ручной разбор из-за опечатки в номере уходили даже те карточки, у которых совпадали ФИО и адреса́ проживания. Такой подход излишне нагружал персонал заказчиков.\n\nПоэтому мы с головой залезли в данные, изучили статистику и вывели критерии — когда разные номера действительно разные, а когда дело в опечатках. Рассказываю, как работает алгоритм.",
        "data": "2020-01-15, 13:52",
        "rating": 14
    },
    {
        "title": "Как проверить паспорт на действительность",
        "description": "Реквизиты паспорта — не просто набор цифр, в них закодирован вагон информации. Если правильно расшифровывать и сопоставлять реквизиты, подозрительные документы мгновенно всплывут на поверхность. Продукты HFLabs уже 14 лет проверяют клиентские данные в банках, страховых, телекомах и другом крупном бизнесе. Расскажу, как мы распознаем ошибки в российских паспортах.",
        "data": "2019-12-05, 17:00",
        "rating": 130
    },
    {
        "title": "Хакатон в небольшой компании: как устроить, не вваливая вагон ресурсов",
        "description": "Это статья о том, как я впервые провел хакатон для команды. Прокачанным организаторам материал наверняка покажется слишком простым, а история — наивной. Я ориентировался на тех, кто только знакомится с форматом и думает, устраивать ли такое мероприятие.\n\nHFLabs делает сложные штуки с данными: мы чистим и обогащаем контакты клиентов для больших компаний и строим клиентские базы на сотни миллионов записей. В московских офисах трудятся 65 человек, еще около десятка — удаленно из других городов.\n\nЛюбая работа порой не то чтобы надоедает, но становится пресноватой. В этот момент полезно сменить фокус, попробовать что-то новое. Поэтому мы с полгода присматривались к хакатонам.\n\nХакатон — это такое состязание для айтишников: несколько команд собираются и два дня подряд решают сложные задачи. Обычно соревнуясь за приз, который присуждает жюри.\n\nНам хотелось опробовать формат и развлечься, но классический хакатон — довольно масштабная, хлопотная и дорогая затея. Поэтому мы провели лайт-версию почти без бюджета. А в итоге остались довольны и даже сделали кое-что полезное.",
        "data": "2019-11-07, 14:51",
        "rating": 13
    },
    {
        "title": "Как наладить поиск адреса по координатам (и где взять нужный справочник)",
        "description": "Весной мы добавили в API DaData.ru фичу «Обратное геокодирование», она же «Адрес по координатам». Название намекает: метод принимает геокоординаты и отдает данные об адресе.\n\nСолидный продукт с той же функциональностью предлагает «Яндекс» — он называется «Геокодер». Но сервис «Яндекса» бесплатен только для открытых некоммерческих проектов. Стандартный же тариф — от 120 000 ₽ в год — подходит не всем.\n\nМы подумали — если сделать бесплатную или недорогую альтернативу «Геокодеру», разработчики наверняка скажут спасибо. И сделали. В статье расскажу, как устроен «Адрес по координатам»: как мы наладили поиск, собрали справочник и упаковали в готовый метод.",
        "data": "2019-09-19, 15:29",
        "rating": 31
    },
    {
        "title": "Собрали всем «Хабром» справочник «Кем выдан…» для паспортов. Качайте на здоровье",
        "description": "С пару месяцев назад мы поэкспериментировали: получится ли на «Хабре» собрать годный справочник подразделений, выдавших российские паспорта. Дело полезное: эти данные нужны много кому, канонического источника нет, а существующие — очень так себе.\n\nИ знаете, все получилось. Пригодный к использованию справочник готов, можно качать и пользоваться. А еще мы сделали подсказки, которые ускоряют ввод подразделений в электронные формы.",
        "data": "2019-04-18, 14:02",
        "rating": 55
    },
    {
        "title": "Эксперимент: собираем справочник подразделений, выдавших паспорт",
        "description": "Самое утомительное поле при вводе паспорта — «Кем выдан». Вбивать в форму какое-нибудь «Отделом внутренних дел Медведевского района республики Марий Эл» муторно. Люди злятся, сокращают название как придется, ошибаются.\n\nБыло бы здо́рово подсказывать варианты по коду подразделения.",
        "data": "2019-02-28, 14:04",
        "rating": 42
    },
    {
        "title": "Все ругают самописные тестовые фреймворки. А мы своим довольны",
        "description": "Меня зовут Елена Расторгуева, я отвечаю за продукт «Фактор» в HFLabs. «Фактор» — чертовски сложный алгоритмический enterprise, он обрабатывает данные в промышленных масштабах.\n\nВ статье я расскажу, как мы начинали тестировать «Фактор», как развивали автотесты и почему пришли к самописным фреймворкам.",
        "data": "2019-01-24, 15:14",
        "rating": 31
    },
    {
        "title": "Данные бывают смешными (и вот примеры)",
        "description": "Мы в HFLabs перелопачиваем колоссальное количество данных: адреса, ФИО, реквизиты компаний, документы. Весь год писали о сложных и полезных штуках, но пора и честь знать. Перед праздниками — подборка смешных данных, что нам принес 2018-й.",
        "data": "2018-12-28, 14:17",
        "rating": 49
    },
    {
        "title": "Редактируем CSV-файлы, чтобы не сломать данные",
        "description": "Продукты HFLabs в промышленных объемах обрабатывают данные: адреса, ФИО, реквизиты компаний и еще вагон всего. Естественно, тестировщики ежедневно с этими данными имеют дело: обновляют тест-кейсы, изучают результаты очистки. Часто заказчики дают «живую» базу, чтобы тестировщик настроил сервис под нее.\n\nПервое, чему мы учим новых QA — сохранять данные в первозданном виде. Все по заветам: «Не навреди». В статье я расскажу, как аккуратно работать с CSV-файлами в Excel и Open Office. Советы помогут ничего не испортить, сохранить информацию после редактирования и в целом чувствовать себя увереннее.\n\nМатериал базовый, профессионалы совершенно точно заскучают.",
        "data": "2018-12-13, 15:00",
        "rating": 29
    },
    {
        "title": "Миграция данных в кровавом энтерпрайзе: что анализировать, чтобы не завалить проект",
        "description": "Типичный проект системной интеграции для нас выглядит так: у заказчика вагон систем для учета клиентов, задача — собрать клиентские карточки в единую базу. И не только собрать, а еще очистить от дублей и мусора. Чтобы на выходе получились чистые, структурированные, полные карточки клиентов.\n\nДля начинающих поясню, что миграция идет по такой схеме: источники → преобразование данных (отвечает ETL или шина) → приемник.\n\nНа одном проекте мы потеряли три месяца просто потому, что сторонняя команда интеграторов не изучала данные в системах-источниках. Самое обидное, что этого можно было избежать.",
        "data": "2018-11-30, 14:01",
        "rating": 35
    },
    {
        "title": "Помогаем выплыть: как ввести новичков в сложный проект",
        "description": "Всем привет! Меня зовут Михаил Берёзин, я — тимлид в HFLabs. Мы делаем очень сложный enterprise-софт для банков, сотовых операторов, страховых компаний, ритейлеров.\n\nПолгода назад мы совершили большую ошибку: набрали в команду сразу 8 человек, штат вырос в 2 раза. Раньше никогда не брали так много людей скопом, поэтому забуксовали с онбордингом новичков. Расскажу, как справились с проблемой.",
        "data": "2018-08-23, 15:01",
        "rating": 20
    },
    {
        "title": "Подсказки «Дадаты» помогают заполнить любые формы ввода. Теперь заживем",
        "description": "«Подсказки» помогают быстро и без ошибок заполнить поля ввода на сайтах и в CRM.\n\nДанные для подсказок мы берем из разных справочников, раньше их было всего пять: ФИО, емейлы, почтовые адреса, реквизиты компаний и банков. С самого первого релиза нас просили добавить в «Подсказки» то один справочник, то другой. Мы бы и рады были, да не могли. Зато теперь можем!\n\nС июля «Подсказки» понимают любые датасеты в формате CSV: марки автомобилей, валюты, торговые точки, хоть имена близких.\n\nТеперь пользователи быстро и без ошибок вводят что угодно.",
        "data": "2018-07-31, 15:06",
        "rating": 22
    },
    {
        "title": "Как интернет-магазины теряют деньги из-за адреса в форме заказа",
        "description": "Давненько мы не разбирали формы заказа. В этом выпуске — две ошибки, из-за которых интернет-магазины и службы доставки постоянно теряют деньги. А клиенты при этом вообще раскаляются.",
        "data": "2018-07-17, 14:05",
        "rating": 50
    },
    {
        "title": "Боремся с ошибками и «костылями» в ЕГРЮЛ — госреестре юридических лиц",
        "description": "На прошлой неделе мы выпустили статью про устройство ЕГРЮЛ — госреестра с данными 10 миллионов компаний. Тот материал рассказывает о базовых вещах, поэтому начать лучше с него.\n\nЗдесь же мы раскроем богатую и благодатную тему — проблемы ЕГРЮЛа, которые не дают нашим разработчикам заскучать.",
        "data": "2018-06-22, 14:03",
        "rating": 21
    },
    {
        "title": "Как устроен ЕГРЮЛ — единый госреестр юридических лиц",
        "description": "ЕГРЮЛ — это государственный реестр юридических лиц, в котором хранятся данные 10 миллионов российских компаний. Управляет справочником ФНС.\n\nИз ЕГРЮЛ мы берем данные организаций для «Подсказок», «Единого клиента» и «Фактора». В статье расскажем, как мы жили до справочника, как получаем к нему доступ и как с ним работаем.",
        "data": "2018-06-15, 16:27",
        "rating": 31
    },
    {
        "title": "Как устроены адресные подсказки «Дадаты»",
        "description": "«Дадата» с 2014 года пилит «Подсказки». Они помогают быстро и без ошибок вводить контактные данные: адреса, реквизиты банков и компаний, емейлы — вот это все.\n\nШтука устроена затейливо, и мы решили о ней рассказать. Возьмем подсказки по адресам, потому что они самые сложные.\n\nСправочники и индексация\n\n«Подсказки» знают, что подсказывать, потому что у них есть гигантские справочники. Хоть статья эта о подсказках по адресам, для пользы дела перечислю и другие справочники «Дадаты».",
        "data": "2018-02-27, 14:14",
        "rating": 37
    },
    {
        "title": "Пошел ты на три веселых слова! Новое геокодирование и what3words.com",
        "description": "В 2013 году два айтишника и музыкант собрались и подумали: давайте разобьем всю Землю на квадраты, а потом пометим каждый квадрат тремя словами. И разбили. И пометили.\n\nПолучился бесплатный сервис what3words.com, который замахнулся на революцию в геокодировании. Ребята уверяют, что почтовые адреса и координаты не годятся для повседневной жизни. Пора от них отказываться там, где возможно.\nПочтовый адрес GPS-координаты Адрес What3words\nРоссия, Москва, Турчанинов переулок,\nд 6 стр 2 55.737208, 37.597091 Именины.птичий.туннель\nКазалось бы, таких революционеров пруд пруди, но у what3words.com есть важное отличие: сервис взлетел. Им пользуются автопроизводители вроде Land Rover, правительства африканских стран и даже ООН.",
        "data": "2018-01-31, 15:55",
        "rating": 37
    },
    {
        "title": "Задача со звездочкой: как мы перекодировали ФИАС в КЛАДР",
        "description": "С 1 января ФНС перестанет обновлять адресный справочник КЛАДР. Он официально устареет, останется один ФИАС. Но многие промышленные системы до сих пор работают с КЛАДР. Поставщики не собираются их обновлять, а переделывать своими руками бизнесу выходит долго и дорого.\n\nМы послушали клиентов и придумали решение: взять ФИАС, который живее всех живых, и написать перекодировщик в КЛАДР.\n\nСо стороны задача кажется легкой. Нам так и говорили: «То есть вы просто берете ФИАС и переделываете в КЛАДР?». На деле никакого «просто» нет. У справочников совсем разные структуры и непонятно, как из подкачанного ФИАС раскидать данные в неказистый КЛАДР. При этом общей документации для справочников нет.\n\nЭто было веселье, которым мы сейчас щедро поделимся.",
        "data": "2017-12-20, 12:27",
        "rating": 37
    },
    {
        "title": "Как «Дадата» ищет дубли в списках торговых точек. Разбираем алгоритм",
        "description": "Наши клиенты хранят списки из тысяч компаний, и обычно там первозданный хаос.\n\nВозьмем список торговых точек, через которые сельхозпроизводитель продает товары по всей стране. Названия магазинов пишут как хотят, поэтому типичный список выглядит так:\n\nЕвразия.\n«САКУРА» Японская кухня.\nДоминант.\nМагазин-бутик «Евразия».\nМилениум, ООО, продуктовый магазин.\nКиви/ООО/Челябинск.\nСупермаркет эко-продуктов «Доминант».\n\nТочки № 1 и № 4 — дубли, № 3 и № 7 — тоже, но поди разберись.\n\nА разобраться надо: когда в списке из 1000 торговых точек 300 дублей, у производителя начинаются проблемы.",
        "data": "2017-11-28, 16:30",
        "rating": 20
    },
    {
        "title": "Как вычислить (город пользователя) по IP",
        "description": "Зная местоположение человека, можно сделать тысячу полезных и не очень вещей: предложить правильный товар и заранее назвать цену доставки, показать ареал обитания покемонов, вывести локальные новости или посоветовать кафе неподалеку.\n\nМестоположение — это важно.",
        "data": "2017-10-19, 13:02",
        "rating": 30
    },
    {
        "title": "Что можно узнать о квартире из открытых справочников",
        "description": "Госструктуры выкладывают в интернет справочники с десятками гигабайтов информации. Если знать где искать, можно легально собрать данные о квартирах в промышленных масштабах.\n\nБазы с индексами и районами городов тоже открыты. Бонусом я расскажу, как найти эти части адреса, если их не хватает.\n\nВсе справочники из этой статьи бесплатны и открыто лежат в интернете. Ни один не украли из ФСБ таинственные хакеры.",
        "data": "2017-08-21, 12:27",
        "rating": 60
    },
    {
        "title": "Как перейти от КЛАДР к ФИАС и ничего себе не сломать",
        "description": "ГНИВЦ ФНС сообщает, что с начала 2018 года КЛАДР перестанет существовать и скачать его будет нельзя.\n\nДисклеймер:\nЕсли вы совсем не поняли, что означают эти наборы букв, ничего страшного. Ниже мы расскажем о реалиях работы с адресами в России. Если вам это неинтересно, почитайте про топографические каламбуры.\n\nПравильные адреса нужны компаниям, которые любят своих клиентов. Знакомые банки, страховые и интернет-магазины, которые сейчас используют справочник КЛАДР, спрашивают нас, что же делать дальше. Поэтому мы запарились и написали пошаговое руководство по переходу с одних букв на другие от КЛАДР к ФИАС.",
        "data": "2017-07-20, 16:00",
        "rating": 24
    },
    {
        "title": "Как поддержка помогает «Дадате» получать новых клиентов и выгодно выделяться на фоне конкурентов",
        "description": "Привет! Меня зовут Лена Журавлёва, я основательница «Дадаты». «Дадата» исправляет ошибки в адресах — её используют интернет-магазины, службы доставки и автосалоны. Всего у «Дадаты» более 15 тысяч пользователей, платных и бесплатных.\n\nБольшая часть нашей работы — это поддержка, которая кроме обычной своей функции, является для нас еще и:\n\nконкурентным преимуществом,\nканалом привлечения клиентов с помощью поиска,\nканалом привлечения клиентов через рекомендации.\n\nРасскажу о том, как это у нас работает — это будет полезно основателям небольших сервисов.",
        "data": "2017-02-15, 16:05",
        "rating": 18
    },
    {
        "title": "Топограф был пьян",
        "description": "Год назад мы публиковали на Хабре статью о необычных адресах. С тех пор мы в «Дадате» собираем коллекцию городов и улиц со странными названиями. Покажем вам любимые экспонаты.\n\n\nВ Люберцах есть улица 3-е Почтовое отделение. Посмотрите, кстати, на её форму — она трижды сама себя пересекает.",
        "data": "2016-11-22, 13:34",
        "rating": 36
    },
    {
        "title": "Почему мы в «Дадате» тратим 2 млн долларов в год на 99,99% точность обработки данных",
        "description": "Вы когда-нибудь задумывались, почему вообще возможно исправить ошибки и опечатки в текстовых данных, например, в адресах и именах? Почему мы думаем, что «Терская» — это, скорее всего, Тверская улица, а не какая-нибудь фантастическая улица Василиятёрского? А вдруг это Комсомольский проспект, в котором сделано двадцать опечаток?\n\nНаш жизненный опыт говорит о том, что упорядоченные низкоэнтропийные состояния менее вероятны, чем высокоэнтропийные неупорядоченные. То есть «Терская» скорее Тверская с одной опечаткой, чем Комсомольский проспект с двадцатью опечатками. Однако в жизни возникает много спорных случаев, где вероятности не так однозначны.",
        "data": "2016-10-18, 18:14",
        "rating": 26
    },
    {
        "title": "Почта России для чайников",
        "description": "Почта России — это большая, сложная и не очень дружественная структура. На неё принято плеваться в социальных сетях, а поход за письмом или посылкой часто превращается в маленький квест. Про такое говорят: «Жизнь меня к этому не готовила».\n\n\n\nХочешь отправить книжку в подарок другу. Приходишь в отделение, а уставшая женщина спрашивает: «Как отправляем, заказной бандеролью с объявленной ценностью или первым классом?». И ты понимаешь, что это будет посложнее высоконагруженных систем, больших данных и нейросетей.\n\nМы в «Дадате» сильно связаны с почтой: исправляем адреса и неплохо разбираемся в особенностях её работы. Написали подробный гид по услугам Почты России, для чайников. Автор статьи — Сергей Король, редактор и почтовый гик.",
        "data": "2016-09-06, 16:15",
        "rating": 58
    },
    {
        "title": "Как улучшить почтовые адреса",
        "description": "Привет! Мы в «Дадате» хорошо разбираемся в почтовых адресах — исправляем и дополняем их для пяти тысяч интернет-магазинов, CRM и стартапов.\n\n\n\nСегодня я расскажу, почему традиционная система почтовых адресов кажется нам ущербной и предложу «облачный» способ её исправления.",
        "data": "2016-08-16, 14:54",
        "rating": 29
    },
    {
        "title": "Радар для покемонов",
        "description": "Если вы ни разу не слышали об игре Pokemon Go, можно считать, что вам повезло. Новости о покемонах мелькают в новостных лентах, толпы людей бродят в ночи по кладбищам и воюют за сферы влияния. Только в Москве по данным МТС в Pokemon Go играет 180 000 человек, притом что в России официального запуска еще не было.\n\nМы в DaData.ru решили посмотреть, чем можем помочь любителям покемонов.",
        "data": "2016-07-27, 15:13",
        "rating": 37
    },
    {
        "title": "ФИАС и семь смертных граблей разработчика",
        "description": "Чтобы нормально работать с почтовыми адресами, сайты подключают справочник адресов налоговой службы (ФИАС). На dadata.ru это сделали уже пять тысяч интернет-магазинов, CRM и стартапов.\n\nА мы поглядели на проблемы клиентов, подумали и собрали увесистый комплект граблей, по которым любят ходить разработчики в обнимку с ФИАСом.",
        "data": "2016-05-17, 15:17",
        "rating": 17
    },
    {
        "title": "Подсказываем реквизиты компаний по данным ФНС РФ и бесплатно ищем дубли",
        "description": "DaData.ru автоматически исправляет ошибки в адресах, ФИО и телефонах. Находит и объединяет одинаковых клиентов в базе. Помогает быстро ввести адрес и ФИО покупателя, а также и реквизиты компании на форме заказа. Есть API и javascript-виджет.\n\nВ предыдущем выпуске Дадата помогала бороться с дублями. А сейчас мы снова причинили добро:\nбесплатно находим дубликаты в файлах до 100 записей;\nснизили стоимость сервиса дедупликации до 5-10 копеек за запись;\nподключили актуальные справочники налоговой службы в подсказках по компаниям.",
        "data": "2016-03-24, 11:47",
        "rating": 7
    },
    {
        "title": "DaData.ru находит и уничтожает одинаковых людей",
        "description": "DaData.ru — сервис автоматической проверки, исправления и дедупликации контактных данных (ФИО, адресов, телефонов, email, паспортов).\n\nУ меня в телефоне 453 контакта. Среди них встречаются дубли: один и тот же человек записан то как «Леха», то как «Алексей Мегафон», а то и как «Зиновьев, Алексей Иванович». У Лехи указан скайп и день рождения, у «Алексея Николаевича» — емейл и основной мобильный номер, а у «Мегафона» — запасной номер от понятнокакого оператора.\n\nВ телефонных контактах дубли неприятны, но не особо напрягают. Хуже, когда такая чехарда начинается с клиентской базой компании.",
        "data": "2015-12-16, 12:51",
        "rating": 17
    },
    {
        "title": "DaData.ru превращает гуиды в адреса и знает всех пацанов на раёне",
        "description": "DaData.ru — сервис автоматической проверки и исправления контактных данных (ФИО, адресов, телефонов, email, паспортов). Плюс javascript-виджет и API подсказок при вводе адреса, ФИО, организации и банковских реквизитов.\n\nВ предыдущем выпуске Дадата прошлась по паспортам и банкам, а за лето взялась помочь интернет-магазинам с доставкой:\nопределять район города;\nписать районы и города по правилам Почты России;\nоткладывать в сторонку абонентские ящики и адреса «до востребования»;\nнаходить адрес до улицы по коду ФИАС.",
        "data": "2015-10-01, 14:55",
        "rating": 24
    },
    {
        "title": "Интернет магазины доставляют правильно с помощью DaData.ru",
        "description": "Клиентов интернет-магазинов бесят потерянные посылки и формы заказа с десятками полей. Когда клиента что-то бесит, он уходит. Поэтому хороший владелец магазина старается облегчить жизнь и покупателю, и себе самому.\n\nВладельцы пяти интернет-магазинов рассказали мне, как как они используют Подсказки DaData.ru чтобы отправлять посылки без возвратов, упрощать формы оформления заказов и сегментировать клиентов.",
        "data": "2015-07-28, 12:37",
        "rating": 6
    },
    {
        "title": "У семи программистов адрес без дома",
        "description": "Привет, Хабр!\n\nМы в HumanFactorLabs парсим адреса в особо крупных размерах. Наши продукты упрощают ввод контактных данных и работу с ними.\n\nЗа 10 лет работы в результате анализа многочисленных исключений в российских адресах мы выработали правила хранения адресов, при соблюдении которых вы не потеряете важную информацию.\n\nНедавно на Хабре нас попросили привести примеры необычных адресов, в связи с чем и написана эта статья.",
        "data": "2015-06-18, 15:19",
        "rating": 98
    },
    {
        "title": "Dadata.ru проверяет документы и знает все банки",
        "description": "DaData.ru — сервис автоматической проверки и исправления контактных данных (ФИО, адресов, телефонов, email, паспортов). Плюс javascript-виджет и API подсказок при вводе адреса, ФИО, организации и банковских реквизитов.\n\nС предыдущего релиза мы стали еще круче работать с данными:\nподсказываем банковские реквизиты,\nвозвращаем геокоординаты в подсказках по адресам,\nпроверяем действительность паспорта,\nопределяем стоимость квартиры.",
        "data": "2015-05-26, 13:19",
        "rating": 22
    },
    {
        "title": "Пишем почтовый адрес, как человеки",
        "description": "Мне совершенно непонятна выгода от удобного интерфейса.\n\nДа, он красивый, с ним проще работать. Но как посчитать материальную пользу?\n\nПять лет назад в аэропортах звучал синтезированный голос, объявляя прилёты и вылеты с разорванной интонацией после каждого слова. Иногда даже отличалась скорость речи для разных слов.\n\nИ вот пару недель назад я заслушивался новыми объявлениями о вылетах. Было чувство, что их целиком записал профессиональный диктор, который всю жизнь учился на эту роль. Интерфейс стал лучше, он стал более натуральным.\nСтал ли я от этого больше летать? Вряд ли.\nМожет, у меня появилось предпочтение между аэропортами? Не думаю, что это настолько важный момент.\nТем не менее, зачем-то люди потратили время и деньги на приведение объявлений к естественному виду. И это очень круто!\n\nМне нравится естественное представление информации автоматизированными системами, как будто с вами общается живой человек. Мне кажется, что это мелкие детали, которые формируют отношение к вашему продукту в целом.\nИ если это отношение положительное, то вас будут выбирать в дальнейшем и рекомендовать друзьям.\n\nВ статье я расскажу, как показывать адрес одной строкой так, будто его написал человек. Я не могу с уверенностью сказать, что, прочитав статью, вы увеличите прибыль.\nНо мне бы очень хотелось, чтобы как можно больше систем писали адреса красиво.\n\nВсе правила, описанные ниже, мы выработали сами. Большинство из них используем или скоро подключим на dadata.ru.",
        "data": "2015-04-02, 16:54",
        "rating": 15
    },
    {
        "title": "DaData.ru подсказывает email и определяет город по IP",
        "description": "DaData.ru — сервис автоматической проверки и исправления контактных данных (ФИО, адресов, телефонов, email). Плюс javascript-виджет и API подсказок при вводе адреса, ФИО и организации.\n\nС предыдущего выпуска Дадата научилась:\nподсказывать email при вводе,\nопределять город по IP-адресу,\nраспознавать модели автомобилей.\n\nФичи доступны через пользовательский интерфейс и HTTP API.",
        "data": "2015-03-12, 14:55",
        "rating": 14
    },
    {
        "title": "Формы в интернет-магазинах проектируют следователи угро",
        "description": "Каждую неделю я заказываю в интернете. Стиральные машинки, книги, посуду — большая часть моего дома куплена в интернете. А приехало всё это с курьерами, которые ругались на отсутствие сдачи, попадали не по адресу и по сто раз уточняли, как доехать.\n\nЯ это воспринимаю довольно болезненно, потому что занимаюсь разбором и нормализацией контактных данных и знаю, что данные пользователя можно собрать с первого раза правильно.\n\nКак-то в очередной раз решила заказать блендер.\nВыбирала его в пяти магазинах и записала по ходу свои впечатления.\n\nСразу скажу, что большую часть форм я не осилила.\n\n\n\nОбычно магазину нужно имя, чтобы завести клиента в CRM. Здесь требуют и фамилию, и отчество. Отчество-то зачем? Они со мной собираются официально разговаривать?\n\nТакже мне кажется, что почтовый адрес «8 Марта, 1-12» точно потребует уточнения оператором. В Москве есть улица «8 Марта», «8 Марта 1-я» и «8 Марта 4-я». А еще «8 Марта» есть в поселке Внуково, который тоже в Москве.",
        "data": "2014-12-09, 16:15",
        "rating": 12
    },
    {
        "title": "DaData.ru вычисляет координаты, а парсер адресов виляет хвостом",
        "description": "DaData.ru — сервис автоматической проверки и исправления контактных данных (ФИО, адресов, телефонов, email).\n\nНа дворе ноябрь, а на DaData.ru — новые возможности:\nопределение геокоординат,\nSMS в дневное время,\nновый адресный алгоритм,\nоптимизация под смартфоны,\nстатистика в личном кабинете, \nмодуль для iOS.",
        "data": "2014-11-10, 13:31",
        "rating": 16
    },
    {
        "title": "Как выбрать алгоритм для адресного фильтра",
        "description": "Довольно часто на Хабре появляются статьи с новыми алгоритмами автоматического разбора адресов, записанных одной строкой. Кроме этого, услуги по обработке адресов предоставляют различные it-компании. В статье мы расскажем как использовать свою адресную базу для выбора алгоритма автоматического разбора адресов, и на что стоит обратить внимание при тестировании и разработке алгоритмов адресных фильтров.\n\nЭта статья для всех, кто хранит данные клиентов и хочет решить одну из следующих задач:\nубедиться, что адрес существует, чтобы не отправить посылку или письмо в никуда;\nразбить адрес на компоненты, чтобы понять, где идут лучше продажи;\nдополнить адрес недостающей информацией, чтобы оптимизировать план работы курьеров;\nстандартизовать адреса, чтобы найти дублирующие записи одного и того же клиента;\nактуализировать и привести адреса к формату справочника, чтобы пройти проверки регуляторов.\n\nЗадача автоматического разбора почтовых адресов кажется довольно простой на первый взгляд — бери да сопоставляй адресному справочнику (например, ФИАСу) слова из входной строки. Но все, кто за неё берутся, утопают в большом количестве особенностей адресов…",
        "data": "2014-10-16, 15:36",
        "rating": 21
    },
    {
        "title": "ФИАС или КЛАДР: выбираем справочник адресов",
        "description": "1 июля 2014 года произошло одно из самых значимых событий в истории государства Российского: с этого момента у нас в стране наконец появилась эталонная база адресов по всем, даже самым малым населённым пунктам! Имя этой базе — ФИАС. Собственно, сам по себе справочник ФИАС появился гораздо раньше, но именно 1 июля вступил в силу ФЗ 443, согласно которому все государственные и муниципальные структуры теперь должны опираться на него как на единственно верную базу адресов. Мы решили исследовать, стоит ли переходить на ФИАС, и с какими подводными камнями столкнутся те, кто решит это делать.\n\nПрочитав статью, вы узнаете:\nЧем отличается ФИАС от КЛАДР\nМожно ли уже использовать ФИАС вместо КЛАДР\nСтоит ли беспокоиться о переходе на ФИАС тем, кто уже работает с КЛАДР\nРешит ли ФИАС текущие проблемы с адресами\nЧто ждёт тех, кто только начинает использовать адресные справочники\nКакие есть самые заметные и важные проблемы при работе с ФИАС и КЛАДР",
        "data": "2014-07-23, 14:45",
        "rating": 61
    },
    {
        "title": "Перекодер — другой взгляд на НСИ",
        "description": "С годами компания обычно доходит до того, что много справочников на одну тему (например, «Хобби» или «Пол») хранятся в совершенно невообразимых форматах в различных системах, препятствуя эффективной интеграции и обмену данными.\n\nТрадиционный подход для решения этой проблемы рекомендует создавать единую версию справочника «Хобби» и настраивать потоки обмена в него (и из него) для всех информационных систем. Мы же решили пойти другим путем и создать децентрализованную опенсорсную НСИ — Перекодер.\n\nХотите знать, что именно мы сделали, и какую роль в нашем продукте играют Lucene и Apache CXF?",
        "data": "2014-06-06, 15:07",
        "rating": 4
    },
    {
        "title": "Занимательная статистика от HFLabs",
        "description": "Каждый день мы сталкиваемся с интересными случаями в КЛАДР, справочниках фамилий и иных ресурсах. Сегодня хотим вспомнить самые забавные из них.\n\nTOP интересных фамилий\n\nУ Вас необычная фамилия? Поверьте, Вы далеко не одни. Вот, например, частота появлений в небольшой выборке в одном нашем проекте:\n\nКак видим, Ленин и Есенин стоят на первых местах по популярности среди клиентов, а вот Сталин нынче не в тренде. И ещё тут не указан Пушкин, который встречается в 2.5 раза чаще, чем все выше вместе взятые.",
        "data": "2014-04-01, 15:22",
        "rating": 12
    },
    {
        "title": "Делаем адресные формы более привлекательными",
        "description": "Одно из основных направлений работы нашей компании — очистка и стандартизация клиентских данных. Наш софт может привести в порядок любую базу данных с информацией о клиентах: исправить ошибки и опечатки, восполнить недостающую информацию, обогатить данные дополнительными сведениями, устранить дубликаты.\n\nК сожалению, однократной очистки часто бывает недостаточно: нужно не допустить попадания плохих и неполных данных в базу в будущем. Именно для решения этой задачи был разработан сервис подсказок, о котором мы писали ранее. Изначально подсказки предназначались для операторов, которым приходится вводить большое количество адресов, и были призваны ускорить их работу и сократить количество ошибок.\n\nОднако, позже мы поняли, что сервис может быть полезен всем, кто так или иначе работает с клиентскими данными. Ниже я постараюсь показать, что могут подсказки, и как с их помощью сделать ввод адресов на вашем сайте удобным и очень простым процессом.",
        "data": "2014-02-24, 15:51",
        "rating": 49
    },
    {
        "title": "Подсказки: API для ввода почтовых адресов и ФИО одной строкой",
        "description": "Если вам когда-нибудь приходилось разрабатывать форму регистрации или оформления заказа, то вы знаете, что для получения из формы качественных данных нужно прикрутить множество проверок для ФИО, почтовых адресов, e-mail, телефонов. При этом так уж исторически сложилось, что разработчики пишут код валидации информации каждый раз заново. Ну а потом эти проверки приходится еще и поддерживать, а на поддержку, как известно, приходится 80% усилий.\n\nКроме того, чем сложнее форма для ввода, и чем больше в ней валидируется информации, тем больше вероятность, что она будет глючить, и как результат — будет неудобна для пользователя.\n\nТак не должно быть.",
        "data": "2014-01-24, 14:39",
        "rating": 38
    }
]