[
    {
        "title": "Как мы научили ручных тестировщиков и аналитиков проводить нагрузочное тестирование сервисов",
        "description": "Текст статьи не удалось получить",
        "data": "2023-06-14, 15:12",
        "rating": 8
    },
    {
        "title": "Как увеличить покрытие ценовым мониторингом с 9% до 85% ассортимента. Deep Learning в процессах ценообразования",
        "description": "Текст статьи не удалось получить",
        "data": "2023-05-30, 11:59",
        "rating": 15
    },
    {
        "title": "Не всё пропало: как мы провели импортозамещение роботов незаметно для 90% пользователей",
        "description": "Текст статьи не удалось получить",
        "data": "2023-04-14, 11:41",
        "rating": 15
    },
    {
        "title": "Зачем в Hoff Tech архитекторы или как мы строим и описываем ИТ-ландшафт",
        "description": "Текст статьи не удалось получить",
        "data": "2023-03-09, 19:42",
        "rating": 15
    },
    {
        "title": "Как мы Nautobot до ума доводили",
        "description": "Текст статьи не удалось получить",
        "data": "2023-02-09, 14:57",
        "rating": 7
    },
    {
        "title": "Процессный подход на цыпочках, или как выстроить процессы в крупном ритейле",
        "description": "Текст статьи не удалось получить",
        "data": "2023-01-26, 17:33",
        "rating": 14
    },
    {
        "title": "Успеть за 30 дней: как мы полностью модернизировали складской комплекс из прошлого",
        "description": "Текст статьи не удалось получить",
        "data": "2023-01-11, 17:50",
        "rating": 54
    }
]