[
    {
        "title": "DesktopETL — кросс-платформенный прототип ETL-системы, или как регулярно загружать XML/JSON и сохранять в XLS/CSV",
        "description": "Идея моего домашнего проекта началась с простой, на первый взгляд, задачи: с потребности конвертировать файлы формата XML в формат XLS (или CSV) для последующего анализа. И я был наивен, чтобы попробовать решение «в лоб» и с помощью Excel импортировать богатый внутренний мир SAP Business Objects, описанный в иерархической структуре XML, в табличную форму, — и примерно через час мое сознание, в очередной раз выдав исключение о переполнении памяти, подключило опыт, который намекнул, что иерархические структуры заранее неизвестной глубины проще всего обрабатывать посредством рекурсии. Так появился лаконичный скрипт на Python. Потом еще один. И еще. Потом скрипты пошли в массы среди коллег по цеху. Появились фантазии и мечты, например возможность каждые пять минут забирать XML (или JSON) из кафки (Apache Kafka), трансформировать на лету и класть, например, в DWH. Вполне ожидаемо, что была масса вопросов к скриптам и просьба «быстренько поправить». И в какой-то момент, как в том классическом анекдоте про «закопанную стюардессу», я понял, что хватит… Так и появился MVP, который я хотел бы представить в этой статье.",
        "data": "2023-07-19, 10:11",
        "rating": 2
    },
    {
        "title": "От кульмана до BIM",
        "description": "Текст статьи не удалось получить",
        "data": "2023-07-12, 16:45",
        "rating": 1
    },
    {
        "title": "Вопрос на сертификационном экзамене: применение Threads и Executors",
        "description": "Продолжаем разбор вопросов из Java-сертификации от Учебного центра IBS вместе с Игорем Судакевичем, сертифицированным Java-разработчиком, уполномоченным инструктором корпорации Oracle и платформы Udemy, Java-методистом c 15-летним опытом. В этой статье мы рассмотрим применение Threads и Executors и поможем вам подготовиться к тестированию.",
        "data": "2023-06-22, 16:25",
        "rating": 0
    },
    {
        "title": "Как превратить перформанс ревью из натужных встреч «для галочки» в полезную практику",
        "description": "Сейчас во многих крупных компаниях внедряют так называемые перформанс ревью. Как это часто бывает, внедряют бездумно — «чтобы было». Отрывают айтишников от горящих задач, чтобы расспросить их об «уровне удовлетворенности» и «планах личного роста». Сотрудник заученно хвалит проект, команду и заказчика и расстается с начальством до следующего раза.\nМожно ли организовать весь этот процесс по-человечески, чтобы он приносил реальную пользу обеим сторонам? В чем секрет адекватного ревью? Как общаться с людьми (не имея диплома по психологии)? И зачем в принципе эти встречи нужны компаниям и сотрудникам? Отвечаю на личном опыте.",
        "data": "2023-06-16, 13:49",
        "rating": 1
    },
    {
        "title": "Как я описал на Битриксе правила для корпоративных ачивок",
        "description": "Текст статьи не удалось получить",
        "data": "2023-06-09, 12:44",
        "rating": 8
    },
    {
        "title": "Предположим, нам дали два целых числа, но не примитивы, а Integer-объекты…",
        "description": "Этой публикацией мы начинаем серию небольших статей с разбором «сложных» заданий из сертификации для Java‑разработчиков, чтобы помочь вам подготовиться к сдаче сертификационного экзамена и помочь вам лучше понять, как работает Java и как эффективнее использовать его в своих проектах.\nИтак, один из подвопросов, традиционно выносимых на экзамен — будь это сертификация Oracle или сертификации для Java‑разработчиков от Учебного центра IBS, — интересуется разработкой кода с использованием классов‑оболочек, в частности, Boolean, Double или, скажем, Integer.",
        "data": "2023-06-02, 09:32",
        "rating": 8
    },
    {
        "title": "Как мы выбирали процессный движок: месяц мучений ради идеала",
        "description": "Хабр, привет! Меня зовут Артем Терзьян, я Java-разработчик в IBS. Именно на мои плечи пала нелегкая задача выбора идеального BPMN-движка для реализации с его помощью бизнес-процессов в рамках нашей собственной платформы. Надеюсь, приведенный обзор поможет кому-то сэкономить время при столкновении с аналогичной задачей.",
        "data": "2023-05-26, 13:03",
        "rating": 8
    },
    {
        "title": "Тестировщик с 50-летним стажем: как все начиналось и почему отношение к профессии пора менять",
        "description": "Текст статьи не удалось получить",
        "data": "2023-05-17, 13:10",
        "rating": 13
    },
    {
        "title": "ChatGPT: личный ассистент IT-специалиста",
        "description": "Текст статьи не удалось получить",
        "data": "2023-04-18, 14:44",
        "rating": -1
    },
    {
        "title": "ИИ нас победит… Но после того как вдоволь нарисуется",
        "description": "Текст статьи не удалось получить",
        "data": "2023-04-07, 13:45",
        "rating": -1
    },
    {
        "title": "Фреймворк Qual IT и его новые фичи",
        "description": "Текст статьи не удалось получить",
        "data": "2023-03-15, 16:45",
        "rating": -2
    },
    {
        "title": "ABAP: Как выгрузить данные в MS Word с помощью XSLT-трансформации за 5 простых шагов",
        "description": "Текст статьи не удалось получить",
        "data": "2023-03-02, 13:32",
        "rating": 10
    },
    {
        "title": "Java-сертификация: как мы заняли место ушедшего из РФ Oracle",
        "description": "Текст статьи не удалось получить",
        "data": "2023-02-16, 13:17",
        "rating": 2
    },
    {
        "title": "Нельзя просто так взять и написать полезный iOS фреймворк… Или можно?",
        "description": "Текст статьи не удалось получить",
        "data": "2023-01-24, 13:00",
        "rating": 3
    },
    {
        "title": "SAP EWM глазами ABAP разработчика",
        "description": "Текст статьи не удалось получить",
        "data": "2022-12-21, 11:04",
        "rating": 2
    },
    {
        "title": "Обновить данные в ClickHouse без UPDATE: кейс IBS",
        "description": "Текст статьи не удалось получить",
        "data": "2022-12-06, 11:41",
        "rating": 12
    },
    {
        "title": "Название статьи не удалось получить",
        "description": "Текст статьи не удалось получить",
        "data": "2022-02-24, 13:59",
        "rating": 15
    },
    {
        "title": "Как мы роботизировали документооборот крупнейшего европейского ритейлера",
        "description": "Текст статьи не удалось получить",
        "data": "2021-01-28, 11:46",
        "rating": 2
    },
    {
        "title": "«Хамелеон», которого мы создали и приручили",
        "description": "Речь, конечно, пойдет не о харизматичных ящерках, а о нашем собственном инструменте автоматизированного тестирования. Представляем вашему вниманию кейс создания фреймворка «Хамелеон» и рассказ о его функциональности.\n\nЕго появлению предшествовало 15 лет практики тестирования в компании IBS AppLine* (лидера российского рынка аутсорсинга услуг тестирования по версии TAdviser за 2018 год на минуточку!). На базе этих знаний и экспертизы мы задались целью ускорить старт проектов, повысить качество тестирования, упростить введение в работу новичков. Решение должно позволить автоматизировать функциональное тестирование веб, мобильных, десктоп-приложений и различных видов API.\n\n\n\nВ общем, исследовательский центр IBS AppLine Innovation** суммировал весь опыт компании и создал «Хамелеон» — инструмент для автоматизации функционального тестирования. Делался с использованием языка программирования Java и инструментов Cucucmber, Selenium, Appium, Winium, Spring. Этот фреймворк:\n\nпозволяет сэкономить до 30% времени разработки и сопровождения тестов;\nснижает риск ошибок за счет автоматического заполнения параметров этапов теста;\nпомогает обучать и привлекать к разработке тестов стажеров, владеющих только базовыми навыками программирования;\nпри переходе с проекта на проект дает возможность использовать одну и ту же библиотеку шагов, а также единый подход к написанию тестов;\nможет работать с экзотическими компонентами тестируемых систем благодаря удобству подключения дополнительных расширений.\n\nТеперь подробнее о функционале…",
        "data": "2020-12-01, 13:21",
        "rating": 8
    },
    {
        "title": "Как мы построили интерактивную корпоративную картографию",
        "description": "Офисная картография — серьезный вызов для растущей компании, да и для серьезной корпорации может стать головной болью. Новички теряются в огромных офисных пространствах и не могут найти дорогу от переговорки до своего рабочего места, старожилы сталкиваются с тем, что коллеги переехали неизвестно куда — все это влечет за собой организационные проблемы.\n\nУ нас в IBS уже давно существовала картография (как минимум с 2010 года), и с тех пор она, увы, критически устарела. Поэтому недавно мы прокачали свои офисные карты, создав решение с использованием Visio, Leaflet JS и собственных наработок.\n\nТема эта на «Хабре» уже поднималась, но давно: несколько лет назад (в 2012-м и 2013-м годах) компания Positive Technologies также поставила перед собой задачу создать корпоративные карты. Однако они пошли противоположным путем: от прорисовывания помещения Visio и данных в Excel к полноценным планировкам в «Автокаде» с последующим экспортом в 2D, 2.5D, 3D.\n\nМы же с AutoCAD работали изначально, но сегодня пришли к Visio (как к инструменту первоначальной подготовки планировки), научившись работать с форматом и использовать его функциональность и гибкость под ряд нестандартных картографических задач.\n\nКому интересен наш тернистый путь — добро пожаловать под кат.",
        "data": "2020-09-07, 14:53",
        "rating": 2
    },
    {
        "title": "VDI Скала-Р ВРМ. Что это такое и откуда оно взялось",
        "description": "Цель статьи — рассказать про продукт и его архитектуру. По сути то, что постоянно рассказывают наши технические пресейл-инженеры нашим партнерам и заказчикам.\n\nНемного покидаемся помидорами в «конкурентов», совсем чуть-чуть. Куда без этого :D\n\nСпойлер: про вирус в статье ничего нет, кроме этого предложения.",
        "data": "2020-04-13, 09:48",
        "rating": -2
    },
    {
        "title": "16 тысяч подключений в секунду: как мы тестировали СКАЛУ-Р Виртуальное Рабочее Место",
        "description": "Дано: 96 серверов, 16 000 виртуальных рабочих мест, 160 нагрузочных виртуальных машин и наш софт: система управления платформой виртуализации Скала-Р Управление (СУПВ) и VDI-решение Скала-Р Виртуальное Рабочее Место (ВРМ).\n\nЗадача: протестировать систему на эдакий logon storm, при котором имитируется, как 16 000 пользователей одновременно (в течение 1-2 секунд) подключаются к инфраструктуре VDI и своим виртуальным рабочим столам, проходя все этапы авторизации и подключения. Цель: наш VDI должен выдержать нагрузку. Пользователи должны ждать подключения не более 10 минут.\n\nТакой тест, в представлении нашего заказчика федерального масштаба, должен был доказать нагрузоустойчивость решения. Мы приняли вызов — ведь в таких масштабах наша система проверку на прочность еще не проходила. Результаты:\n\n\nЕсли вам интересно, как такое масштабное тестирование было организовано и что конкретно отражает эта диаграмма — добро пожаловать под кат.",
        "data": "2020-02-19, 13:07",
        "rating": 10
    },
    {
        "title": "О локальности данных в гиперконвергентных системах",
        "description": "Существуют понятия, которые принято использовать как в профессиональном общении, так и в маркетинге, подразумевая, что они строго определены и все понимают их одинаково. Но часто оказывается, что у ряда терминов, вокруг которых идет оживленная дискуссия в ИТ-сообществе, точных определений не было и нет, а договориться об едином их значении, конечно, все забыли.",
        "data": "2018-01-24, 15:44",
        "rating": 10
    },
    {
        "title": "Greenplum 5: первые шаги в Open Source",
        "description": "Вот уже два года как одна из лучших распределённых аналитических СУБД enterprise-уровня вышла в open source. Что изменилось за это время? Что дало открытие исходников проекту? Как дальше будет развиваться Greenplum?\n\nПод катом я расскажу о том, что нового появилось в первом мажорном open source релизе СУБД, как развивается проект в текущих минорных версиях и каких нововведений стоит ждать в будущем.",
        "data": "2017-12-12, 10:25",
        "rating": 6
    },
    {
        "title": "Вуз или техникум: куда поступать, чтобы удачно трудоустроиться и хорошо зарабатывать?",
        "description": "Привет, Хабр! Прошлым летом мы опубликовали статью о результатах мониторинга трудоустройства выпускников вузов. Проект получил активную поддержку от вузов и всех заинтересованных сторон, благодаря чему за прошедший год был проведен ряд улучшений.\n\nВо-первых, были собраны и обработаны данные о выпускниках вузов 2014 и 2015 годов. Данные за 2015 год были обработаны и опубликованы буквально несколько дней назад (возможно, кто-то из читателей заметил недавние публикации в СМИ на эту тему). Так что теперь можно анализировать результаты мониторинга сразу за три года, прослеживая динамику показателей. Но об этом мы расскажем подробнее в следующей статье.\n\nВо-вторых, были собраны, обработаны и опубликованы на портале spo.graduate.edu.ru данные о выпускниках среднего профессионального образования 2013 и 2014 годов выпуска. Для тех, кто не очень разбирается в официальных терминах, – это выпускники «колледжей», «техникумов» и т.п. Вот о результатах этого мониторинга, а также об их сравнении с результатами мониторинга вузов мы и поговорим в данной статье.",
        "data": "2017-07-13, 14:16",
        "rating": 6
    },
    {
        "title": "Чек-лист: что такое VDI или как отличить настоящий продукт от «импортозамещенной» поделки",
        "description": "История вопроса\n\nМы вместе с коллегами из Virtuozzo (так после продажи части бизнеса и бренда Odin компании Ingram Micro называется подразделение Parallels, которое занимается виртуализацией) разработали продукт для виртуализации рабочих мест – Parallels VDI от IBS. Плюс у нас есть богатый опыт реализации проектов по консолидации рабочих мест с использованием решений Citrix и VMware. В общем, мы видели, пожалуй, все, что творится «под капотом» VDI-решений — хорошо знаем, как они должны быть устроены и чем отличаются от простой виртуализации. Поэтому когда мы встречаем решение, в котором заявлена реализация VDI, а по факту выясняется, что разработчик в меру своей принципиальности и честности понимает под этим просто подключение к виртуальной машине с помощью какого-нибудь протокола доставки рабочего стола, нам становится грустно.",
        "data": "2017-02-28, 18:04",
        "rating": 6
    },
    {
        "title": "Анализируем как успешное трудоустройство и зарплата зависят от вуза, специальности и региона",
        "description": "Привет, Хабр!\n\nВ 2014 году мы совместно с несколькими министерствами и ведомствами дали старт мониторингу трудоустройства российских вузов, результаты которого были опубликованы в 2015 году на портале http://graduate.edu.ru/.\n\nМониторинг проводился среди выпускников 2013 года (у них было достаточно времени, чтобы найти работу). Сейчас идет работа над мониторингом выпускников 2014 года и мы решили рассказать вам о целях и результатах прошлогоднего проекта. Если вам интересно узнать, как размер зарплаты и успех трудоустройства зависит от вуза, специальности и региона, добро пожаловать под кат.",
        "data": "2016-06-10, 17:21",
        "rating": 28
    },
    {
        "title": "Damn! Cloud computers! Выбор тонкого клиента для Parallels VDI",
        "description": "Краткое содержание предыдущей серии: мы вместе с коллегами из Virtuozzo (так после продажи части бизнеса и бренда Odin компании Ingram Micro называется подразделение Parallels, которое занимается виртуализацией) разработали продукт для виртуализации рабочих мест – Parallels VDI. Однако спроектировать и разработать программную часть еще не значит получить законченное VDI решение. Не менее важный элемент таких систем – устройства доступа, о которых мы расскажем сегодня подробнее.",
        "data": "2016-03-24, 18:09",
        "rating": 0
    },
    {
        "title": "Вебинар «Соответствие Parallels VDI требованиям регуляторов по информационной безопасности»",
        "description": "Компания IBS приглашает 24 марта в 12.00 (мск) на вебинар «Соответствие Parallels VDI требованиям регуляторов по ИБ» Не секрет, что в России достаточно много требований в сфере информационной безопасности, которые трудно учесть при создании виртуальной среды и, при этом, выполнить потребности бизнеса. На основе реального проекта мы покажем как эту проблему решает наш продукт Parallels VDI. Подробности и регистрация.",
        "data": "2016-03-21, 13:39",
        "rating": 0
    },
    {
        "title": "Семинар «Конвергентные вычислительные платформы на страже ИТ-бюджетов. Пример реализации: «СКАЛА-Р»",
        "description": "16 марта приглашаем на семинар по ИТ-инфраструктуре и тест-драйв российской конвергентной вычислительной платформы «СКАЛА-Р», созданной IBS и партнерами. При помощи технологий дополненной реальности мы продемонстрируем архитектуру решения, подробно расскажем о его возможностях и особенностях. Также представим результаты первых поставок комплексов «СКАЛА-Р» клиентам. Подробная программа и регистрация – тут.",
        "data": "2016-03-11, 13:00",
        "rating": 2
    },
    {
        "title": "Целиком российское, конвергентное и … гиперконвергентное. Зачем мы сделали платформу «СКАЛА-Р»",
        "description": "Рассказывая о тестировании нашего продукта – первой российской конвергентной платформы «СКАЛА-Р» на совместимость с ERP-системами или российской СЭД, –  мы не останавливались подробно на истоках проекта. В этом посте мы решили собрать всю «кухню»: рассказать о том, как команда IBS Interlab прошла путь от идеи до реализации «в железе». Также подробнее покажем из чего сделан наш комплекс и «вставим свои 5 копеек» в оживлённую дискуссию о борьбе между конвергентными и гиперконвергентными решениями.\n\nМир интегрированных систем\n\n\nС начала 2010-х годов произошёл массовый сдвиг в сознании корпоративных заказчиков ИТ, и вместо покупки «железа и софта» под каждую отдельную информационную систему многие начали мыслить стратегически: строить универсальную инфраструктуру, чтобы её ресурсы раздавать различным ИТ-системам по мере надобности.",
        "data": "2015-12-25, 08:37",
        "rating": -1
    },
    {
        "title": "Тонкости перевода: как волонтёры, ABBYY LS и IBS переводят на русский курсеровскую специализацию Data Science",
        "description": "Владимир Подольский vpodolskiy, аналитик в департаменте по работе с образованием IBS, стал редактором перевода на русский язык специализации Data Science на Coursera (в рамках совместного проекта IBS и ABBYY LS). Мы публикуем его подробный пост о трудностях перевода профессиональных текстов по тематике данных, практике работы с крауд-платформой и опыте длительной он-лайн учёбы. Напомним, что Владимир сам закончил обучение по специализации Data Science на Coursera. Мы публиковали его подробный разбор всех 9 курсеровских курсов от Университета Джонса Хопкинса (часть 1 и часть 2).\n\nИ снова здравствуй, хабр!\n\nCoursera и прочие MOOC’и – очень занятная и затягивающая штука. Благодаря им можно многому научиться, многое узнать. Важно иметь лишь доступ к сети и не лениться. Во всей MOOC’овской истории действует то же правило, что и при написании кандидатской диссертации: «Если не готов делать каждый день по чуть-чуть, лучше вообще не принимайся». Следуя ему, можно справиться и с наукой о данных, и с введением в искусственный интеллект, и даже с квантовой физикой…",
        "data": "2015-12-03, 11:58",
        "rating": 16
    },
    {
        "title": "Как мы испытывали российскую систему документооборота на конвергентной платформе «Скала-Р»",
        "description": "Интерфейс системы мониторинга «Скала-Р»\n\nНаша команда создавала конвергентный комплекс «Скала-Р» как универсальную инфраструктурную платформу для частного облака. Мы сделали так, что она может нести в своей виртуальной среде сотни бизнес-критичных систем и одинаково хорошо справляется с нагрузками каждой из них, невзирая на разнообразие лежащих в их основе технологий. Мы уже рассказывали на Хабре, что «Скала-Р» хорошо справляется с нагрузками SAP R/3. Но ERP у крупной организации, как правило, не единственная многопользовательская прикладная система. Исторически могут наслаиваться десятки систем на разнообразных платформах с различными профилями нагрузки, которые должны нормально переехать в частное инфраструктурное облако.\n\nПоэтому для очередного теста мы решили развернуть на «Скале» российскую систему документооборота, основанную на технологиях Microsoft – существенно отличающуюся от R/3 и по платформенным решениям, и по парадигме обработки информации.",
        "data": "2015-11-19, 20:03",
        "rating": 0
    },
    {
        "title": "Рабочие места «в облаке»: Odin VDI и IBS",
        "description": "IBS достаточно давно занимается разработкой ИТ-решений высокой готовности для корпоративного сектора. В свое время нас заинтересовала технология контейнерной виртуализации Parallels Containers for Windows (сегодня подразделение Parallels, которое её разработало, работает под брендом Odin). На её базе вместе с командой Odin мы создали совместный продукт: Odin VDI – решение для виртуализации рабочих мест пользователей. В этом посте мы расскажем историю создания этого решения, опишем его функциональные возможности и преимущества, а также отдельно остановимся на сертификации Odin VDI во ФСТЭК.",
        "data": "2015-10-30, 18:02",
        "rating": 12
    },
    {
        "title": "Инфраструктурные решения для баз данных и виртуализации // Открытый вебинар IBS и Huawei",
        "description": "12 ноября в 12.00 (мск.) компании IBS и Huawei приглашают на вебинар, посвященный инфраструктурным решениям для баз данных и виртуализации. Его проведёт Максим Исаев, начальник отдела вычислительных платформ IBS, один из наших самых опытных экспертов. В фокусе – системы хранения данных: их проектирование, сопровождение и оптимизация. Подробности и регистрация.",
        "data": "2015-10-29, 15:40",
        "rating": 2
    },
    {
        "title": "Освоение специальности Data Science на Coursera: личный опыт (ч.2)",
        "description": "Мы публикуем вторую часть поста Владимира Подольского vpodolskiy, аналитика в департаменте по работе с образованием IBS, который закончил обучение по специализации Data Science  на Coursera. Это набор из 9 курсеровских  курсов от Университета Джонса Хопкинса + дипломная работа, успешное завершение которых дает право на сертификат.\n\nЧитайте в первой части: О специальности Data Science в общих чертах. Курсы: Инструменты анализа данных (программирование на R); Предварительная обработка данных; Документирование процесса обработки данных.\n\nЧасть 2",
        "data": "2015-10-16, 14:54",
        "rating": 12
    },
    {
        "title": "Освоение специальности Data Science на Coursera: личный опыт (ч.1)",
        "description": "Недавно Владимир Подольский vpodolskiy, аналитик в департаменте по работе с образованием IBS, закончил обучение по специализации Data Science на Coursera. Это набор из 9 курсеровских курсов от Университета Джонса Хопкинса + дипломная работа, успешное завершение которых дает право на сертификат. Для нашего блога на Хабре он написал подробный пост о своей учебе. Для удобства мы разбили его на 2 части. Добавим, что Владимир  стал еще и редактором проекта по переводу специализации Data Science на русский язык, который весной запустили IBS и ABBYY LS.\n\nЧасть 1. О специальности Data Science в общих чертах. Курсы: Инструменты анализа данных (программирование на R); Предварительная обработка данных; Документирование процесса обработки данных.\n\nПривет, Хабр!\n\nНе так давно закончился мой 7-месячный марафон по освоению специализации «Наука о данных» (Data Science) на Coursera. Организационные стороны освоения специальности очень точно описаны тут. В своём посте я поделюсь впечатлениями от контента курсов. Надеюсь, после прочтения этой заметки каждый сможет сделать для себя выводы о том, стоит ли тратить время на получение знаний по аналитике данных или нет.",
        "data": "2015-10-09, 15:17",
        "rating": 28
    }
]