[
    {
        "title": "Полнодисковое шифрование: что это такое, кому это нужно, как выбрать",
        "description": "Текст статьи не удалось получить",
        "data": "2023-07-19, 10:05",
        "rating": 3
    },
    {
        "title": "Как мы организовали видеостудию для вебинаров в офисе",
        "description": "Текст статьи не удалось получить",
        "data": "2023-06-28, 14:24",
        "rating": 5
    },
    {
        "title": "Калибровка однофотонных детекторов в системе квантового распределения ключей",
        "description": "Текст статьи не удалось получить",
        "data": "2023-05-17, 11:26",
        "rating": 5
    },
    {
        "title": "Отдельные вопросы оценки влияния среды функционирования",
        "description": "Текст статьи не удалось получить",
        "data": "2023-04-17, 13:01",
        "rating": 3
    },
    {
        "title": "Виртуализированный криптошлюз ViPNet Coordinator VA. Инструкция по применению",
        "description": "Текст статьи не удалось получить",
        "data": "2023-03-24, 14:08",
        "rating": 2
    },
    {
        "title": "Что умеет и кому нужен программный модуль доверенной загрузки",
        "description": "Текст статьи не удалось получить",
        "data": "2022-12-08, 13:02",
        "rating": 9
    },
    {
        "title": "Правовое регулирование в области криптографической защиты информации. 8 вопросов эксперту",
        "description": "Текст статьи не удалось получить",
        "data": "2022-11-25, 12:17",
        "rating": 8
    },
    {
        "title": "Как и зачем создавалась одна из первых систем квантового распределения ключей в России",
        "description": "Текст статьи не удалось получить",
        "data": "2022-11-11, 17:02",
        "rating": 10
    }
]