[
    {
        "title": "Пытаемся минимизировать ущерб от утечки данных",
        "description": "Текст статьи не удалось получить",
        "data": "2023-05-25, 11:55",
        "rating": 10
    },
    {
        "title": "Что делать, если вы не согласны на обработку ваших персональных данных?",
        "description": "Текст статьи не удалось получить",
        "data": "2023-05-12, 14:30",
        "rating": 36
    },
    {
        "title": "Хронология Standoff: как из команды защитников мы выросли в судей кибербитвы",
        "description": "Текст статьи не удалось получить",
        "data": "2023-05-03, 09:52",
        "rating": 8
    },
    {
        "title": "Предупрежден, значит вооружен: разбираем цепочки атак хакеров с кибербитвы Standoff",
        "description": "Текст статьи не удалось получить",
        "data": "2023-04-18, 15:21",
        "rating": 15
    },
    {
        "title": "Как из колумнистки в детском журнале я стала техническим писателем и проектировщиком СЗИ",
        "description": "Текст статьи не удалось получить",
        "data": "2023-03-10, 14:19",
        "rating": 13
    },
    {
        "title": "Что будет, если хакеры взломают регистратора доменов",
        "description": "Текст статьи не удалось получить",
        "data": "2023-02-17, 11:49",
        "rating": 3
    },
    {
        "title": "Утечка через Google Переводчик, или «новый» вектор атак через аддоны браузеров",
        "description": "Текст статьи не удалось получить",
        "data": "2023-02-10, 11:04",
        "rating": 10
    },
    {
        "title": "Как нарушают законы робототехники: изучаем новые риски безопасности, связанные с ИИ",
        "description": "Текст статьи не удалось получить",
        "data": "2023-01-31, 10:55",
        "rating": 3
    }
]