[
    {
        "title": "Пять моих любимых ошибок коммуникации",
        "description": "Текст статьи не удалось получить",
        "data": "2023-06-21, 12:30",
        "rating": -1
    },
    {
        "title": "Каĸ можно использовать ChatGPT в тестировании",
        "description": "Текст статьи не удалось получить",
        "data": "2023-05-30, 12:09",
        "rating": 2
    },
    {
        "title": "Hard skills для входа в тестирование бэка",
        "description": "Текст статьи не удалось получить",
        "data": "2023-05-04, 16:42",
        "rating": 6
    },
    {
        "title": "ADD – добавим гибкости",
        "description": "Текст статьи не удалось получить",
        "data": "2023-04-01, 12:00",
        "rating": 0
    },
    {
        "title": "Как вести документацию, чтобы не было обидно за потраченное время",
        "description": "Текст статьи не удалось получить",
        "data": "2023-03-16, 13:05",
        "rating": 1
    },
    {
        "title": "Сопоставление «The Business Analysis Standard» IIBA с профстандартом бизнес-аналитика РФ",
        "description": "Текст статьи не удалось получить",
        "data": "2023-02-01, 14:20",
        "rating": 3
    },
    {
        "title": "Как перемещаться между специализациями IT (и не покалечиться)",
        "description": "Текст статьи не удалось получить",
        "data": "2022-12-27, 12:05",
        "rating": 0
    },
    {
        "title": "Как стать системным аналитиком без профильного образования. Мой путь из HR",
        "description": "Текст статьи не удалось получить",
        "data": "2022-11-01, 13:36",
        "rating": 0
    },
    {
        "title": "Как мы научились учитывать перепады высот по геокоординатам в мобильном приложении",
        "description": "Текст статьи не удалось получить",
        "data": "2022-09-27, 17:09",
        "rating": 9
    },
    {
        "title": "«Методолог и рецепты его приготовления»",
        "description": "Текст статьи не удалось получить",
        "data": "2022-09-06, 12:00",
        "rating": 3
    },
    {
        "title": "Бизнес против системы: учимся различать аналитиков в теории и на практике",
        "description": "Текст статьи не удалось получить",
        "data": "2022-08-04, 12:32",
        "rating": 0
    }
]