[
    {
        "title": "Гайд: как привязать корпоративную почту к Google-аккаунту за 5 минут",
        "description": "Текст статьи не удалось получить",
        "data": "2023-07-06, 12:58",
        "rating": 26
    },
    {
        "title": "Чек-лист фронтендера при разработке рекламного спецпроекта",
        "description": "Текст статьи не удалось получить",
        "data": "2023-06-30, 15:57",
        "rating": 24
    },
    {
        "title": "Полное руководство по проектированию систем в виде схемы",
        "description": "Текст статьи не удалось получить",
        "data": "2023-06-15, 13:12",
        "rating": 33
    },
    {
        "title": "«Сначала на себя, потом на ребёнка»: как мы запустили DevOps для себя, а потом начали продавать клиентам",
        "description": "Текст статьи не удалось получить",
        "data": "2023-05-25, 11:42",
        "rating": 24
    },
    {
        "title": "Как yarn v3 и философия Zero Installs помогли нам сократить длительность ci/cd пайплайна в 3 раза",
        "description": "Текст статьи не удалось получить",
        "data": "2023-05-15, 16:00",
        "rating": 33
    },
    {
        "title": "Как стать iOS-разработчиком?",
        "description": "Текст статьи не удалось получить",
        "data": "2023-05-10, 13:35",
        "rating": 29
    },
    {
        "title": "Нагрузочный поединок между Tarantool 2.10 и Redis 7.0.5",
        "description": "Текст статьи не удалось получить",
        "data": "2023-04-26, 14:26",
        "rating": 31
    },
    {
        "title": "Вам шашечки или ехать: как написать подробную документацию и не потратить на нее все ресурсы проекта",
        "description": "Текст статьи не удалось получить",
        "data": "2023-04-21, 10:56",
        "rating": 19
    },
    {
        "title": "Почему так удобно использовать паттерн MVI в KMM",
        "description": "Текст статьи не удалось получить",
        "data": "2023-04-19, 12:52",
        "rating": 25
    },
    {
        "title": "Нужна ли на проекте документация: три признака, что да, ещё три — когда нет",
        "description": "Текст статьи не удалось получить",
        "data": "2023-04-13, 11:42",
        "rating": 27
    },
    {
        "title": "Тонкости настройки Grafana Loki",
        "description": "Текст статьи не удалось получить",
        "data": "2023-04-12, 14:30",
        "rating": 31
    },
    {
        "title": "Ctrl+C и Ctrl+V — как перестать копипастить и сконцентрироваться на уникальных проектах",
        "description": "Текст статьи не удалось получить",
        "data": "2023-04-12, 11:48",
        "rating": 23
    },
    {
        "title": "Как управлять инфраструктурой в GitOps с помощью Crossplane",
        "description": "Текст статьи не удалось получить",
        "data": "2023-04-10, 11:42",
        "rating": 26
    },
    {
        "title": "Визуализация 5 алгоритмов сортировки на Python",
        "description": "Текст статьи не удалось получить",
        "data": "2023-04-07, 12:51",
        "rating": 35
    },
    {
        "title": "Инструкция для менеджеров и руководителей по реанимации проекта",
        "description": "Текст статьи не удалось получить",
        "data": "2023-04-05, 15:03",
        "rating": 19
    },
    {
        "title": "Как менеджеру понять, что на проекте нужен аналитик",
        "description": "Текст статьи не удалось получить",
        "data": "2023-03-31, 13:03",
        "rating": 20
    },
    {
        "title": "GitOps-платформа на базе Argo CD",
        "description": "Текст статьи не удалось получить",
        "data": "2023-03-27, 09:05",
        "rating": 26
    },
    {
        "title": "6 ошибок, из-за которых менеджеры-джуны остаются джунами",
        "description": "Текст статьи не удалось получить",
        "data": "2023-03-24, 12:15",
        "rating": 34
    },
    {
        "title": "Как нанимать разработчиков через школу: наши выводы за 6 лет обучения и 50 нанятых стажёров",
        "description": "Текст статьи не удалось получить",
        "data": "2023-03-21, 12:56",
        "rating": 19
    },
    {
        "title": "Как развивался DevOps: от начала времен до ArgoCD и IaC",
        "description": "Текст статьи не удалось получить",
        "data": "2023-03-20, 17:04",
        "rating": 20
    },
    {
        "title": "Программисты проверили, насколько тяжело жить девушкам с длинными ногтями",
        "description": "Текст статьи не удалось получить",
        "data": "2023-03-09, 17:50",
        "rating": 8
    },
    {
        "title": "Эргономичный мониторинг на практике",
        "description": "Текст статьи не удалось получить",
        "data": "2023-03-06, 16:57",
        "rating": 19
    },
    {
        "title": "Курсы дали больше университета: интервью со студентом школы Metaclass",
        "description": "Текст статьи не удалось получить",
        "data": "2023-03-06, 15:23",
        "rating": 4
    },
    {
        "title": "Список фишек Android Studio для ускорения разработки",
        "description": "Текст статьи не удалось получить",
        "data": "2023-02-28, 17:19",
        "rating": 23
    },
    {
        "title": "Пишем типизированный DI-контейнер для iOS приложения. Часть 2. Жизненные циклы",
        "description": "Текст статьи не удалось получить",
        "data": "2023-02-20, 10:52",
        "rating": 10
    },
    {
        "title": "KMM глазами iOS-разработчика",
        "description": "Текст статьи не удалось получить",
        "data": "2023-02-13, 13:49",
        "rating": 18
    },
    {
        "title": "Сменить профессию и не сойти с ума: интервью со студентом школы Metaclass",
        "description": "Текст статьи не удалось получить",
        "data": "2023-01-31, 13:42",
        "rating": 9
    },
    {
        "title": "Интервью со студенткой школы Metaclass, которая прошла два наших курса и дважды попала на стажировку в KTS",
        "description": "Текст статьи не удалось получить",
        "data": "2023-01-27, 13:34",
        "rating": 11
    },
    {
        "title": "Разбираемся в асинхронности: где полезно, а где — нет?",
        "description": "Текст статьи не удалось получить",
        "data": "2023-01-26, 18:05",
        "rating": 33
    },
    {
        "title": "Но это (не)точно: чего ждать мобильным разработчикам в 2023-м году",
        "description": "Текст статьи не удалось получить",
        "data": "2023-01-19, 14:43",
        "rating": 17
    },
    {
        "title": "Что НЕ должен делать тимлид — или сага о задачках в таск-трекере",
        "description": "Текст статьи не удалось получить",
        "data": "2023-01-06, 11:00",
        "rating": 11
    },
    {
        "title": "Ты же просто робот, имитация жизни",
        "description": "Текст статьи не удалось получить",
        "data": "2023-01-04, 14:28",
        "rating": 29
    },
    {
        "title": "Как изучать Kubernetes джуну — и зачем",
        "description": "Текст статьи не удалось получить",
        "data": "2022-12-29, 14:41",
        "rating": 20
    },
    {
        "title": "Как мы сделали и оптимизировали механизм правил для персонализации UI",
        "description": "Текст статьи не удалось получить",
        "data": "2022-12-26, 13:00",
        "rating": 15
    },
    {
        "title": "ЭлектроМаша 2.0 или как мы упаковали Performance Review в чат-бота",
        "description": "Текст статьи не удалось получить",
        "data": "2022-12-16, 07:49",
        "rating": 13
    },
    {
        "title": "Взрывная FoodTech-инновация в Кыргызстане: автоматизация доставки в сельском магазине",
        "description": "Текст статьи не удалось получить",
        "data": "2022-12-08, 13:09",
        "rating": 23
    },
    {
        "title": "Школу закончил в 14, Бауманку в 18: почему, зачем и какие последствия",
        "description": "Текст статьи не удалось получить",
        "data": "2022-11-29, 13:58",
        "rating": 117
    },
    {
        "title": "Добрый ментор: как я стал мамой пятерых ангелочков (часть 2)",
        "description": "Текст статьи не удалось получить",
        "data": "2022-11-22, 10:31",
        "rating": 7
    },
    {
        "title": "Добрый ментор: как я стал мамой пятерых ангелочков (часть 1)",
        "description": "Текст статьи не удалось получить",
        "data": "2022-11-14, 11:58",
        "rating": 15
    },
    {
        "title": "Изобретая бота: система обработки сообщений на примере конструктора чат-бота",
        "description": "Привет, Хабр! Я Игорь Латкин, архитектор в KTS. Мы занимаемся различными цифровыми продуктами для бизнеса, специализируемся на HRTech, EdTech и DevOps. Также у нас есть несколько собственных продуктов, и один из них тесно связан с очередями сообщений. Об этом интересном решении я хочу сегодня рассказать. Эта статья — конспект моего диалога с архитектором Tarantool Монсом Андерсоном. Посмотреть видео можно в записи. Бонусом в конце — ответы на вопросы зрителей.",
        "data": "2022-11-03, 16:56",
        "rating": 46
    },
    {
        "title": "Начало работы с Dynamic Island и Live Activities в iOS 16.1",
        "description": "Текст статьи не удалось получить",
        "data": "2022-10-11, 13:51",
        "rating": 13
    },
    {
        "title": "Пишем типизированный DI-контейнер для iOS приложения. Часть 1",
        "description": "Текст статьи не удалось получить",
        "data": "2022-09-26, 14:36",
        "rating": 11
    },
    {
        "title": "Чат-бот для банка ДОМ.РФ: как автоматически обрабатывать 40% обращений",
        "description": "Текст статьи не удалось получить",
        "data": "2022-09-16, 13:47",
        "rating": 11
    },
    {
        "title": "Готовим Window Inset под соусом Jetpack Compose и щепоткой View",
        "description": "Текст статьи не удалось получить",
        "data": "2022-09-15, 18:25",
        "rating": 19
    },
    {
        "title": "«Мы KTS, а не BTS»: как разработчики делали ребрендинг",
        "description": "Текст статьи не удалось получить",
        "data": "2022-09-01, 19:03",
        "rating": 12
    },
    {
        "title": "Как перестать быть сутулой собакой: мой путь к здоровой спине",
        "description": "Текст статьи не удалось получить",
        "data": "2022-08-30, 16:32",
        "rating": 56
    },
    {
        "title": "Почему разработчики создают так много сайд-проектов",
        "description": "Текст статьи не удалось получить",
        "data": "2022-08-30, 14:24",
        "rating": 17
    },
    {
        "title": "Как работают браузеры, часть 3: деревья специальных возможностей и рендеринга",
        "description": "Текст статьи не удалось получить",
        "data": "2022-08-18, 11:39",
        "rating": 11
    },
    {
        "title": "Зачем мы сделали собственный контроллер для копирования секретов в Kubernetes",
        "description": "Текст статьи не удалось получить",
        "data": "2022-08-12, 13:00",
        "rating": 19
    },
    {
        "title": "Подключение OAuth в iOS за полчаса",
        "description": "Текст статьи не удалось получить",
        "data": "2022-08-11, 14:03",
        "rating": 12
    },
    {
        "title": "Как стажёр оптимизировал запросы и нашел баг в Django",
        "description": "Текст статьи не удалось получить",
        "data": "2022-08-03, 15:41",
        "rating": 33
    },
    {
        "title": "Курс начинающего бэкендера в Metaclass: интервью со студентом 7-го потока",
        "description": "Текст статьи не удалось получить",
        "data": "2022-07-27, 12:05",
        "rating": 6
    },
    {
        "title": "Как работают браузеры. Часть 2: парсинг и выполнение JS",
        "description": "Текст статьи не удалось получить",
        "data": "2022-07-21, 10:35",
        "rating": 14
    },
    {
        "title": "Почему спустя 5 лет код-ревью на Upsource мы перешли на GitLab",
        "description": "Текст статьи не удалось получить",
        "data": "2022-07-14, 17:23",
        "rating": 13
    },
    {
        "title": "Комплексный системный подход к разработке программного обеспечения",
        "description": "Текст статьи не удалось получить",
        "data": "2022-07-06, 16:12",
        "rating": 14
    },
    {
        "title": "boop! Необычные эффекты по ховеру или введение в React-Spring",
        "description": "Текст статьи не удалось получить",
        "data": "2022-06-08, 08:49",
        "rating": 8
    },
    {
        "title": "Как работают браузеры. Часть 1: навигация и получение данных",
        "description": "Текст статьи не удалось получить",
        "data": "2022-06-06, 15:05",
        "rating": 9
    },
    {
        "title": "Теперь Dockerfiles поддерживает Multiple Build Contexts",
        "description": "Текст статьи не удалось получить",
        "data": "2022-05-26, 15:53",
        "rating": 13
    },
    {
        "title": "Structured concurrency в Swift",
        "description": "Текст статьи не удалось получить",
        "data": "2022-04-21, 15:50",
        "rating": 13
    },
    {
        "title": "Websocket-сервер для геолокации на asyncio",
        "description": "Текст статьи не удалось получить",
        "data": "2022-04-08, 19:59",
        "rating": 12
    },
    {
        "title": "OAuth в мобильных приложениях",
        "description": "Текст статьи не удалось получить",
        "data": "2022-03-22, 16:28",
        "rating": 14
    },
    {
        "title": "Пишем асинхронного Телеграм-бота",
        "description": "Текст статьи не удалось получить",
        "data": "2022-03-15, 14:11",
        "rating": 29
    },
    {
        "title": "Подробно о том, как работают React Server Components",
        "description": "Текст статьи не удалось получить",
        "data": "2022-02-24, 13:44",
        "rating": 11
    },
    {
        "title": "React Drag & Drop: «Игра в бутылки»",
        "description": "Текст статьи не удалось получить",
        "data": "2022-02-14, 14:01",
        "rating": 6
    },
    {
        "title": "Автоматический подсчет показателей бизнес-юнитов",
        "description": "Текст статьи не удалось получить",
        "data": "2022-02-07, 09:54",
        "rating": 7
    },
    {
        "title": "Удаление GIL из Python: заметки со встречи Python Core и Сэма Гросса",
        "description": "Текст статьи не удалось получить",
        "data": "2022-01-27, 11:44",
        "rating": 24
    },
    {
        "title": "Курс начинающего бэкендера в Metaclass: интервью со студентом",
        "description": "Текст статьи не удалось получить",
        "data": "2022-01-21, 13:30",
        "rating": 7
    },
    {
        "title": "«Галера»",
        "description": "Текст статьи не удалось получить",
        "data": "2022-01-05, 10:56",
        "rating": 7
    },
    {
        "title": "Что нового в react-router v6",
        "description": "Текст статьи не удалось получить",
        "data": "2021-12-30, 14:54",
        "rating": 25
    },
    {
        "title": "Собираем свою библиотеку для SSR на React. Роутинг",
        "description": "Текст статьи не удалось получить",
        "data": "2021-12-29, 13:46",
        "rating": 13
    },
    {
        "title": "Remix: руководство по новому open source React-фреймворку",
        "description": "Текст статьи не удалось получить",
        "data": "2021-12-27, 14:28",
        "rating": 15
    },
    {
        "title": "Этапы работы Jetpack Compose",
        "description": "Текст статьи не удалось получить",
        "data": "2021-12-14, 17:25",
        "rating": 12
    },
    {
        "title": "Деплоим приложение на Django в Kubernetes с нуля",
        "description": "Текст статьи не удалось получить",
        "data": "2021-12-06, 14:52",
        "rating": 15
    },
    {
        "title": "Запускаем HAProxy Kubernetes Ingress Controller вне Kubernetes-кластера",
        "description": "Текст статьи не удалось получить",
        "data": "2021-11-29, 07:42",
        "rating": 14
    },
    {
        "title": "Kubernetes и другие оркестраторы",
        "description": "Текст статьи не удалось получить",
        "data": "2021-11-25, 07:20",
        "rating": 26
    },
    {
        "title": "Мой опыт проведения курса по Android",
        "description": "Текст статьи не удалось получить",
        "data": "2021-11-18, 12:52",
        "rating": 10
    },
    {
        "title": "Как не стать жертвой IT корпораций?",
        "description": "Текст статьи не удалось получить",
        "data": "2021-11-16, 14:04",
        "rating": 32
    },
    {
        "title": "Сохраняем кластеры Kubernetes в чистоте и порядке",
        "description": "Текст статьи не удалось получить",
        "data": "2021-11-08, 14:52",
        "rating": 12
    },
    {
        "title": "Как разработчикам начать вести Телеграм-канал",
        "description": "Текст статьи не удалось получить",
        "data": "2021-10-28, 09:53",
        "rating": 9
    },
    {
        "title": "Как проводить собеседования объективно и с пользой",
        "description": "Текст статьи не удалось получить",
        "data": "2021-10-17, 14:24",
        "rating": 14
    },
    {
        "title": "Пишем свой Google, или асинхронный краулер с rate limits на Python",
        "description": "Текст статьи не удалось получить",
        "data": "2021-10-13, 16:19",
        "rating": 5
    },
    {
        "title": "От тестов до IDE в браузере: как мы разрабатывали систему проверки студентов для онлайн-школы",
        "description": "Текст статьи не удалось получить",
        "data": "2021-10-05, 13:18",
        "rating": 8
    },
    {
        "title": "Создание мини-игры «Шкатулка» с помощью JS + CSS",
        "description": "Текст статьи не удалось получить",
        "data": "2021-09-30, 17:01",
        "rating": 13
    },
    {
        "title": "Первые шаги в aiohttp, часть 3: публикуем приложение в Интернете",
        "description": "Текст статьи не удалось получить",
        "data": "2021-09-28, 17:31",
        "rating": 5
    },
    {
        "title": "Первые шаги в aiohttp, часть 2: подключаем базу данных к приложению",
        "description": "Текст статьи не удалось получить",
        "data": "2021-09-21, 23:34",
        "rating": 10
    },
    {
        "title": "Игра с голосовым управлением на React и Phaser",
        "description": "Текст статьи не удалось получить",
        "data": "2021-09-15, 16:12",
        "rating": 10
    },
    {
        "title": "Создаем текстовый редактор на React.js",
        "description": "Текст статьи не удалось получить",
        "data": "2021-09-07, 14:04",
        "rating": 15
    },
    {
        "title": "selectel-exporter — экспортер для manage-баз данных",
        "description": "Текст статьи не удалось получить",
        "data": "2021-09-02, 17:02",
        "rating": 11
    },
    {
        "title": "Метакласс — школа от KTS",
        "description": "Текст статьи не удалось получить",
        "data": "2021-08-13, 18:51",
        "rating": 1
    },
    {
        "title": "Пятёрочка — Интегрируй меня полностью",
        "description": "Текст статьи не удалось получить",
        "data": "2021-07-26, 17:02",
        "rating": 10
    },
    {
        "title": "Собираем свою библиотеку для SSR на React",
        "description": "Текст статьи не удалось получить",
        "data": "2021-07-05, 12:29",
        "rating": 6
    },
    {
        "title": "Первые шаги в aiohttp",
        "description": "Текст статьи не удалось получить",
        "data": "2021-05-31, 13:11",
        "rating": 2
    },
    {
        "title": "Как мы сетапили монорепозиторий с SSR и SPA для Otus.ru",
        "description": "Текст статьи не удалось получить",
        "data": "2021-04-22, 16:22",
        "rating": 6
    },
    {
        "title": "Вавилонская башня из миллиона печенек. Как мы делали игру в VK mini app",
        "description": "Текст статьи не удалось получить",
        "data": "2021-03-10, 18:44",
        "rating": 14
    }
]