[
    {
        "title": "Техрадар Lamoda Tech-2023: наша рефлексия о разработке и технологиях за три года",
        "description": "Текст статьи не удалось получить",
        "data": "2023-07-11, 10:53",
        "rating": 25
    },
    {
        "title": "Три важных качества CTO, о которых я не догадывался, пока был разработчиком",
        "description": "Текст статьи не удалось получить",
        "data": "2023-06-20, 11:03",
        "rating": 106
    },
    {
        "title": "Как не превратить корпоративный GitHub в склад старого опенсорса",
        "description": "Текст статьи не удалось получить",
        "data": "2023-05-25, 11:23",
        "rating": 18
    },
    {
        "title": "Бустим топ: внедрение ML в ранжирование каталога",
        "description": "Текст статьи не удалось получить",
        "data": "2023-05-04, 10:33",
        "rating": 27
    },
    {
        "title": "Создаем скелеты микросервисов быстро и без боли",
        "description": "Текст статьи не удалось получить",
        "data": "2023-04-25, 11:07",
        "rating": 13
    },
    {
        "title": "Как же мощно я провел A/B-тест, или почему не стоит сравнивать наблюдаемый аплифт с MDE",
        "description": "Текст статьи не удалось получить",
        "data": "2023-04-12, 10:29",
        "rating": 26
    },
    {
        "title": "Сколько нужно кросс-функциональных команд, чтобы открыть один склад",
        "description": "Текст статьи не удалось получить",
        "data": "2023-03-30, 10:37",
        "rating": 17
    },
    {
        "title": "Как определить размер выборки для бутстрэпа старым дедовским способом",
        "description": "Текст статьи не удалось получить",
        "data": "2023-02-01, 10:50",
        "rating": 28
    },
    {
        "title": "FeatureWeek: как мы повысили вовлеченность команды и заполнили бэклог",
        "description": "Текст статьи не удалось получить",
        "data": "2022-12-05, 10:56",
        "rating": 30
    },
    {
        "title": "Роль аналитика в проекте по распилу монолита",
        "description": "Текст статьи не удалось получить",
        "data": "2022-10-13, 12:02",
        "rating": 16
    },
    {
        "title": "Что должен знать дата-инженер. Роадмап для джуниора",
        "description": "Текст статьи не удалось получить",
        "data": "2022-08-30, 11:02",
        "rating": 22
    },
    {
        "title": "Danger. Автоматизируем ревью на CI и пишем свой плагин",
        "description": "Текст статьи не удалось получить",
        "data": "2022-08-25, 11:17",
        "rating": 23
    },
    {
        "title": "Паттерн Outbox: как не растерять сообщения в микросервисной архитектуре",
        "description": "Текст статьи не удалось получить",
        "data": "2022-08-02, 11:52",
        "rating": 27
    },
    {
        "title": "Как провести юзабилити-тестирование с респондентом и не провалить его",
        "description": "Текст статьи не удалось получить",
        "data": "2022-07-01, 11:55",
        "rating": 12
    },
    {
        "title": "Что такое Demo Day и как мы рассказываем о продуктах без слайдов",
        "description": "Текст статьи не удалось получить",
        "data": "2022-06-23, 11:11",
        "rating": 15
    },
    {
        "title": "Прыжок горбатой лошади или как мы обновляем наши системы",
        "description": "Текст статьи не удалось получить",
        "data": "2022-05-11, 11:41",
        "rating": 17
    },
    {
        "title": "Идеальный кандидат: миф или реальность?",
        "description": "Текст статьи не удалось получить",
        "data": "2022-02-21, 12:02",
        "rating": -1
    },
    {
        "title": "Java: есть ли жизнь на десктопе?",
        "description": "Текст статьи не удалось получить",
        "data": "2022-02-02, 11:57",
        "rating": 44
    },
    {
        "title": "Найм как проект: постигаем дзен",
        "description": "Текст статьи не удалось получить",
        "data": "2022-01-25, 12:11",
        "rating": 8
    },
    {
        "title": "Хранители данных: как устроена работа с DWH в Lamoda",
        "description": "Текст статьи не удалось получить",
        "data": "2022-01-10, 12:36",
        "rating": 13
    },
    {
        "title": "Дорогой Дедушка Мороз! Мы скомпилировали тебе письмо",
        "description": "Текст статьи не удалось получить",
        "data": "2021-12-28, 12:04",
        "rating": 4
    },
    {
        "title": "Утечка памяти: цена одной маленькой ошибки",
        "description": "Текст статьи не удалось получить",
        "data": "2021-12-22, 11:06",
        "rating": 11
    },
    {
        "title": "LaTech Data Talks  — материалы с митапа",
        "description": "Текст статьи не удалось получить",
        "data": "2021-12-06, 13:43",
        "rating": 4
    },
    {
        "title": "Вы «продоете теплых кросовок»: ищем идеальную пару обуви с помощью Elasticsearch",
        "description": "Текст статьи не удалось получить",
        "data": "2021-11-11, 11:14",
        "rating": 20
    },
    {
        "title": "Защищайтесь! Советы по защите дизайна интерфейса перед заказчиком",
        "description": "Текст статьи не удалось получить",
        "data": "2021-10-07, 11:20",
        "rating": 8
    },
    {
        "title": "Взломщики «черного ящика»: чем занимаются системные аналитики в Lamoda",
        "description": "Текст статьи не удалось получить",
        "data": "2021-09-28, 11:25",
        "rating": 9
    },
    {
        "title": "Сила процессов в проектном менеджменте",
        "description": "Текст статьи не удалось получить",
        "data": "2021-09-23, 11:32",
        "rating": 13
    },
    {
        "title": "Нечего надеть? Computer Vision в помощь",
        "description": "Привет, Хабр! Меня зовут Роман Тезиков, я Data Scientist, специализируюсь на Computer Vision в Lamoda.\n\nВ R&D Lamoda мы постоянно имеем дело с различного рода рекомендациями. Когда покупатели не знают, какая вещь им нужна, они формируют ее абстрактный образ и пытаются найти что-то похожее с помощью привычных инструментов поиска. На сегодняшний день нейронные сети отлично справляются с задачей распознавания образов. Мы поставили перед собой цель — переосмыслить процесс выбора одежды с учетом Computer Vision. И сегодня я расскажу:\n\nкакие проекты мы делаем с помощью компьютерного зрения;\nкак учим сети распознавать одежду и даже оценивать стиль;\nс какими особенностями индустрии мы уже столкнулись;\nкакие у нас планы на будущее.\n\nВ процессе мы научились решать задачу из знаменитого фильма «Бриллиантовая рука», где главный герой просит найти такое же платье, но с перламутровыми пуговицами.",
        "data": "2021-07-29, 12:08",
        "rating": 17
    },
    {
        "title": "Что Data Scientist может подсмотреть у разработчика",
        "description": "Текст статьи не удалось получить",
        "data": "2021-07-08, 12:17",
        "rating": 18
    },
    {
        "title": "Поиск среди 10000 GitHub репозиториев на Postgres (используя только MacBook)",
        "description": "Текст статьи не удалось получить",
        "data": "2021-06-24, 12:11",
        "rating": 2
    },
    {
        "title": "4 часа и ни минутой больше: тактика и стратегия Uptime",
        "description": "Привет, я Владислав Алмазов, директор по сопровождению информационных технологий (IT Operations) в Lamoda. Одно из направлений, за которое я отвечаю — uptime. Это количественный показатель непрерывной работы нашей платформы.\n\nДать возможность клиенту найти товар в каталоге, положить его в корзину, выбрать способ доставки, рассчитать скидки и оплатить — все это значит «оформить заказ». Одноименная кнопка доступна на сайте 99,95% времени в году. Оставшиеся 0,05% — это 4 часа в год, которые клиенты не замечают. Эта метрика отражает основное бизнес-требование к непрерывности самых критичных IT-систем. Час простоя для Lamoda — это потери десятков миллионов рублей.\n\nПо итогам прошлого года мы превысили план и наш uptime составил 99,96%. Дальше я расскажу, за счет чего это удалось.",
        "data": "2021-06-11, 12:03",
        "rating": 13
    },
    {
        "title": "Кто вы, мистер архитектор?",
        "description": "Текст статьи не удалось получить",
        "data": "2021-05-28, 11:42",
        "rating": 12
    },
    {
        "title": "Kafka, Lamoda и непреодолимое желание учиться",
        "description": "Никита Галушко, разработчик подразделения Online Shop Lamoda, в онлайн-гостях у учебного центра Слёрм поделился своими впечатлениями от курса по Kafka, рассказал, как используют эту технологию и какие проблемы решают в отделе R&D (Research and Development).\n\n«Как быстро мы упремся в сетевой канал, который использует Kafka — через года два или раньше?»\n\nLamoda — один из крупнейших интернет-магазинов в России и СНГ. Чтобы покупатели пользовались сайтом без проблем и радовались быстрой отгрузке и доставке, IT-системами в Lamoda занимаются 340 сотрудников: разработчики, QA-инженеры, аналитики, DevOps-специалисты, продуктовые менеджеры, дизайнеры. Узнаем, как в этой системе крутятся винтики.",
        "data": "2021-05-21, 10:35",
        "rating": 13
    },
    {
        "title": "Как мы интегрировали Huawei Mobile Services в два этапа",
        "description": "Всем привет, меня зовут Ленар Садыков, и я вместе с командой развиваю и поддерживаю приложение для клиентов Lamoda на базе Android. Сегодня расскажу, как мы добавили поддержку Huawei Mobile Services и Huawei App Gallery.\n\nВ мае 2019 года Департамент торговли США внес Huawei в черный список. Вследствие Google отказался от сотрудничества с Huawei, а Huawei, в свою очередь, перестал распространять устройства с сервисами Google. В ответ на это китайский гигант представил миру Huawei Mobile Services, в том числе — магазин приложений Huawei App Gallery.\n\nЧтобы не заставлять наших клиентов искать обходные пути с установкой приложения, мы приняли решение заявиться на новую площадку.",
        "data": "2021-04-30, 11:10",
        "rating": 7
    },
    {
        "title": "Как работать в команде, которая пишет на 5 языках",
        "description": "Привет, Хабр! Меня зовут Евгений Сальников, я тимлид одной из команд доставки в компании Lamoda. В нашей команде используются сразу пять языков программирования: PHP, Go, Typescript, Java и Kotlin. Когда я впервые услышал об этом на собеседовании, подумал, что так работать невозможно — все слишком разное. Но спустя год мое мнение кардинально изменилось, и я нашел много преимуществ в таком подходе.\n\nВ этой статье я расскажу:\n\nо нашем направлении и системах, обслуживающих доставку;\nкак мы живем с таким разнообразием технологий;\nкак планируем работу над разноплановыми задачами;\nкак растим экспертизу в fullstack-команде и расширяем направление.",
        "data": "2021-04-23, 11:17",
        "rating": 7
    },
    {
        "title": "Как мы выбирали Data Catalog, но в итоге оставили все как есть",
        "description": "Меня зовут Никита Василюк, я инженер по работе с данными в департаменте данных и аналитики Lamoda. Я и моя команда занимаемся всем, что связано с распределенной системой хранения и обработки данных.\n\nПериодически нам приходится отвечать на вопросы, где у нас лежат те или иные данные. Поэтому однажды мы решили провести эксперимент и внедрить Data Catalog, чтобы запросы приходили уже не к нам, а в систему. Например, если человеку понадобилась информация, связанная с заказами, он может перейти в систему, ввести слово order и найти все, что ему нужно по этой теме. Мы рассмотрели три инструмента и в итоге… не стали ничего менять. Рассказываю почему.",
        "data": "2021-04-09, 11:51",
        "rating": 17
    },
    {
        "title": "Как мы позволяем разработчикам разрабатывать, а не перерабатывать",
        "description": "Привет! Меня зовут Костя Карусев, я тимлид в одной из команд направления WMS (Warehouse Management System). В статье я расскажу, как выглядит наш процесс разработки, и как он помогает разработчикам заниматься своим делом и с чистой совестью отдыхать на выходных.\n\nОтвечу на такие вопросы:\n\nпочему мы не используем полноценный SCRUM;\nчто такое feature-team и как эта концепция сосуществует с привычными командами;\nкак отстроенные процессы помогают разработке двигаться предсказуемыми темпами, а разработчикам — не перерабатывать.",
        "data": "2021-04-02, 11:29",
        "rating": 9
    },
    {
        "title": "От монолита к модулям: как отстроены бизнес-процессы склада Lamoda",
        "description": "Привет! Меня зовут Евгений Рябышев, я разработчик в одной из команд направления Warehouse Management System (WMS) компании Lamoda. Я занимаюсь тем, что автоматизирую склад. В этой статье расскажу, как мы строим нашу модульную архитектуру.\n\nНаши основные бизнес-процессы для управления складом долго выстраивались и доказали свою эффективность. В то же время они сильно связаны между собой. Склад — это большой монолит, который не получится безболезненно разделить на части. Но решение нашлось: мы строим модульную архитектуру без использования микросервисов.",
        "data": "2021-03-26, 11:14",
        "rating": 21
    },
    {
        "title": "Сверстать всех наверх: онбординг новых сотрудников",
        "description": "Текст статьи не удалось получить",
        "data": "2021-03-16, 11:00",
        "rating": 26
    },
    {
        "title": "Как мы подружили склад и Kotlin: техническая изнанка управления товаром",
        "description": "Всем привет! Меня зовут Влад Кошкин, я Java-разработчик в одной из команд направления Warehouse Management System (WMS) в Lamoda. Помимо интернет-магазина, у нас есть собственный склад, где прием товара от поставщика, хранение, сборка заказа, упаковка и отправка покупателю полностью оцифрованы и в значительной мере автоматизированы.\n\nОдин из основных способов взаимодействия сотрудников склада с системой – это считывание штрихкодов при помощи сканера с мобильным приложением. Наша задача состояла в том, чтобы модернизировать это приложение и сделать переход максимально незаметным для пользователей.\n\nТакже в этой статье я сделал небольшое ревью наших технологий: как мы переехали с Java Server Faces на Kotlin и Android, как работаем сейчас и какие у нас амбиции на ближайший год.",
        "data": "2021-03-12, 11:04",
        "rating": 6
    },
    {
        "title": "Написали 100 микросервисов и не сошли с ума: как мы в Lamoda шарим знания и технологии",
        "description": "Привет, Хабр! Меня зовут Даниил Зиненко, руководитель направления разработки Online Shop в Lamoda.\n\nOnline Shop – это одно из IT-подразделений в Lamoda, которое отвечает за сайт и за мобильное приложение. Всего у нас 121 сервис, 67 из которых мы написали на Go за последние 4 года.  При этом мы активно продолжаем создавать и внедрять новые. \n\n\nЭта статья — расшифровка моего мини-доклада с Golang Live 2020. Под катом я расскажу о том, как мы упрощаем задачу написания новых сервисов и облегчаем поддержку существующих. Какие инструменты для этого мы нашли или написали, какие процессы нам в этом помогают.",
        "data": "2021-02-26, 11:01",
        "rating": 8
    },
    {
        "title": "Как PHP/Python разработчиков в Lamoda учат писать на Go",
        "description": "Привет! Меня зовут Михаил Мохначев, я тимлид команды Core в Lamoda.\n\nНаша команда занимается обеспечением работы сайта и системы приема заказов, что бы ни случилось. Мы очень активно используем язык Go — 95% трафика идет через сервисы, которые написаны на нем. Но также есть сервисы на РНР и Python.\n\nУ нас все время появляется много новых задач, а также копится техдолг, с которым надо разбираться. Поэтому мы часто нанимаем новых сотрудников.\n\nНайти кандидата, чьи навыки идеально подходили бы под наш запрос, очень сложно. Go-разработчиков в принципе мало на рынке, а Go-разработчиков, хорошо знающих к тому же PHP/Python, еще меньше. Поэтому мы решили подойти к этой задаче по-другому: мы нанимаем РНР или Python-разработчиков, и сами учим их писать сервисы на Go по рецепту Lamoda.",
        "data": "2021-02-12, 10:03",
        "rating": 20
    },
    {
        "title": "Автотесты на языке разметки или как мы в Lamoda тестируем микросервисы",
        "description": "Всем привет! Меня зовут Кирилл Поляков, я QA-инженер в компании Lamoda. Мы тестируем бекэнд большой e-commerce платформы. В этой статье я расскажу, как мы пришли к автотестам на языке разметки для тестирования микросервисов и делаем это с помощью инструмента собственной разработки – Gonkey, который позволяет использовать стандартизированный набор решений и легко писать тесты на Go.",
        "data": "2021-01-29, 10:59",
        "rating": 27
    },
    {
        "title": "Из 1С в Android-разработку: мой опыт перехода внутри Lamoda",
        "description": "Меня зовут Виталий Хмелёв, с 2019 года я работаю в команде Аndroid-разработки в Lamoda, а до того почти семь лет проработал здесь же программистом 1C. В этой статье хочу поделиться своим опытом и дать некоторые советы, которые, я надеюсь, помогут, если вы тоже задумываетесь заняться разработкой на Android.",
        "data": "2021-01-14, 11:05",
        "rating": 28
    },
    {
        "title": "Разработка сложных компонентов: деливерим быстро, поддерживаем легко",
        "description": "Всем привет, меня зовут Роман Пятаков! Я техлид во фронтенд-команде Lamoda. И сегодня хочу поговорить с вами о разработке сложных компонентов.\n\nLamoda — это технически сложный продукт, которым пользуются 10 миллионов пользователей ежемесячно, насчитывающий более 100 внутренних подсистем. Вершина этого айсберга – интерфейс онлайн-магазина, или фронтенд. Наша команда занимается разработкой и поддержкой UI десктопного и мобильного сайтов, тех частей нативных приложений для iOS, Android, которые сделаны на WebView, а также разными маркетинговыми «добавками» (это баннеры и лендинги).\n\nВ своей работе мы, конечно же, используем компоненты. Компоненты нам попадаются всякие, но есть и такие, которые по праву можно назвать сложными. Вы сразу подумали про навороченные формы или эффектные графики? Я вас удивлю, но даже обычное модальное окно может создать проблемы в разработке. Около года назад на мои плечи легла задача разработать этот с виду несложный компонент, в итоге вылившаяся в три календарных месяца работы. К счастью, из этого неуклюжего опыта я вынес три урока – три принципа, которыми сегодня с вами и поделюсь, чтобы вы не наступали на те же грабли и сделали свою работу эффективней.\n\nСразу оговорюсь, что мы в компании используем стек на основе Vue.js. Но если у вас React или Angular, эта статья все равно будет полезна, так как выделенные мною принципы универсальны.",
        "data": "2020-12-22, 14:29",
        "rating": 11
    },
    {
        "title": "Автоматическое обучение моделей с помощью Vowpal Wabbit",
        "description": "Всем привет, меня зовут Артем Жаринов, я специалист по анализу данных и машинному обучению команды RnD в Lamoda.\n\nБлуждая по нашему сайту вы, возможно, заметили такие полки рекомендаций «С этим товаром покупают» или «Популярные товары». Для персонализированного ранжирования товаров в этих полках мы используем модель из фреймворка Vowpal Wabbit, написанного на языке C. Другой алгоритм отбирает определенный набор товаров, который может показываться на этой полке, а задача Vowpal Wabbit – предсказать вероятность того, что пользователь кликнет на какой-либо товар.\n\nВ этой статье расскажу, как мы:\n\nсоставляем рекомендации, которые отображаются на сайте;\nобучаем модели, которые эти рекомендации делают;\nи почему мы пришли к тому, что необходимо автоматизировать весь процесс обучения моделей.",
        "data": "2020-12-01, 11:00",
        "rating": 17
    },
    {
        "title": "“А вдруг наших спикеров схантят?!” Зачем и как учить инженеров выступать",
        "description": "Привет! Меня зовут Женя Голева, я работаю деврелом в компании Lamoda уже четыре года. Сейчас процесс подготовки спикеров у нас налажен и отработан, но так было не всегда. В начале работы мое предложение о выступлении встречало сопротивление и у разработчиков, и у руководителей команд.\n\nЕсли вам интересно, какую практическую пользу приносят компании доклады сотрудников на конференциях — или уже хочется развивать культуру выступлений, но нанимать DevRel'а в планах нет — я думаю, наш опыт будет полезен.",
        "data": "2020-11-24, 11:03",
        "rating": 39
    },
    {
        "title": "Lamoda x Joker 2020",
        "description": "Привет, Хабр! Меня зовут Влад Кошкин, я java-разработчик в Lamoda. С 25 по 28 ноября наша команда впервые примет участие в онлайн-конференции Joker 2020.\n\nУ Lamoda огромный и сложный склад: 40 000 м², миллионы товаров на полках, тысячи людей — и все это мы автоматизируем на Java через WMS (Warehouse Management System).\n\n\n\nНа нашем стенде мы рассказываем о том, как подружили Kotlin с бэкендом, строим модульную архитектуру, позволяем разработчикам разрабатывать, избегая лишних встреч. А еще мы будем травить байки на стенде — под катом расписание и игра-квест, где можно почувствовать себя частью команды.",
        "data": "2020-11-18, 16:19",
        "rating": 4
    },
    {
        "title": "Использование Azure DevOps от разработки до сборки релиза в Dynamics AX 2012",
        "description": "Использование контроля версий для разработки в ERP-системе MS Dynamics AX — штука довольно неоднозначная. Кто-то не использует совсем, кто-то использует встроенную систему контроля версий MorphX.\n\nМеня зовут Игорь Глухов, я разработчик MS Dynamics AX в компании Lamoda. В этой статье речь пойдет о том, как мы начали использовать в качестве контроля версий Team Foundation Server и Azure DevOps в Dynamics AX 2012 и как стали применять контроль версий для подготовки релизов.\n\nНиже расскажу все подробности:\n\nИстория изменений: с чего начали;\nКонтроль версий: синхронизация и подключение среды разработки;\nПодключение Test и Prerelease к контролю версий;\nКак происходит сборка релиза сейчас и какие результаты получили на выходе.",
        "data": "2020-11-11, 10:44",
        "rating": 8
    },
    {
        "title": "Технорадар Lamoda 2020: что изменилось за два года",
        "description": "Технологический радар — диаграмма, на которой можно увидеть IT технологии и инструменты, которые мы используем в Lamoda, разделенные по областям применения и статусам. В 2018 году мы выкладывали здесь на Хабре подробную статью с расшифровкой актуального на тот момент техрадара. Что изменилось за два года, и зачем мы продолжаем регулярно обновлять радар — читайте в этой статье.",
        "data": "2020-10-26, 10:54",
        "rating": 32
    },
    {
        "title": "Технические доклады Lamoda на GolangLive 2020",
        "description": "Привет, Хабр! Меня зовут Даниил Зиненко и я руководитель направления разработки Online Shop в Lamoda. С 14 по 17 октября наша Go-команда будет на онлайн-конференции GolangLive со стендом, на который мы и хотим вас пригласить. Ссылка на стенд.\n\nНиже расписание мини-докладов от наших инженеров и игра-квест, где можно выиграть электросамокат Ninebot KickScooter MAX G30P.",
        "data": "2020-10-07, 10:11",
        "rating": 19
    },
    {
        "title": "Как мы оркестрируем процессы обработки данных с помощью Apache Airflow",
        "description": "Всем привет! Меня зовут Никита Василюк, я инженер по работе с данными в департаменте данных и аналитики компании Lamoda. В нашем департаменте Airflow играет роль оркестратора процессов обработки больших данных, с его помощью мы загружаем в Hadoop данные из внешних систем, обучаем ML модели, а также запускаем проверки качества данных, расчеты рекомендательных систем, различных метрик, А/Б-тестов и многое другое.\n\n\n\nВ этой статье я расскажу:\n\nчто за зверь этот Airflow, из каких компонентов состоит и как они между собой взаимодействуют\nпро основные сущности Airflow: пайплайны, которые называются DAG, Operator и еще про несколько вещей\nкак преуспеть в разработке на Airflow\nкак мы внедрили генерацию пайплайнов и так называемое «декларативное писание пайплайнов»\nпро плюсы и минусы использования Airflow",
        "data": "2020-09-22, 11:01",
        "rating": 23
    },
    {
        "title": "Как создать шаблон описания системы и начать его использовать",
        "description": "Когда в IT-компании работают 6 человек, которые пилят одну систему и обсуждают её в кулуарах, описание системы и документация кажутся ненужными. Но когда систем уже более 100, без описания не обойтись. Ведь непродуманное изменение UI может остановить создание заказов. Мы создали единый шаблон описания системы, чтобы документация стала максимально полезной.\n\nМеня зовут Александра Камзеева, я работаю системным аналитиком уже 9 лет, из них 3.5 года в Lamoda. Я много читаю, анализирую текущую документацию и создаю новую. В работе я всегда структурирую информацию и делаю её максимально удобной.",
        "data": "2020-09-08, 10:28",
        "rating": 10
    },
    {
        "title": "Всё на продажу: как мы наладили бизнес-процессы для Lamoda и стали продавать их партнерам",
        "description": "Привет, я – Павел Савельев, глава отдела BPA (Business Process Automation) в Lamoda. Это один из самых крупных отделов в нашем IT – 9 команд, и мы планируем расширяться и дальше. Расскажу о том, как устроен мой отдел разработки и что “под капотом” у Lamoda.\n\nЕсли совсем просто, то BPA – это такая централизованная сеть, которая объединяет службу доставки, огромный склад и систему управления заказами, с разработкой и интеграцией с партнерами. Все это обвязано отчетами и аналитикой. Мы проектируем и пишем все сервисы по взаимодействию этих систем и предоставлению похожих услуг партнерам.",
        "data": "2020-08-21, 13:10",
        "rating": 17
    },
    {
        "title": "Путь разработчика",
        "description": "Привет! Меня зовут Алексей Скоробогатый. В 2015 году я пришел в Lamoda на позицию разработчика. Сейчас я системный архитектор e-commerce платформы и по совместительству Technical Lead команды CORE. В этой статье хочу поделиться инсайтами, которые получил за эти 5 лет — в формате takeaways, с историями, мемами и ссылками на литературу.\n\n\n\nБуду рад любой дискуссии в комментариях под статьей: вопросы, мнения, опровержения!",
        "data": "2020-08-04, 10:49",
        "rating": 40
    },
    {
        "title": "Наблюдательный пост пессимиста: технические и концептуальные решения в системе мониторинга Lamoda",
        "description": "Всем привет! Меня зовут Александр Афенов, я работаю в Lamoda. Эта статья по мотивам моего доклада с HighLoad 2019, запись которого лежит тут.\n\nРаньше я был тимлидом, и в моем ведении была пара критикал-сервисов. И если в них что-то шло не так, это останавливало реальные бизнес-процессы. Например, заказы переставали уходить в сборку на складе.\n\nНедавно я стал дирекшн-лидом и теперь отвечаю за три команды вместо одной. У каждой из них в ведении есть IT-система. Мне хочется понимать, что происходит в каждой системе и что может сломаться.\n\nВ этой статье я поговорю о том,\n\nчто мы мониторим,\nкак мы мониторим,\nи самое главное: что мы делаем с результатами этих наблюдений.",
        "data": "2020-07-07, 10:51",
        "rating": 13
    },
    {
        "title": "Как настроить real-time data processing на летящем корабле",
        "description": "Привет! Меня зовут Алексей Скоробогатый, я системный архитектор в Lamoda.\nНедавно мы внесли большие изменения в нашу e-commerce платформу: перешли к событийной (events driven) архитектуре и добавили обработку данных в реальном времени. На этом примере я хочу поделиться опытом того, как мы реализуем эволюционный подход к изменению архитектуры.",
        "data": "2020-06-25, 10:58",
        "rating": 24
    },
    {
        "title": "Самомотивация технаря: уравнение прокрастинации, эффект шредера и трюки с едой",
        "description": "Привет! Меня зовут Игорь, я занимаюсь машинным обучением в Lamoda. До этого я несколько лет работал в науке, что сильно сформировало мое мышление в технарскую сторону.\n\nКогда занимаешься наукой, иногда приходится делать не очень увлекательные вещи. Например, заполнять бюрократические бумажки, писать статьи и делать публикации в журналах, выступать на конференциях. Иногда очень тяжело себя заставить. Я два раза писал кандидатскую диссертацию в разных странах, и каждый раз это шло через усилие. В тот момент я задумался: наверняка есть люди, которые испытывали то же самое, и возможно, у них есть фреймворк, который можно использовать. Так и оказалось! Я нашел несколько интересных решений и опробовал на себе.\n\nЭтими находками я решил поделиться в этой статье.\n\nПоговорим про мотивацию самого себя, а не кого-то другого;\nУзнаем, что такое мотивационное уравнение и как его использовать;\nРазберём, как влиять на факторы мотивации;\nИ какие есть сервисы и инструменты для этого.\n\nЭто статья не про мотивацию сотрудников Lamoda, а про мотивацию, которую я нашел для себя.",
        "data": "2020-06-02, 10:55",
        "rating": 46
    },
    {
        "title": "Challenge accepted или какие задачи решают инженеры Lamoda",
        "description": "В e-commerce приходят из самых разных областей: финтеха, софтверной разработки, телекома. И довольно быстро обнаруживают, что тут у нас тоже довольно нескучно. Мы поговорили с представителями разных направлений IT департамента о неожиданных профессиональных вызовах, рабочих задачах и точках роста.",
        "data": "2020-05-19, 11:31",
        "rating": 20
    },
    {
        "title": "Унифицируй это: как Lamoda делает единообразными свои Go сервисы",
        "description": "Мы широко используем микросервисную архитектуру, хоть и не считаем ее панацеей, и чуть больше 2 лет назад начали переходить на язык Go. Он сравнительно прост и, на мой взгляд, очень хорошо подходит для создания простых, небольших и быстрых микросервисов. Эта простота имеет и обратную сторону: из-за неё возникает множество способов решить одну и ту же задачу.\n\nКазалось бы, насколько сильно может отличаться один микросервис, который ходит в базу данных, от другого микросервиса, который ходит в соседнюю базу данных? Например, одна команда использует Go 1.9, glide, стандартный database/sql и одну структуру проекта, а в это же время другая команда использует Go 1.13, modules, sqlx и, конечно же, другую структуру проекта.\n\nКогда один микросервис в компании отличается от другого, а он, в свою очередь, отличается от третьего — это замедляет разработку. А медленная разработка — это убытки повод для оптимизации.\n\nМеня зовут Алексей Партилов, я техлид команды web-разработки в компании Lamoda. В этой статье я расскажу, как мы справляемся с разношерстностью около 40 наших микросервисов на Go. Статья будет полезна разработчикам, которые только вливаются в Go и не знают, с чего начать более сложный проект, чем “helloworld”.",
        "data": "2020-04-14, 11:54",
        "rating": 48
    },
    {
        "title": "Разработка первого проекта на платформе Microsoft Dynamics 365 For Finance and Operations",
        "description": "Всем привет! Меня зовут Таня, я тимлид группы разработки Axapta в компании Lamoda. В этой статье речь пойдет про разработку нашего первого проекта на платформе Microsoft Dynamics 365 For Finance and Operations.\n\n\n\nЯ расскажу про подходы, которые мы использовали, про ошибки, которые допускали, поделюсь знаниями и приобретенным опытом. Эта статья может быть интересна тем, кто начинает разработку проекта в D365 или только задумывается об этом.\n\nЭто вольная расшифровка доклада с митапа Mycrosoft Dynamics 365 & Power Platform Meetup.",
        "data": "2020-03-26, 11:42",
        "rating": 13
    },
    {
        "title": "DataMatrix или как правильно маркировать обувь",
        "description": "С 1 июля 2019 года в России введена обязательная маркировка группы товаров. С 1 марта 2020 года под этот закон должна была попасть обувь. Не все успели подготовиться, и в результате запуск перенесли на 1 июля. Lamoda среди тех, кто успел.\n\nПоэтому мы хотим поделиться опытом с теми, кому еще только предстоит маркировать одежду, шины, парфюм и т.д. В статье описан ряд отраслевых стандартов, некоторая нормативная документация и личный опыт. Статья предназначена в первую очередь для интеграторов и разработчиков, которым только предстоит разбираться в этом проекте.",
        "data": "2020-03-12, 11:30",
        "rating": 21
    },
    {
        "title": "Мой путь QA инженера: через выгорание к тестированию в кайф",
        "description": "Привет! Меня зовут Люба, и я QA инженер команды разработки систем для контакт-центра в Lamoda.\n\nНедавно исполнилось три года, как я работаю в нашей компании, и это заставило меня задуматься и заново посмотреть на события, которые происходили с момента, как я выбрала эту профессию, на решения, которые я принимала. На каком-то этапе своего карьерного пути я столкнулась с выгоранием, и была близка к тому, чтобы совсем уйти из профессии. Но не ушла, а наоборот продолжаю реализовывать себя в этой же сфере, причем работаю уже сравнительно долго на одном месте, и пока не собираюсь уходить.",
        "data": "2020-02-19, 12:02",
        "rating": 21
    },
    {
        "title": "Dynamics 365 & Power Platform Meetup в Lamoda — отчет",
        "description": "Всем привет! 11 февраля в офисе Lamoda прошел Dynamics 365 & Power Platform Meetup. В гости пришли 80 человек, трое из которых прилетели к нам аж из Владивостока :)\n\n\n\nПровели три дискуссионные зоны и поговорили про проектное управление, бизнес-анализ и разработку. Сделали 4 мини-экскурсии для гостей по нашему офису и показали, как живет IT департамент Lamoda. С докладами выступили 5 спикеров, презентации и записи которых найдете под катом в нашем отчете. А посмотреть, как это было, можно в фотоальбоме на Facebook.",
        "data": "2020-02-13, 13:48",
        "rating": 6
    },
    {
        "title": "Трудно быть Колей, или практики обмена знаниями в Lamoda",
        "description": "Всем привет! Меня зовут Александр Афенов, я тимлид команды Order Processing в компании Lamoda. Сегодня я хочу вам рассказать о практиках обмена знаниями: какие проблемы эти практики решают, как мы к ним пришли, и как они влияют на жизнь разработчика.",
        "data": "2020-01-30, 12:04",
        "rating": 16
    },
    {
        "title": "Dynamics 365 и Power Platform Meetup в Lamoda — анонс",
        "description": "Update. Ссылка на трансляцию: www.youtube.com/watch?v=kytvkUVJP_8&feature=youtu.be\n\nВсем привет! Меня зовут Станислав Гоц, я руководитель отдела внедрения и поддержки ERP систем в Lamoda. Хочу пригласить вас на Dynamics 365 и Power Platform Meetup, который пройдет 11 февраля у нас в офисе.\n\nНа митапе выступят 5 спикеров, в дискуссионных секциях обсудим темы проектного управления на внедрениях ERP и ее поддержки, поговорим про подходы к тестированию и бизнес-анализу, затронем нюансы разработки и технические аспекты новой версии. А также вас ждет обед и экскурсия по офису.\n\nПод катом программа встречи, ссылка на форму регистрации и более подробная информация о том, как нас найти.",
        "data": "2019-12-24, 12:17",
        "rating": 8
    },
    {
        "title": "DevOps, балет и ниндзя: маленькие истории про начало IT-карьеры",
        "description": "Давайте вспомним, как мы вообще пришли в IT? Кто-то завидовал черепашкам ниндзя, кто-то хотел переделать любимую игру, кто-то случайно пришел в кружок радиолюбителей, а кто-то вообще собирался заниматься балетом, — пути, приводящие человека в IT-индустрию, неисповедимы; может быть, это происходит потому, что сама эта индустрия требует от очень разных людей очень разных талантов, — и жизненный опыт иногда оказывается не меньшей ценностью, чем опыт профессиональный.\n\nСовместно с проектом PostPost.Media мы в Lamoda собрали истории как наших коллег, так и предложили всем желающим написать свои. Наслаждайтесь самыми неожиданными сюжетами или впишите свою историю в общую картину, чтобы мы добавили ее в следующую подборку :)",
        "data": "2019-12-18, 13:59",
        "rating": 25
    },
    {
        "title": "Го в Go! Как команда PHP взялась писать микросервисы",
        "description": "Всем привет! Меня зовут Алексей Скоробогатый, я системный архитектор в Lamoda. В феврале 2019 года я выступал на Go Meetup еще на позиции тимлида команды Core. Сегодня хочу представить расшифровку своего доклада, который вы также можете посмотреть.\n\nНаша команда называется Core неспроста: в зону ответственности входит все, что связано с заказами в e-commerce платформе. Команда образовалась из PHP-разработчиков и специалистов по нашему order processing, который на тот момент представлял собой единый монолит. Мы занимались и продолжаем заниматься декомпозицией его на микросервисы.",
        "data": "2019-12-05, 12:02",
        "rating": 25
    },
    {
        "title": "Как не сойти с ума в Open Space: делаем новый офис с нуля",
        "description": "Так сложилось в индустрии, что большинство офисов устроено в формате open space. И это часто причиняет боль и страдание всем, кто в таком пространстве работает: людей слишком много и они слишком близко, постоянно шумно, огромное помещение выглядит неуютным. Нельзя открыть окно или выключить кондиционер, кому-то обязательно будет дуть, а другому немедленно станет душно. Однако, планируя новый офис, мы сразу понимали, что это будет open space. Осознавая все минусы, мы заранее начали думать о том, как сделать будущий open space максимально комфортным для работы наших коллег. Разумеется, настроены были скептически, а кто-то считал, что это просто невозможно. \n\nLong story short, спустя почти год после переезда я могу смело заявить, что новый офис в разы лучше прошлого. Мои коллеги говорят, что у них возникает ощущение дома, когда они приходят на работу. Под катом мы расскажем подробнее о том, как придумывали для себя Lamoda Home, что нам удалось сделать хорошо, а над чем еще придется поработать. Надеюсь, наш опыт пригодится тем, кому в ближайшее время предстоит подобный подвиг.",
        "data": "2019-11-20, 12:02",
        "rating": 59
    },
    {
        "title": "Персонализация товарных рекомендаций на больших данных с помощью Vowpal Wabbit",
        "description": "Привет! Меня зовут Никита Учителев. Я представляю отдел Research & Development компании Lamoda. Нас 20+ человек, и мы работаем над различными рекомендациями на сайте и в приложениях, разрабатываем поиск, определяем сортировку товаров в каталогах, обеспечиваем возможность АБ-тестирования разнообразного функционала, а также поддерживаем несколько внутренних разработок вроде системы прогнозирования эластичности спроса и оптимизации логистики доставки.\n\n\nОдним из основных направлений развития всей компании на ближайшие годы выбрана персонализация наших продуктов и услуг. Подобные инициативы тестируются и внедряются повсеместно — начиная от составления персональных подборок товаров до выбора конкретного торгового представителя, который доставит наш товар именно вам. В рамках процесса персонализации продуктов R&D я выступаю в роли тимлида и хочу в этой статье рассказать про платформу, проектированием и разработкой которой я со своей командой занимался последний год, а также про первые персонализированные продукты R&D, которые проходят АБ-тестирование в настоящее время.",
        "data": "2019-10-31, 12:26",
        "rating": 22
    },
    {
        "title": "Как внедрить аналитику и не сломать приложение?",
        "description": "Привет! Меня зовут Соснин Илья. Я работаю в Lamoda Android разработчиком. Крашу кнопочки, прогаю списочки и, к сожалению, пишу аналитику…\n\nLamoda — это Data Driven Company, в которой все решения принимаются на основе поведения пользователей. Сначала мы наблюдаем и только потом делаем выводы. Поэтому несложно догадаться, что аналитика у нас есть, и она нам очень нужна.\n\nВ расшифровке моего доклада митапа Mosdroid #18 Argon я расскажу, как устроен наш SDK и почему рефлексия — это не всегда плохо. А также отвечу на главный вопрос этой темы: «Как внедрить аналитику и не сломать приложение?».\n\nДля начала задам один простой вопрос: “Как вы думаете, сколько у нас установок в Google play?”.",
        "data": "2019-10-10, 12:03",
        "rating": 19
    },
    {
        "title": "Танцы с саппортом: виды и формы поддержки. Саппорт систем, работающих в бою",
        "description": "Всем привет! Меня зовут Александр Афенов, и я тимлид команды Order Processing в Lamoda. Сегодня хочу рассказать вам о том, как мы разгребаем саппорт.\n\nСначала поговорим про то, как он встраивается в наши процессы и как в целом мы планируем свою работу, спринты и итерации.\n\nЗатем расскажу, откуда вообще саппорт может прилетать и на какие виды он подразделяется.\nПоделюсь опытом того, как мы внутри команды справляемся с каждым из видов саппорта.\n\nВ конце рассмотрим плюсы и минусы используемых нами практик и подведем итоги.",
        "data": "2019-09-26, 12:03",
        "rating": 30
    },
    {
        "title": "PHP-библиотеки для e-commerce: работа с АТОЛ и Payture, парсинг кодов GS1 и другие задачи",
        "description": "Привет, меня зовут Павел Савельев, я руководитель отдела автоматизации бизнес-процессов в Lamoda. Мы работаем с очень разными задачами, и стараемся подобрать для каждой наиболее удобный инструментарий. Соответственно, мы используем разные языки — в наших системах можно встретить и Java, и Go, и немного Kotlin под андроид. При этом значительная часть разработки ведется на PHP, на нем написаны более двух десятков сервисов, которые автоматизируют не только работу с заказами, но и операционные процессы широкой сети доставки, колл-центров в трёх странах и собственной фотостудии, а также предоставление всего этого в виде услуг нашим B2B-партнерам. Эти сервисы поддерживают и развивают 5 команд разработки нашего отдела.\n\n\n\nПо мере развития как самих сервисов, так и инфраструктуры вокруг них, в этих системах все чаще возникают похожие задачи, такие как логирование в общую CLS (Centralized Logging System), тестирование файлового хранилища, сбор метрик для Prometheus и другие. Мы стараемся стандартизировать способы решения таких задач и использовать для разных систем общие компоненты.",
        "data": "2019-09-12, 11:51",
        "rating": 32
    },
    {
        "title": "1000 и 1 фидбэк. Как самому давать обратную связь и научить других, опыт Lamoda",
        "description": "Привет! Меня зовут Евгения Голева, я выступила на TeamLeadConf с докладом про обратную связь и хочу поделиться с вами его вольной расшифровкой. Мне удалось под соусом совсем другого проекта научить инженеров давать обратную связь гораздо лучше, чем они делали это раньше. Для этого пришлось не только долго и тщательно объяснять «зачем и как», но и организовать множество подходов к снаряду под бдительным контролем и с мягкой поддержкой. Путь был непростым, усеян граблями и велосипедами, и я надеюсь, что некоторые неочевидные мысли и методы пригодятся тем, кто хотел бы привить культуру здорового фидбэка своей команде.",
        "data": "2019-09-05, 12:04",
        "rating": 31
    },
    {
        "title": "Gonkey — инструмент тестирования микросервисов",
        "description": "Gonkey тестирует наши микросервисы в Lamoda, и мы подумали, что он может протестировать и ваши, поэтому выложили его в open source. Если функциональность ваших сервисов реализована преимущественно через API, и используется JSON для обмена данными, то почти наверняка Gonkey подойдет и вам.\n\n\nНиже я расскажу о нем подробнее и покажу на конкретных примерах, как его использовать.",
        "data": "2019-08-21, 17:11",
        "rating": 27
    },
    {
        "title": "#18 Mosdroid Argon — отчет",
        "description": "Всем привет!\n\nПубликуем отчет с # 18 Mosdroid Argon, который прошел 19 июля в офисе Lamoda. На встрече погрузились в тему шаблонов, прониклись опытом удачного выхода из ситуации с однотипным UI, а также послушали про внедрение большого количества ивентов аналитики.\n\n\n\nПод катом ссылка на фотоотчет, видеозаписи и презентации спикеров.",
        "data": "2019-08-13, 12:01",
        "rating": 12
    },
    {
        "title": "Как мы поддерживаем стабильность приложения Lamoda",
        "description": "Всем привет!\n\nМеня зовут Виталий Бендик. Я тимлид команды разработки Android приложения в компании Lamoda. В 2018 году я выступал на Mosdroid Aluminium c докладом, расшифровкой которого хочу поделиться.\n\n\n\nРечь пойдет о том, как мы поддерживаем стабильность мобильного приложения. Для нас это очень важно, так как наша мобильная аудитория составляет миллионы пользователей. Кроме того, по доле в заказах наших клиентов приложения давно обогнали сайты, desktop и mobile версии в сумме, а платформа iOS стала абсолютным лидером, опередив desktop сайт.\n\nВ докладе я расскажу:\n\nчто мы понимаем под стабильностью приложения;\nоб архитектуре нашего мобильного приложения;\nо процессах, практиках и инструментах, которые мы используем.",
        "data": "2019-08-06, 12:00",
        "rating": 16
    },
    {
        "title": "Технологии, аутсорс и менталитет: как мы внедряли Microsoft Dynamics 365 в немецком офисе Lamoda",
        "description": "Объединение учетных систем удаленного филиала и их интеграция с головной структурой — задача достаточно непростая даже в пределах России. А когда заказчик находится за рубежом, весь проект может усложнить отсутствие экспертизы в местном налоговом законодательстве и конфликт менталитетов. Меня зовут Станислав Гоц, я руковожу отделом разработки ERP-систем Lamoda и в этом посте расскажу вам как раз о таком опыте — о внедрении ERP-системы в нашем немецком филиале.",
        "data": "2019-07-25, 11:30",
        "rating": 31
    },
    {
        "title": "Let's play a little game with Lamoda",
        "description": "Привет! Меня зовут Павел Савельев, я руковожу отделом автоматизации бизнес-процессов в Lamoda. Хочу пригласить вас сыграть в PHP Quest. Для участия в квесте необходимо заполнить анкету. После заполнения анкеты мы вышлем вам на почту головоломку. До 12 августа 5 августа игроки присылают свои решения на quest@lamoda.ru. Спойлер: у головоломки множество решений, и мы готовы рассмотреть любое.\n\nUPD: принимаем решения до 5 августа в связи с большим количеством заявок, приносим свои извинения.\n\n\n\nВсех, кто успешно справился с головоломкой, мы пригласим на финал, который состоится 16 августа в нашем офисе в Москве. Игрокам из других городов мы оплатим билеты и проживание.",
        "data": "2019-07-23, 12:55",
        "rating": 8
    },
    {
        "title": "#18 Mosdroid Argon в Lamoda — анонс",
        "description": "Ссылка на трансляцию: www.youtube.com/c/MOSDROID/live\n\nВсем привет! Меня зовут Виталий Бендик, я — тимлид команды Android-разработки.\nХочу пригласить вас на #18 Mosdroid Argon, который пройдет 19 июля в нашем новом офисе.\n\nВ рамках митапа погрузимся в тему шаблонов, которые позволят снизить количество вручную вбиваемого однотипного кода, проникнемся опытом удачного выхода из ситуации с однотипным UI, а также послушаем про внедрение большого количества ивентов аналитики.\n\nА также вас ждет пицца, бургеры, экскурсия по офису, интересные доклады и просто хорошее времяпровождение. Под катом программа встречи, спикеры и тезисы их выступлений.",
        "data": "2019-07-11, 12:40",
        "rating": 10
    },
    {
        "title": "Найм сотрудника начинается с… уважения. Собеседуем инженера",
        "description": "Привет! Меня зовут Софья Донгаузер, я руковожу командой подбора IT-специалистов в Lamoda. Long story short: не первый год мы привлекаем IT-специалистов со всей России и СНГ и, по нашему мнению, научились делать это эффективно. \n\n\nКоманда подбора IT-специалистов\n\nЧто чаще всего раздражает кандидатов? Среди негативных моментов, которые отмечают IT-специалисты, с большим отрывом лидируют четыре: некомпетентность рекрутеров и, как следствие, низкое качество первого контакта; затянутость процесса подбора; академические задачи на собеседовании, не имеющие отношения к реальным «боевым» задачам. And last but not least — отсутствие или невнятность фидбэка после собеседования. ",
        "data": "2019-07-09, 11:31",
        "rating": 57
    },
    {
        "title": "Курсоры БД в Doctrine",
        "description": "Используя курсоры, вы сможете порционно получить из БД и обработать большое количество данных, не расходуя при этом память приложения. Уверен, перед каждым веб-разработчиком хотя бы раз вставала подобная задача, передо мной тоже — и не раз. В этой статье я расскажу, в каких задачах курсоры могут быть полезны, и дам готовый код по работе с ними из PHP + Doctrine на примере PostrgeSQL.",
        "data": "2019-06-11, 11:06",
        "rating": 34
    },
    {
        "title": "Тесты на Codeception для PHP-бэкендов",
        "description": "Всем привет! Меня зовут Паша, и я QA инженер команды Order Processing в Lamoda. Недавно я выступал на PHP Badoo Meetup. Сегодня хочу представить расшифровку своего доклада.\n\nРечь пойдет про Codeception, про то, как мы его используем в Lamoda и как на нем пишем тесты.",
        "data": "2019-05-29, 16:00",
        "rating": 29
    },
    {
        "title": "Деплой приложений в VM, Nomad и Kubernetes",
        "description": "Всем привет! Меня зовут Павел Агалецкий. Я работаю тимлидом в команде, которая разрабатывает систему доставки Lamoda. В 2018 году я выступал на конференции HighLoad++, а сегодня хочу представить расшифровку своего доклада.\n\nМоя тема посвящена опыту нашей компании по деплою систем и сервисов в разные среды. Начиная от наших доисторических времен, когда мы деплоили все системы в обычные виртуальные сервера, заканчивая постепенным переход от Nomad к деплою в Kubernetes. Расскажу о том, почему мы это сделали и какие у нас были в процессе проблемы.",
        "data": "2019-05-14, 16:45",
        "rating": 10
    },
    {
        "title": "Техническая ипотека: что и кому должен тимлид",
        "description": "Всем привет! Меня зовут Александр Афенов. Я тимлид команды разработки Order Processing в компании Lamoda. В прошлом году я выступал на TeamLead Conf 2018. Запись выступления доступна по ссылке.\n\nВ своем докладе я расскажу историю того, как стал тимлидом, с какими проблемами столкнулся, и поделюсь разными стратегиями, которые, возможно, покажутся вам хорошо знакомыми по отдельности. Однако акцент я делаю на том, какой профит они дают в комплексе.\n\n\n\nДоклад будет разбит на 3 части:\n\nВ первой части речь пойдет немного о компании и особенностях нашего IT. Это нужно для того, чтобы был понятен контекст, в котором все происходит.\nВо второй расскажу о моём пути в компании.\nВ третьей — про используемые методики, их плюсы и минусы.",
        "data": "2019-04-17, 16:33",
        "rating": 24
    },
    {
        "title": "Разработка Kubernetes оператора с Operator Framework",
        "description": "Как уже говорилось в статье Радар технологий, Lamoda активно двигается в направлении микросервисной архитектуры. Большинство наших сервисов упаковываются с помощью Helm и деплоятся в Kubernetes. Данный подход полностью удовлетворяет наши потребности в 99% случаев. Остается 1%, когда стандартного функционала Kubernetes недостаточно, например, когда нужно настроить бэкап или обновление сервиса по определенному событию. Для решения данной задачи мы используем паттерн оператор. В данном цикле статей я — Григорий Михалкин, разработчик команды R&D в Lamoda — расскажу об уроках, которые я вынес из моего опыта разработки K8s операторов c помощью Operator Framework.",
        "data": "2019-04-09, 12:31",
        "rating": 22
    },
    {
        "title": "Опыт разработки сервиса Refund Tool с асинхронным API на Kafka",
        "description": "Что может заставить такую большую компанию как Lamoda с отлаженным процессом и десятками взаимосвязанных сервисов существенно менять подход? Мотивация может быть совершенно разная: от законодательной до присущего всем программистам желания экспериментировать.\n\nНо это вовсе не значит, что нельзя рассчитывать на дополнительную выгоду. В чем конкретно можно выиграть, если внедрить events-driven API на Kafka, расскажет Сергей Заика (fewald). Про набитые шишки и интересные открытия тоже обязательно будет — не может эксперимент без них обойтись.\n\n\n\nDisclaimer: Это статья основана на материалах митапа, который Сергей провел в ноябре 2018 года на HighLoad++. Живой опыт Lamoda работы с Kafka привлек слушателей не меньше, чем на другие доклады из расписания. Нам кажется, это отличный пример того, что всегда можно и нужно находить единомышленников, а организаторы HighLoad++ и дальше будут стараться создавать располагающую к этому атмосферу.",
        "data": "2019-04-02, 12:00",
        "rating": 25
    },
    {
        "title": "Насколько легко доставить заказ, зная адрес клиента (не очень)",
        "description": "Всем привет! Меня зовут Денис Гирько, я системный архитектор e-commerce платформы в Lamoda. В прошлом году я выступал на конференции DevConf с докладом, которым хочу поделиться с вами.\n\nЭто обзорный доклад о том, с какими сложностями в процессе доставки заказа встречается крупный интернет-магазин и какие технические решения могут помочь их преодолеть (на примере решений, которые мы опробовали в Lamoda).\n\n\nО чем пойдет речь? Расскажу:\n\nо процессе доставки и обозначу проблемы;\nкак эффективно хранить территории доставки в базе;\nкак повысить качество тех данных, которые мы получаем от клиента;\nкак в адресной базе искать адресата, чтобы найти больше точных результатов.",
        "data": "2019-03-27, 16:35",
        "rating": 31
    },
    {
        "title": "Введение в аннотации типов Python. Продолжение",
        "description": "Автор иллюстрации — Magdalena Tomczyk\n\nВ первой части статьи я описал основы использования аннотаций типов. Однако несколько важных моментов остались не рассмотрены. Во-первых, дженерики — важный механизм, во-вторых иногда может оказаться полезным узнать информацию об ожидаемых типах в рантайме. Но начать хотелось с более простых вещей",
        "data": "2019-02-27, 11:21",
        "rating": 28
    },
    {
        "title": "Как организовывать Knowledge Sharing внутрь и наружу",
        "description": "Какой путь видит неподготовленный тимлид, когда возникает необходимость чему-то научить своих коллег, будь то команда разработчиков или люди, которые сопровождают, поддерживают или продают его продукт? Правильно — слепить презентацию на 100500 слайдов, забронировать переговорку или конференц-зал, кинуть приглашение на почту, и ждать, что все отдаленно заинтересованные сами придут и сами приложат усилия, чтобы разобраться в вопросе. Нетрудно догадаться, что шанс на успех такого мероприятия равен 0,00%.\n\nА вот почему именно, и как на самом деле нужно подходить к передаче знаний внутри компании, чтобы добиться результата, знает Евгения Голева (cheaffa). И нам на TeamLead Conf рассказала, а теперь и с вами поделится многолетним опытом обучения взрослых.",
        "data": "2019-01-17, 13:06",
        "rating": 31
    },
    {
        "title": "Как Go спасал нашу «Чёрную пятницу»",
        "description": "Ранее мы уже рассказывали о том, что по мере роста нагрузки постепенно ушли от использования Python в бэкенде критичных сервисов на продакшене, заменив его на Go. А сегодня я, Денис Гирько, тимлид команды разработки Madmin, хочу поделиться деталями: как и почему это происходило на примере одного из важнейших для нашего бизнеса сервисов — расчета цены с учетом скидок по купонам.",
        "data": "2018-12-25, 11:17",
        "rating": 6
    },
    {
        "title": "Введение в аннотации типов Python",
        "description": "Введение\n\n\nАвтор иллюстрации — Magdalena Tomczyk\n\nВторая часть\n\nPython — язык с динамической типизацией и позволяет нам довольно вольно оперировать переменными разных типов. Однако при написании кода мы так или иначе предполагаем переменные каких типов будут использоваться (это может быть вызвано ограничением алгоритма или бизнес логики). И для корректной работы программы нам важно как можно раньше найти ошибки, связанные с передачей данных неверного типа.\n\nСохраняя идею динамической утиной типизации в современных версиях Python (3.6+) поддерживает аннотации типов переменных, полей класса, аргументов и возвращаемых значений функций:\n\nPEP 3107 — Function Annotations\nPEP 484 — Type Hints\nPEP 526 — Syntax for Variable Annotations\nПакет typing\n\nАннотации типов просто считываются интерпретатором Python и никак более не обрабатываются, но доступны для использования из стороннего кода и в первую очередь рассчитаны для использования статическими анализаторами.\n\nМеня зовут Тихонов Андрей и я занимаюсь backend-разработкой в Lamoda.\n\nВ этой статье я хочу объяснить основы использования аннотаций типов и рассмотреть типичные примеры, реализуемые аннотациями из пакета typing.",
        "data": "2018-12-18, 11:09",
        "rating": 31
    },
    {
        "title": "9 кругов автоматизации склада Lamoda",
        "description": "Наш склад размером с две Красные площади и высотой в 5 этажей работает круглый год и никогда не спит — 24/7 364 дня в году (единственный выходной — 1 января). У нас хранится и обслуживается более 8 000 000 товаров, каждый день на смену выходит более 300 операторов. Они работают с товаром, поступающим со всего мира, и собирают заказы для пользователей из четырех стран: России, Украины, Белоруссии и Казахстана. На таких масштабах бизнес требует безупречной автоматизации.\n\nПод катом я, Паша Финкельштейн — тимлид команды разработки и автоматизации склада — расскажу, во что может вырасти open source решение, если к нему приложить хорошую команду разработки и вполне конкретную бизнес-задачу.",
        "data": "2018-12-11, 11:00",
        "rating": 40
    },
    {
        "title": "Радар технологий: перечень языков, инструментов и платформ, которые прошли через руки Lamoda",
        "description": "В комментариях к нашей прошлой статье было много вопросов о технологиях, которые мы используем. В этой статье я — Игорь Мосягин, R&D разработчик Lamoda — о них расскажу. Под катом вы найдёте исчерпывающий перечень языков, инструментов, платформ и технологий, которые прошли через наши руки. Фронтенд, бэкенд, БД, брокеры сообщений, кеши и мониторинг, разработка и балансировка — подробный рассказ о том, что мы используем сегодня, а от чего отказались.\n\n\n\nЯ и мои коллеги готовы подискутировать в комментариях или на стенде компании на HighLoad++ 2018.",
        "data": "2018-10-31, 18:48",
        "rating": 38
    },
    {
        "title": "Lamoda изнутри: зачем интернет-магазину 300 инженеров",
        "description": "Привет, Хабр! Меня зовут Валентин, я CTO в Lamoda, где работаю почти с момента основания компании. Все эти годы мы всей командой так быстро бежали вперед, что не было возможности немного остановиться и рассказать о себе. Думаю, время пришло.\n\n\n\nМожет показаться, что Lamoda – один из пионеров российского интернета, но нам всего семь лет. С момента основания в 2011 году по сегодняшний день наша компания выросла с 11 сотрудников до более чем пяти тысяч. Каждый месяц к нам на сайт заходит >10 млн человек. Фактически мы были стартапом-новичком в устоявшемся российском IT, а в итоге за такой короткий срок смогли догнать и превзойти многих заслуженных ребят.\n\nЯ надеюсь, что мы понемногу расскажем вам о наших самых полезных и интересных достижениях, неудачах, опыте и том, с какими задачами наша команда сталкивается каждый день. Будем считать этот пост нашим знакомством.",
        "data": "2018-10-16, 11:48",
        "rating": 84
    }
]