[
    {
        "title": "Бэкап со звездочкой: путь из CommVault в Veeam",
        "description": "Текст статьи не удалось получить",
        "data": "2023-07-21, 15:14",
        "rating": 5
    },
    {
        "title": "Топ-5 ошибок потребителей услуг ЦОД",
        "description": "Текст статьи не удалось получить",
        "data": "2023-06-26, 10:56",
        "rating": 4
    },
    {
        "title": "Парные нагрузки в ЦОД, или как не остаться без резервирования",
        "description": "Текст статьи не удалось получить",
        "data": "2023-06-06, 13:42",
        "rating": 7
    },
    {
        "title": "Игра на опережение: как NGFW-как-сервис поможет в кибервойне",
        "description": "Текст статьи не удалось получить",
        "data": "2023-05-29, 16:29",
        "rating": 6
    },
    {
        "title": "Идеальная PDU для ЦОД или «в поисках утраченного»",
        "description": "Текст статьи не удалось получить",
        "data": "2023-04-25, 14:30",
        "rating": 9
    },
    {
        "title": "Бесперебойная декада: как обеспечить ЦОДу 10 лет аптайма",
        "description": "Современный дата-центр – комплексный организм, состоящий из множества инженерных подсистем, сетевой и ИТ-инфраструктуры. В ЦОДе слишком много переменных и вариантов их взаимодействия, поэтому риски сбоев очень высоки. Тем не менее, вся бизнес-модель дата-центров строится на постоянной доступности ИТ-систем. Как обеспечить 10 лет безаварийной работы такого объекта – рассказываем на примере нашей площадки в Петербурге. ",
        "data": "2021-12-24, 10:26",
        "rating": 7
    },
    {
        "title": "Мониторинг в ЦОДе: как мы меняли старую BMS на новую. Часть 4",
        "description": "В предыдущих частях мы рассказывали, как создавали и внедряли новую систему мониторинга ЦОД. В итоге у нас появился мощный механизм отслеживания и ведения статистики всех параметров ЦОДа, влияющих на доступность его ресурсов и показатели бесперебойной работы. \n\nСледующей задачей на пути развития системы стал вопрос ее настройки: как сделать так, чтобы работать с новой системой было удобно, а сама она была бы максимально информативной? ",
        "data": "2021-04-20, 16:11",
        "rating": 8
    },
    {
        "title": "Аттестация сотрудников ЦОДа: как и зачем ее проводят в Linxdatacenter",
        "description": "Ранее мы уже рассказывали о том, как проходили аттестацию Uptime Institute Management & Operations Stamp of Approval в 2018 году и подтверждали уровень соответствия его требованиям в 2020. \n\nСегодня поговорим о тренировке и проверке знаний инженеров ЦОДа – это опыт Linxdatacenter в Санкт-Петербурге, который сертифицирующая организация взяла на вооружение в своей работе. ",
        "data": "2021-03-25, 11:47",
        "rating": 6
    },
    {
        "title": "«Эффект домино», или Как мы обновляем софт облака в ЦОДе",
        "description": "Практика по поддержке и развитию облака в ЦОДе Linxdatacenter преподнесла нам интересный кейс. Достаточно рутинная операция по обновлению всего одного элемента облачной платформы привела к масштабному глубокому апгрейду. \n\nРассказываем, с чего все началось и как нам помогает «цифровой двойник» облака. ",
        "data": "2021-02-03, 13:16",
        "rating": 10
    },
    {
        "title": "Ускоряемся: апгрейд инфраструктуры в ЦОДе",
        "description": "В нашем ЦОДе наступил очередной цикл обновления «железа». Зачем и как мы это сделали, а главное – как именно улучшится работа облачной платформы Linxdatacenter после апгрейда в конкретных цифрах, – рассказывает в сегодняшнем материале менеджер по продуктам и решениям Linxdatacenter Олег Федоров.",
        "data": "2020-12-25, 12:49",
        "rating": 12
    },
    {
        "title": "«Да будет свет!», или Как мы меняли систему ИБП в ЦОДе в разгар пандемии",
        "description": "Модернизация дата-центра во время пандемии COVID-19 – не самая простая задача, особенно когда речь идет об апгрейде системы электроснабжения площадки. Тем не менее, при наличии четкого плана действий, надежного подрядчика и грамотной проектной команды с ней можно справиться и в условиях форс-мажора. \n\nРассказываем, как все прошло и как наша площадка в Санкт-Петербурге стала еще надежнее для клиентов по параметру отказоустойчивости. ",
        "data": "2020-12-04, 09:59",
        "rating": 7
    },
    {
        "title": "Основы работы с базой данных RIPE",
        "description": "Данная статья задумывалась как отправная точка, которая поможет новичкам быстро вникнуть в суть работы с БД RIPE, чтобы в голове сложилась целостная картина и понимание, для чего в ней используются те или иные объекты. Отмечу, что данная статья дает только общее представление о работе с данной системой, не описывая детальные шаги, но тем не менее я надеюсь, что после прочтения вам будет легче разобраться в вопросе. ",
        "data": "2020-11-06, 09:45",
        "rating": 14
    },
    {
        "title": "Network-as-a-Service для крупного предприятия: нестандартный кейс",
        "description": "Как обновить сетевое оборудование на крупном предприятии без остановки производства? О масштабном проекте в режиме «операции на открытом сердце» рассказывает менеджер по управлению проектами Linxdatacenter Олег Федоров. ",
        "data": "2020-09-30, 15:07",
        "rating": 12
    },
    {
        "title": "Работа в Amazon WorkSpaces: опыт развертывания и настройки",
        "description": "Вынужденный переход на удаленный режим функционирования стал для многих компаний стимулом попробовать новые форматы работы. Пик спроса в ИТ пришелся на виртуальное рабочее пространство. Понадобилось оно и нашим клиентам. По традиции мы решили сначала протестировать такое решение на себе, прежде чем предлагать его клиентам. Попробовав несколько опций инфраструктуры для «удаленки», мы остановились на варианте с рабочим пространством в облаке AWS — Amazon WorkSpaces, о котором и рассказываем. ",
        "data": "2020-09-22, 11:49",
        "rating": 12
    },
    {
        "title": "Сисадмин: вечный портал в ИТ-карьеру",
        "description": "Профессия системного администратора всегда сопровождается стереотипным восприятием. Сисадмин – это некий универсальный айтишник в любой компании, который чинит компьютеры, поднимает Интернет, занимается оргтехникой, настраивает программы и т. д. Дошло до того, что появился День Сисадмина – последняя пятница июля, то есть – сегодня. \n\nБолее того, у праздника сегодня юбилей – первый День Сисадмина был отпразднован в 2000 году в Чикаго американским «универсальным айтишником» по имени Тед Кекатос. Это был пикник на природе с участием сотрудников небольшой софтверной компании.\n\nВ Россию праздник пришел в 2006 году, когда под Калугой состоялся Всероссийский слёт системных администраторов, к котором далее добавился аналогичный ивент в Новосибирске. \n\nПрофессия живет и развивается, и сегодня отличный повод взглянуть на ее эволюцию, текущее состояние и перспективы, открываемые работой сисадмином в мире «больших ИТ». ",
        "data": "2020-07-31, 18:56",
        "rating": 12
    },
    {
        "title": "Почтовый переезд: как мы меняли бэкап электронной почты с Acronis на Veeam",
        "description": "Вы уже теряли важные электронные письма? Помните это ощущение легкого ужаса, нарастающего по мере того, как проваливается попытка за попыткой восстановления? Сделать электронную почту абсолютно неуязвимой вряд ли получится, а вот процесс восстановления облегчить можно. Меня зовут Николай Ляшук, и сегодня я поделюсь опытом адаптации нового инструмента бэкапа корпоративной почты в Linxdatacenter.",
        "data": "2020-07-24, 12:46",
        "rating": 10
    },
    {
        "title": "«Сим-сим, откройся!»: доступ в ЦОД без бумажных журналов",
        "description": "Рассказываем, как мы внедрили в дата-центре систему электронной регистрации посещений с биометрическими технологиями: зачем она понадобилась, почему мы снова разрабатывали собственное решение и какие преимущества получили.\n\nВход и выход\n\nДоступ посетителей в коммерческий ЦОД – важный момент организации работы объекта. Политика безопасности дата-центра требует точного учета посещений и отслеживания динамики. \n\nНесколько лет назад мы в Linxdatacenter решили перевести полностью в цифровой вид всю статистику посещений нашего ЦОДа в Санкт-Петербурге. Мы отказались от традиционной регистрации доступа – а именно от заполнения журнала посещений, ведения бумажного архива и предъявления документов при каждом визите. ",
        "data": "2020-07-03, 10:42",
        "rating": 7
    },
    {
        "title": "Чистота – залог энергоздоровья ЦОДа, или как уход за ДГУ влияет на SLA",
        "description": "Без надежного резервного электроснабжения нет гарантий бесперебойной работы дата-центра. Поэтому мы решили посвятить этой теме сразу несколько постов. Ранее мы уже рассказывали про систему топливного мониторинга ЦОДа Linxdatacenter в Санкт-Петербурге. Сегодня расскажем, как правильно ухаживать за важнейшим элементом резервного энергопитания — дизель-генераторной установкой (ДГУ).",
        "data": "2020-05-29, 10:19",
        "rating": 10
    },
    {
        "title": "Мониторинг в ЦОДе: как мы меняли старую BMS на новую. Часть 3",
        "description": "Мы продолжаем наш рассказ о том, как мы меняли BMS-систему в наших ЦОДах (часть 1, часть 2).  При этом мы не просто поменяли решение одного вендора на другого, а разработали систему с нуля под свои требования. В заключение нашей истории делимся итогами проделанной работы и интересными решениями, которые могут быть вам полезны.\n\nНовый интерфейс\n\nТут, как говорится, лучше один раз увидеть.\n\nСтойки.",
        "data": "2020-05-08, 10:20",
        "rating": 5
    },
    {
        "title": "А мы пойдем на север! Получится ли сэкономить на охлаждении ЦОДов за счет погоды?",
        "description": "В начале этого года в Госдуме предложили развернуть программу строительства дата-центров в северных областях России. Цель – использовать географическое и климатическое преимущества страны для привлечения клиентов (в том числе иностранных) в энергоэффективные и экономически привлекательные российские ЦОДы.\n\nРазбираемся, сколько в предложении отраслевого реализма и что с ним не так.",
        "data": "2020-04-29, 12:05",
        "rating": 11
    },
    {
        "title": "Мониторинг в ЦОДе: как мы меняли старую BMS на новую. Часть 2",
        "description": "В первой части мы рассказали о том, почему решили поменять старую BMS-систему в наших ЦОДах на новую.  И не просто поменять, а разработать с нуля под свои требования. Во второй части рассказываем, как мы это делали.",
        "data": "2020-04-22, 11:53",
        "rating": 9
    },
    {
        "title": "Cisco HyperFlex: запуск, настройка, интеграция с облаками — 21-22 апреля",
        "description": "Добрый день, друзья!\n\nКомпания Cisco совместно с Linxdatacenter приглашает вас принять участие в двухдневном техническом вебинаре по продукту Cisco HyperFlex.\n\nОписание\n\nНа этом двухдневном интенсивном вебинаре вы научитесь запускать и эксплуатировать гиперконвергентное решение Cisco HyperFlex, строить на его основе катастрофоустойчивые решения, организовывать резервное копирование и восстановление.\n\nКроме того, на вебинаре рассматривается ряд дополнительных программных продуктов Cisco для управления инфраструктурой ЦОД, ее оптимизации, а также создания частного облака с возможностями автоматизации и самообслуживания.\n\nКурс включает демонстрационную часть, где будет показан процесс запуска HyperFlex, основные аспекты его администрирования, и также возможности средств автоматизации.\n\nЦелевая аудитория\n\nВебинар рассчитан на архитекторов центров обработки данных, администраторов систем виртуализации, архитекторов, системных инженеров и сервисных инженеров, которые занимаются внедрением и (или) управлением серверной инфраструктурой.\n\nДаты вебинара: 21 – 22 апреля 2020 г.\nВремя вебинара: 10-00 — 13-15\n\nПрограмма",
        "data": "2020-04-15, 11:16",
        "rating": 4
    },
    {
        "title": "Мониторинг в ЦОДе: как мы меняли старую BMS на новую. Часть 1",
        "description": "Что такое BMS\n\nСистема мониторинга работы инженерных систем в ЦОДе – ключевой элемент инфраструктуры, напрямую влияющий на такой важный показатель для дата-центра, как скорость реакции персонала на аварийные ситуации и, следовательно, на продолжительность бесперебойной работы. \n\nСистемы мониторинга BMS (Building Monitoring System) предлагают многие глобальные вендоры оборудования для ЦОДов. За время работы Linxdatacenter в России нам довелось познакомиться с разными системами и столкнуться с диаметрально противоположными подходами вендоров к эксплуатации этих систем. \n\nРассказываем, как мы полностью обновили нашу систему BMS за последний год и почему.  ",
        "data": "2020-03-13, 10:19",
        "rating": 12
    },
    {
        "title": "«Персональные данные есть? А если найду?» Вебинар по локализации персональных данных в России – 12 февраля 2020",
        "description": "Когда: 12 февраля 2020 г. с 19:00 до 20:30 по московскому времени.\n\nКому будет полезно: ИТ-менеджерам и юристам иностранных компаний, начинающих или планирующих работать в России.\n\nО чем пойдет речь: \n\nКакие законодательные требования необходимо выполнить? \nЧем рискует бизнес в случае невыполнения?\nВ любом ли дата-центре можно хранить персональные данные?\n\nСпикеры: \n\nВадим Перевалов, CIPP/E, старший юрист Baker McKenzie.\nОльга Ермакова, старший юрисконсульт и комплаенс специалист Linxdatacenter.\nБорис Меркулов, инженер по облачным решениям и информационной безопасности Linxdatacenter.",
        "data": "2020-01-30, 10:46",
        "rating": 10
    },
    {
        "title": "Как соблюсти требования 152-ФЗ, защитить персональные данные своих клиентов и не наступить на наши грабли  ",
        "description": "По российским законам любая компания, работающая с личными данными своих пользователей в России, становится оператором ПДн, хочет она того или нет. Это накладывает на нее ряд формальных и процедурных обязательств, которые не каждый бизнес может или хочет нести самостоятельно.\n\nКак показывает практика – совершенно правильно не хочет, потому что эта область знаний еще настолько новая и не обкатанная на практике, что сложности и вопросы возникают даже у профессионалов. Сегодня мы расскажем о том, как реализовывали проект под хранение персональных данных для нашего заказчика и с какими неочевидными сложностями столкнулись.",
        "data": "2019-12-13, 11:07",
        "rating": 12
    },
    {
        "title": "Точка обмена трафиком: от истоков к созданию собственной IX",
        "description": "«We set up a telephone connection between us and the guys at SRI...», Kleinrock… said in an interview:\n«We typed the L and we asked on the phone, „Do you see the L?“»\n«Yes, we see the L,» came the response.\n«We typed the O, and we asked, „Do you see the O.“»\n«Yes, we see the O.»\n«Then we typed the G, and the system crashed»…\n\nYet a revolution had begun...\n\nThe beginning of the internet.",
        "data": "2019-12-06, 10:45",
        "rating": 12
    },
    {
        "title": "Семинар: Гибридные ИТ-решения для бизнеса. 5 декабря, Санкт-Петербург",
        "description": "Всем привет!\n\nLinxdatacenter и Cisco продолжают серию семинаров, посвященных практике построения гибридной ИТ-инфраструктуры. Если вы хотели, но не смогли прийти к нам в Москве, приходите в Петербурге, обещаем, что будет интересно!\n\nДата проведения: 5 декабря, 10:00 — 13:00\nМесто проведения: Санкт-Петербург, ул. Льва Толстого, д.9, бизнес-центр «Толстой Сквер», 4-й этаж, площадка «Центр событий»\n\nО чем пойдет речь:\n\nкакими возможностями обладает Cisco HyperFlex,\nчто нужно принимать во внимание, выбирая ИТ-решение для бизнеса,\nкак построить гибридную ИТ-инфраструктуру: от постановки задачи до имплементации.",
        "data": "2019-11-28, 12:50",
        "rating": 7
    },
    {
        "title": "Семинар: Гибридные ИТ-решения для бизнеса. 14 ноября, Москва",
        "description": "Всем привет!\n\nС 2017 года мы строим решения для наших клиентов на основе гиперконвергентной платформы Cisco HyperFlex. В нашем портфолио частные и публичные облака, гибридные и распределенные ИТ-системы, построенные на оборудовании и совместно с инженерами Cisco. Так давайте же поговорим об этом!",
        "data": "2019-11-07, 11:27",
        "rating": 8
    },
    {
        "title": "CSE: Kubernetes для тех, кто в vCloud-е",
        "description": "Всем привет!\n\nТак сложилось, что наша небольшая команда разработки, не сказать, чтобы недавно, и уж точно не внезапно, доросла до переноса некоторых (а в перспективе и всех) продуктов в Kubernetes.\n\nПричин тому было множество, но наша история не про холивар.\n\nИз инфраструктурной основы выбор у нас был небольшой. vCloud Director и vCloud Director. Выбрали версию поновее и решили начать.\n\nВ очередной раз полистав «The Hard Way», я очень быстро пришёл к выводу, что инструмент для автоматизации хотя бы базовых процессов, таких как деплой и сайзинг, нужен ещё вчера. Глубокое погружение в Google явило на свет такой продукт как VMware Container Service Extension (CSE) — опенсорсный продукт, позволяющий автоматизировать создание и сайзинг k8s кластеров для тех, кто в vCloud-е.",
        "data": "2019-10-23, 18:25",
        "rating": 14
    },
    {
        "title": "Семинар «Обеспечение безопасности персональных данных» — 3 октября, Санкт-Петербург",
        "description": "Добрый день! Linxdatacenter рад пригласить вас на семинар, посвященный защите персональных данных!\n\nДата проведения: 3 октября.\nМесто проведения: ЦОД Linxdatacenter, Санкт-Петербург, ул. Репищева, д. 20А.",
        "data": "2019-09-25, 10:35",
        "rating": 7
    },
    {
        "title": "Топливный мониторинг для дизель-генераторов ЦОДа – как его делать и почему это так важно?",
        "description": "Качество системы электроснабжения – важнейший показатель уровня сервиса современного дата-центра. Это понятно: абсолютно все оборудование, необходимое для работы ЦОДа, питается электричеством. Не будет его – серверы, сеть, инженерные системы и СХД прекратят функционировать до полного восстановления электроснабжения.  \n\nРассказываем, какую роль в бесперебойной работе ЦОДа Linxdatacenter в Петербурге играют дизельное топливо и наша система контроля его качества. ",
        "data": "2019-09-12, 11:00",
        "rating": 11
    },
    {
        "title": "Защита облачных сервисов Office 365: тестирование Check Point CloudGuard SaaS",
        "description": "Привет, Хабр! Меня зовут Борис, и я отвечаю за информационную безопасность клиентских и внутренних сервисов в Linxdatacenter. Сегодня мы поговорим о том, как защитить от утечки и потери данных корпоративную почту в Office 365.  Страшный сон ИТ-инженера — толпа коллег с паническими криками о неоткрывающихся документах и исчезнувшей почте. А когда все данные синхронизируются в публичном облаке, кошмар от реальности отделяет одно действие неосторожного пользователя. Есть несколько способов застраховаться от этой беды, но не все одинаково хороши. В течение нескольких недель мы упорно искали решение для душевного спокойствия ИТ-отдела и тестировали его. Сегодня я хочу рассказать о результатах тестирования и о продукте, который мы выбрали для использования в продуктиве.",
        "data": "2019-07-30, 11:23",
        "rating": 17
    },
    {
        "title": "Давление в норме: зачем ЦОДу контроль подпора воздуха? ",
        "description": "В человеке все должно быть прекрасно, а в современном дата-центре все должно работать, как швейцарские часы. Ни один компонент сложной архитектуры инженерных систем ЦОДа не должен оставаться без внимания службы эксплуатации. Именно этими соображениями руководствовались мы на площадке Linxdatacenter в Санкт-Петербурге, готовясь к сертификации Uptime Management & Operations в 2018 году и приводя все системы дата-центра в соответствие с лучшими мировыми стандартами.  \n\nСегодня я расскажу, как и зачем мы внедряли систему удаленного контроля давления и «подпора» воздуха в серверных. Напомню, что в процессе подготовки к аудиту Uptime Institute одной из решаемых задач был вопрос чистоты. Наша команда работала по двум направлениям: клининг (ранее мой коллега уже рассказывал о том, как мы боролись с пылью в серверных помещениях) и контроль за давлением в серверных залах. Мне, как главному инженеру компании, как раз было поручено второе.\n ",
        "data": "2019-06-27, 10:47",
        "rating": 11
    },
    {
        "title": "От «русской рулетки» к безопасному LOTO: как защитить персонал ЦОДа",
        "description": "Safety first – не абстрактный призыв, а вполне конкретный план действий на предприятиях с рисками промышленной безопасности. Дата-центры относятся к таким объектам, а, значит, должны иметь проработанные правила охраны труда. Сегодня я расскажу, как на площадке Linxdatacenter в Санкт-Петербурге работает система LOTO, повышающая безопасность эксплуатации ЦОДа.",
        "data": "2019-05-29, 10:58",
        "rating": 18
    },
    {
        "title": "Как дата-центры спасают праздники",
        "description": "В течение года россияне регулярно отправляются на праздники – новогодние каникулы, майские и другие менее продолжительные выходные. А это традиционное время для сериальных марафонов, спонтанных покупок и распродаж на Steam.  В предпраздничный период повышенную нагрузку испытывает ретейл и логистические компании: люди заказывают подарки в Интернет-магазинах, оплачивают их доставку, покупают билеты для поездок, общаются. Календарные пики спроса являются хорошим стресс-тестом и для онлайн-кинотеатров, игровых порталов, видео-хостингов и стриминговых музыкальных сервисов – в праздники все они работают «на износ».\n\nРассказываем, как организовано обеспечение бесперебойной доступности контента на примере онлайн-кинотеатра Okko, который опирается в своей работе на мощности дата-центра Linxdatacenter.",
        "data": "2019-05-08, 11:42",
        "rating": 4
    },
    {
        "title": "Семинар «Гибридные облака – за и против: к чему готовиться бизнесу и ИТ» — 25 апреля, Москва",
        "description": "Добрый день! Linxdatacenter и Lenovo приглашают вас на совместный семинар о миграции и поддержке ИТ-инфраструктуры в гибридном облаке.\n\nДата проведения: 25 апреля.\nМесто проведения: ЦОД Linxdatacenter, Москва, ул. 8 Марта, д. 14.\n\nО чем пойдет речь:\n\nПреимущества гибридной инфраструктуры: масштабирование, производительность, аналитика больших данных.\nСложности и «тонкие места»: миграция, кастомизация, настройка и поддержка систем.\nАппаратные решения Lenovo для гибридных облаков.\nSAP-системы и виртуализация: миграция в S/4HANA и поддержка клиентских систем – itelligence Russia.\nГибридное облако: ожидание vs реальность. Опыт Positive Technologies и Virtu Systems.",
        "data": "2019-04-16, 15:10",
        "rating": 6
    },
    {
        "title": "Cisco Live 2019 EMEA. Технические сессии: внешнее упрощение с внутренним усложнением",
        "description": "Я Артем Клавдиев, технический лидер проекта гиперконвергентного облака HyperCloud компании Linxdatacenter. Сегодня я продолжу рассказ о глобальной конференции Cisco Live EMEA 2019. Сразу перейдем от общего к частному, к анонсам, представленным вендором на профильных сессиях.\n\nЭто было мое первое участие на Cisco Live, миссия – посетить мероприятия технической программы, погрузиться в мир передовых технологий и решений компании и закрепиться в авангарде специалистов, приобщенных к экосистеме продуктов Cisco в России.\nРеализовать эту миссию на практике оказалось непросто: программа технических сессий оказалось супер-насыщенной. Все круглые столы, панели, мастер-классы и обсуждения, разбитые на множество секций и стартующие параллельно, посетить невозможно просто физически. Обсуждалось абсолютно все: дата-центры, сеть, ИБ, софтверные решения, аппаратная часть – любой аспект работы Cisco и партнеров вендора был представлен отдельной секцией с огромным количеством мероприятий. Пришлось последовать рекомендациям организаторов и составить себе своего рода личную программу по мероприятиям, заранее забронировав места в залах.\n\nОстановлюсь подробнее на сессиях, которые удалось посетить.",
        "data": "2019-04-12, 14:51",
        "rating": 7
    },
    {
        "title": "О ЦОДе начистоту: как мы решали проблему пыли в серверных помещениях дата-центра",
        "description": "Привет, Хабр! Я Тарас Чирков, директор ЦОД Linxdatacenter в Санкт-Петербурге. И сегодня в нашем блоге я расскажу о том, какую роль в нормальной работе современного дата-центра играет поддержание чистоты в помещении, как правильно ее измерять, достигать и поддерживать на нужном уровне.",
        "data": "2019-03-28, 14:35",
        "rating": 20
    },
    {
        "title": "Cisco Live EMEA 2019: меняем старый ИТ-велосипед на BMW в облаках",
        "description": "Cisco Live – ежегодные глобальные конференции американского вендора ИТ- и телеком-решений, без которых сложно представить современный хай-тек ландшафт. Тусовка ИТ-профессионалов, смотр достижений и презентация новинок, бесконечные мастер-классы, лекции, круглые столы и всё, что пожелаете. На Cisco Live 2019 EMEA в Барселоне в конце января побывала и делегация Linxdatacenter. Краткий обзор-репортаж – в нашем первом посте на Habr. Поехали!",
        "data": "2019-02-22, 14:22",
        "rating": 8
    }
]