[
    {
        "title": "Диагностика работы приложения на платформе lsFusion",
        "description": "Текст статьи не удалось получить",
        "data": "2023-07-10, 11:11",
        "rating": 14
    },
    {
        "title": "Настройка и мониторинг Java приложений",
        "description": "Текст статьи не удалось получить",
        "data": "2023-06-19, 11:04",
        "rating": 22
    },
    {
        "title": "Особенности логики lsFusion  в ERP для торговли",
        "description": "Текст статьи не удалось получить",
        "data": "2023-06-06, 11:05",
        "rating": 18
    },
    {
        "title": "Консерватизм пользователей программных продуктов",
        "description": "Текст статьи не удалось получить",
        "data": "2023-05-11, 11:05",
        "rating": 18
    },
    {
        "title": "Визуальное программирование vs DSL",
        "description": "Текст статьи не удалось получить",
        "data": "2023-04-26, 14:08",
        "rating": 16
    },
    {
        "title": "Время переходить на open-source",
        "description": "Текст статьи не удалось получить",
        "data": "2023-04-13, 11:04",
        "rating": 17
    },
    {
        "title": "Настройка PostgreSQL под Linux",
        "description": "Текст статьи не удалось получить",
        "data": "2021-11-23, 11:05",
        "rating": 38
    },
    {
        "title": "Организуем собственный мини-тотализатор на матчи ЧЕ 2020 по футболу",
        "description": "Текст статьи не удалось получить",
        "data": "2021-06-07, 10:06",
        "rating": 17
    },
    {
        "title": "Почему lsFusion, а не 1С?",
        "description": "Предыдущая статья “Почему не 1С?” вышла больше года назад и вызвала достаточно живой интерес (совсем немного не дотянула до 100к просмотров и 2к комментариев). Впрочем, как и ожидалось, у многих возник резонный вопрос: “Если не он, то кто?” Безусловно, как многие поняли, та статья писалась не просто так, а чтобы вслед за ней выпустить еще одну, где было бы рассказано, как описанные в первой статье проблемы можно и нужно решать. Однако, по различным причинам, выпуск этой “ответной” статьи был отложен на весьма долгое время. Но, как говорится, лучше поздно, чем никогда.",
        "data": "2021-03-02, 10:05",
        "rating": 23
    },
    {
        "title": "MyCompany — бесплатное и открытое решение для небольшого бизнеса",
        "description": "Около года назад мы выпустили открытую и бесплатную платформу для разработки бизнес-приложений lsFusion. В первую очередь, мы ориентировались на разработчиков, которые могут на ней быстро и легко создавать различные информационные системы. Тем не менее, разработка “с нуля” системы управления, даже небольшим бизнесом, остается достаточно трудоемким процессом.\n\nПо этой причине мы решили создать базовое решение с названием MyCompany, которое реализует основные бизнес-процессы малого бизнеса. Оно полностью бесплатно, выпускается под Apache лицензией, и ее исходники находятся на Github. Решение легко устанавливается и поддерживает российское законодательство.\n\nВ качестве системы управления базой данных используется PostgreSQL. На сервере решение устанавливается и запускается как Java приложение, состоящее из сервера приложений и веб-приложения под управлением Apache Tomcat. В качестве GUI может использоваться как веб-интерфейс, так и десктоп-клиент, запускающийся через Java Web Start.",
        "data": "2021-02-09, 10:09",
        "rating": 35
    },
    {
        "title": "Зачем нам понадобился еще один язык программирования",
        "description": "Текст статьи не удалось получить",
        "data": "2021-01-26, 10:04",
        "rating": 17
    },
    {
        "title": "lsFusion 5, 6: больше асинхронности, агрегация / расширение / пользовательская настройка форм, новые представления",
        "description": "После выпуска первой публичной (третьей) версии платформы мы получили огромное количество фидбэка, большая часть работы над которым нашла отражение в недавно вышедшей четвертой версии платформы. Впрочем, значительная часть этого фидбэка осталась “за бортом”, но не была забыта, и соответственно сформировала план развития платформы на ближайшее будущее. Именно об этом плане и пойдет речь в этой статье.",
        "data": "2021-01-12, 10:07",
        "rating": 20
    },
    {
        "title": "lsFusion 4: сводные таблицы, графики, карты и календари, OAuth-аутентификация, темная тема и многое другое",
        "description": "Буквально на днях вышла новая четвертая версия бесплатной открытой платформы lsFusion. В этой статье я попробую вкратце рассказать об основных новых возможностях этой версии и максимально проиллюстрировать их gif-картинками и примерами (как минимум для тех кто не любит читать много текста). Также многие из этих возможностей можно попробовать онлайн на официальном сайте или, например в демо-версии одного из решений на lsFusion.\n\nТретья версия была первой публичной версией lsFusion (правда только в русскоязычном сегменте). Соответственно по результату выпуска этой версии мы собрали большой объем совершенно разнопланового фидбека, работа над которым в конечном итоге и материализовалась в четвертую версию платформы (а также в план на следующие пятую и шестую версии, о которых совсем скоро будет рассказано в отдельной статье).\n\nСтоит отметить, что если в предыдущих версиях акцент делался преимущественно на логику предметной области (то что под капотом), в четвертой версии основное внимание было уделено логике представлений (тому что на поверхности) — UI и всему что с этим связано.",
        "data": "2020-12-24, 11:03",
        "rating": 17
    },
    {
        "title": "Особенности реализации динамических списков в пользовательских интерфейсах",
        "description": "В интерфейсе каждого современного приложения в том или ином виде присутствуют списки объектов. При работе с ними у пользователя часто возникают потребности в однотипных действиях вроде сортировки, фильтраций, экспорта и так далее. Реализация этих операций часто осложняется тем, что списки могут быть “динамическими”. В этом случае данные будут по мере необходимости считываться не только с сервера на клиент, но и с сервера базы данных на сервер приложений.\n\nВ открытой и бесплатной платформе lsFusion все списки по умолчанию являются динамическими и добавляются на любую форму в несколько строк кода. В этой статье я расскажу некоторые технические подробности их реализации, а также возможности в интерфейсе, которые автоматически предоставляются пользователю при работе с любым списком на любой форме.",
        "data": "2020-01-20, 10:12",
        "rating": 18
    },
    {
        "title": "Где же начинается программирование",
        "description": "Давным давно мы разработали высокоуровневую платформу для разработки бизнес-приложений lsFusion. Оставалось дело за малым: найти того, кто будет на ней писать. Было решено разместить на сайтах по поиску работу соответствующую вакансию. Но возник вопрос: что указывать в качестве должности или профессии.\n\nПо уровню сложности язык платформы не сильно отличался от SQL, который изначально создавался не для программистов, а для бизнес пользователей. Поэтому мы также решили указать в качестве должности “Бизнес аналитик”.\n\nСоискателям мы предлагали решить относительно несложное тестовое задание, в котором нужно было немного доработать простой пример. Некоторые люди справились, но от многих пришли гневные письма с возмущением вроде: “Вы ищите программиста или бизнес аналитика ?”.\n\nВ итоге мы нашли нужных нам людей, но анализируя этот опыт, я невольно задавался вопросом: где заканчивается бизнес анализ и начинается программирование?",
        "data": "2019-10-14, 11:34",
        "rating": 28
    },
    {
        "title": "Почему не 1С?",
        "description": "Совсем недавно мы опубликовали статью с описанием проблем одной из самых популярных технологий, используемых в IT, и на наше удивление она вызвала достаточно живой интерес (во всяком случае для технической статьи). Поэтому мы решили на этом не останавливаться, и сегодня мы «идем в гости» к одному из самых популярных продуктов на российском рынке разработки бизнес-приложений — платформе 1С.\n\nТак сложилось, что на хабре многие 1С не любят, но порой складывается впечатление, что немногие из этих людей хорошо понимают, за что они его не любят. Этой статьей мы восполним этот пробел и убьем сразу двух зайцев: с одной стороны, расскажем, как в 1С все устроено изнутри, а с другой стороны — почему это все работает не так как нужно / хотелось бы. Надо сказать, что 1С многими своими решениями смог реально нас удивить, впрочем, не будем забегать вперед.\n\nСтатей с критикой 1С на Хабре достаточно (например, один, два, три), но, на мой взгляд, они либо слишком много внимания уделяют всяким мелочам, вроде неправильной организации меню, либо рассуждают о слишком абстрактных вещах, в которых 1С, возможно, и не виноват. В этой же статье, как и в статье про SQL, речь пойдет исключительно о фундаментальных (и вполне осязаемых) проблемах, которые касаются всех и каждого, кто разрабатывает / дорабатывает решения на 1С, и приводят либо к существенному росту порога вхождения, либо к серьезному падению производительности, либо к значительным трудозатратам со стороны разработчика.",
        "data": "2019-10-01, 11:06",
        "rating": 88
    },
    {
        "title": "Управление параметрами в бизнес-приложениях по аналогии с системой контроля версий",
        "description": "В различных приложениях регулярно возникает задача по поддержке логики изменения во времени некоторого атрибута объекта относительно некоторого субъекта (или субъектов). Например, это может быть изменение розничной цены товара в магазинах или показателей KPI для сотрудников.\n\nВ этой статье я покажу, какую доменную логику и интерфейсы можно построить для решения этой задачи. Сразу оговорюсь, что речь будет касаться именно управленческого воздействия пользователем на атрибут, а не отражения исторического изменения.\n\nРеализация будет представлена на базе открытой и бесплатной платформы lsFusion, но подобную схему можно применять и при использовании любой другой технологии.",
        "data": "2019-09-25, 10:06",
        "rating": 24
    },
    {
        "title": "Работа с иерархиями в lsFusion",
        "description": "В различных приложениях часто возникает потребность в реализации иерархического представления объектов. Как правило, это используется для их классификации путем задания групп. Эти группы образуют дерево динамической глубины, которая в дальнейшем используется для навигации, агрегирования данных, задания параметров.\n\nВ этой статье я покажу, каким образом эту логику можно реализовать в открытой и бесплатной платформе lsFusion.",
        "data": "2019-09-19, 15:02",
        "rating": 13
    },
    {
        "title": "Расчет странового коэффициента УЕФА",
        "description": "В футболе есть два популярных турнира: Лига Чемпионов и Лига Европы. На основании их результатов рассчитывается так называемый Рейтинг футбольных ассоциаций. На базе этого рейтинга в дальнейшем определяется, какое количество команд от каждой страны будет участвовать в последующих турнирах.\n\nВ этой статье я создам приложение на основе открытой и бесплатной платформы lsFusion, которое будет рассчитывать этот рейтинг. Оно будет хранить все свои данные в PostgreSQL, предоставлять веб интерфейс по их изменению и отображению с возможностями фильтрации и сортировки, а также импортировать результаты матчей при помощи специального API.\n\nВесь код для реализации этого приложения будет состоять из около 300 значащих строк.",
        "data": "2019-09-13, 10:27",
        "rating": 16
    },
    {
        "title": "Вся мощь IntelliJ IDEA на примере одного языка (в картинках)",
        "description": "Классическая модель разработки любых приложений подразумевает наличие хорошей документации по пользовательскому интерфейсу и API, а также, при необходимости, хорошего покрытия исходного кода комментариями. В этом случае, доработка системы начинается с изучения документации, затем непосредственно изменяется код и, наконец, обновляется вся необходимая информация.\n\nОднако, одна из проблем такого подхода заключается в том, что это значительно удорожает и замедляет сам процесс разработки. Что если всего этого нет? Тогда на помощь приходит IDE, благодаря которой можно изучить текущую логику по “голому” коду.\n\nКогда мы разрабатывали платформу lsFusion со встроенным языком, то у нас было несколько вариантов. Либо изобретать велосипед, и писать с нуля свою собственную IDE, как сделал в свое время 1С, или реализовать плагин к уже существующей. Мы пошли по второму пути, и в этой статье я покажу, что получилось.",
        "data": "2019-09-05, 11:09",
        "rating": 23
    },
    {
        "title": "Как могли бы выглядеть регистры в 1С при наличии ООП",
        "description": "В 1С одним из ключевых элементов системы являются регистры. Этот термин имеет свой аналог в английском языке — ledger. Он первоначально появился в бухгалтерской практике, но со временем его логика начала использоваться и в других сферах.\n\nВ отличие от 1С, где регистры являются одним из встроенных типов, в самой платформе lsFusion такого понятия нет. Зато в ней есть наследование, полиморфизм и агрегации, что, в частности, позволяет реализовать аналогичную логику регистров. В этой статье на примерах я покажу как именно.",
        "data": "2019-08-28, 10:02",
        "rating": 24
    },
    {
        "title": "Строим интерфейс по вводу документов через подбор",
        "description": "В различных бизнес-приложениях часто возникает задача по вводу документов. Обычно документ состоит из заголовка и некоторых строк, каждая из которых ссылается на некоторый объект (например, товар). Чаще всего, для ввода записей в документ используется обычная таблица, в которой пользователь может добавлять и удалять строки, а также изменять их содержимое.\n\nОднако, в некоторых случаях, такая схема не всегда удобна для пользователей. В этой статье я расскажу, как можно строить удобный пользовательский интерфейс при помощи техники подбора товаров.",
        "data": "2019-08-21, 09:49",
        "rating": 12
    },
    {
        "title": "Почему не SQL?",
        "description": "Без преувеличения можно сказать, что SQL — один из самых распространенных в мире языков. Информационные системы могут быть написаны на Java, Python, JavaScript, C#, PHP и десятке других языков, но SQL база в том или ином виде будет в абсолютном большинстве таких систем. Среди бизнес-приложений процент систем, использующих SQL, вообще стремится к 100%.\n\nПри этом большинство существующих материалов о SQL на хабре и других ресурсах сводятся к простым вопросам, вроде: «какие типы соединений бывают», «чем левое соединение отличается от правого», «что такое триггеры» и так далее. Более того, в этих материалах практически ничего не говорится о проблемах SQL (и его реализациях), которых на самом деле очень и очень немало. Поэтому мы решили восполнить оба этих пробела: с одной стороны рассказать, как многие вещи в SQL работают изнутри, а с другой стороны — почему они работают не так как нужно / хотелось бы.\n\nПри этом речь в статье пойдет не о «вкусах и цветах фломастеров». Все затрагиваемые проблемы носят фундаментальный характер: присутствуют при разработке практически любой информационной системы и не ограничиваются «красотой кода», а в той или иной степени приводят либо к критическому падению производительности, либо к существенному росту порога вхождения, либо к значительным трудозатратам со стороны разработчика.",
        "data": "2019-08-12, 10:11",
        "rating": 82
    },
    {
        "title": "Миграция с одной ERP-системы на другую",
        "description": "Очень часто переход компании на новую ERP-систему останавливает не финансовые затраты на покупку и доработку, а необходимость миграции со старой системы. У них есть сотни или даже тысячи пользователей, которые выполняют свои бизнес-процессы в одной программе, и каким-то образом их нужно всех пересадить в другую без какой-либо остановки для бизнеса.\n\nЗа последние годы мы прошли этот путь несколько десятков раз, и у нас уже выработался наименее болезненный способ, как это сделать.",
        "data": "2019-08-07, 10:14",
        "rating": 15
    },
    {
        "title": "Как мы дорабатываем продукт под конкретного клиента",
        "description": "Итак, мы продали клиенту программный B2B продукт.\n\nНа презентации ему все нравилось, но в ходе внедрения выяснилось, что кое-что все-таки не подходит. Можно конечно сказать что нужно следовать “best practice”, и изменить себя под продукт, а не наоборот. Это может сработать, если у вас есть сильный бренд (например, из трех больших букв, и вы можете послать всех на три маленькие буквы). В противном случае, вам быстро объяснят, что заказчик добился всего благодаря своим уникальным бизнес-процессам, и давайте-ка, лучше меняйте свой продукт, или ничего не получится. Есть вариант отказаться и сослаться на то, что лицензии уже куплены, и с подводной лодки деваться уже некуда. Но на относительно узких рынках такая стратегия долго работать не будет.\n\nПриходится дорабатывать.",
        "data": "2019-07-31, 10:05",
        "rating": 17
    },
    {
        "title": "Не очередной язык программирования. Часть 3: Физика",
        "description": "Третья и заключительная часть серии статей о языке lsFusion (ссылки на первую и вторую части)\n\nВ ней речь пойдет о физической модели: всем том, что не связано с функционалом системы, а связано с ее разработкой и оптимизацией производительности, когда данных становится слишком много.\n\nЭта статья, как и предыдущие, не очень подходит для развлекательного чтения, но, в отличие от остальных, тут будет больше технических деталей и «горячих» тем (вроде типизации или метапрограммирования), плюс эта статья даст часть ответов на вопрос, как это все работает внутри.",
        "data": "2019-07-24, 08:10",
        "rating": 6
    },
    {
        "title": "Балансировка записи и чтения в базе данных",
        "description": "В предыдущей статье я описал концепцию и реализацию базы данных, построенное на основе функций, а не таблиц и полей как в реляционных базах данных. В ней было приведено множество примеров, показывающих преимущества такого подхода перед классическим. Многие сочли их недостаточно убедительными.\n\nВ этой статье я покажу, каким образом такая концепция позволяет быстро и удобно балансировать запись и чтение в базу данных без какого-либо изменения логики работы. Похожий функционал попытались реализовать в современных коммерческих СУБД (в частности, Oracle и Microsoft SQL Server). В конце статьи я покажу, что получилось у них, мягко говоря, не очень.",
        "data": "2019-07-18, 08:05",
        "rating": 12
    },
    {
        "title": "Не очередной язык программирования. Часть 2: Логика представлений",
        "description": "Вторая часть трилогии о языке и платформе lsFusion. Первую часть можно найти тут.\n\nВ ней речь пойдет о логике представлений, а именно обо всем том, что связано с объединением данных и отображением их пользователю или другим информационным системам.",
        "data": "2019-07-16, 11:06",
        "rating": 7
    },
    {
        "title": "Функциональная СУБД",
        "description": "Мир баз данных давно захвачен реляционными СУБД, в которых используется язык SQL. Настолько сильно, что появляющиеся разновидности называют NoSQL. Им удалось отбить себе определенное место на этом рынке, но реляционные СУБД умирать не собираются, и продолжают активно использоваться для своих целей.\n\nВ этой статье я хочу описать концепцию функциональной базы данных. Для лучшего понимания, я буду это делать путем сравнения с классической реляционной моделью. В качестве примеров будут использоваться задачи из различных тестов по SQL, найденные в интернете.",
        "data": "2019-07-04, 17:04",
        "rating": 0
    },
    {
        "title": "Не очередной язык программирования. Часть 1: Логика предметной области",
        "description": "В последнее время на рынке появилось огромное количество новых языков программирования: Go, Swift, Rust, Dart, Julia, Kotlin, Hack, Bosque – и это только из числа тех, которые на слуху.\nЦенность того, что эти языки привносят в мир программирования, тяжело переоценить, но, как правильно в прошлом году отмечал Y Combinator, говоря про инструменты разработки:\nФреймворки становятся лучше, языки немного умнее, но в основном мы делаем то же самое.\nВ данной статье будет рассказано о языке, построенном на подходе, принципиально отличающемся от подходов, используемых во всех существующих языках, в том числе вышеперечисленных. По большому счету, этот язык можно считать языком общего назначения, хотя некоторые его возможности и текущая реализация платформы, построенной на нем, все же, наверное, ограничивают его применение немного более узкой областью – разработкой информационных систем.",
        "data": "2019-07-02, 11:26",
        "rating": 35
    }
]