[
    {
        "title": "Чат-бот на ChatGPT в энтерпрайз: чего нам это стоит?",
        "description": "Текст статьи не удалось получить",
        "data": "2023-06-22, 12:00",
        "rating": 11
    },
    {
        "title": "Как Android-разработчику избавиться от комплекса доменной неполноценности",
        "description": "Текст статьи не удалось получить",
        "data": "2023-03-01, 11:02",
        "rating": 12
    },
    {
        "title": "Побег из урановых рудников технической поддержки",
        "description": "Текст статьи не удалось получить",
        "data": "2022-11-17, 13:03",
        "rating": 12
    },
    {
        "title": "Как мы перешли с Elastic на Grafana stack и сократили расходы в несколько раз",
        "description": "Текст статьи не удалось получить",
        "data": "2022-10-19, 14:17",
        "rating": 31
    },
    {
        "title": "Управление агрегацией логов с помощью Logstash-operator в Kubernetes — opensource-решение от М2",
        "description": "Текст статьи не удалось получить",
        "data": "2022-05-11, 12:01",
        "rating": 16
    },
    {
        "title": "gRPC на практике: особенности, преимущества и недостатки",
        "description": "Текст статьи не удалось получить",
        "data": "2022-02-21, 11:59",
        "rating": 22
    },
    {
        "title": "Переезд в Yandex.Cloud и год жизни после: что получили, с какими особенностями столкнулись и как их обошли",
        "description": "Текст статьи не удалось получить",
        "data": "2021-12-27, 11:14",
        "rating": 13
    },
    {
        "title": "Разработка, сборка, деплой и мониторинг сервисов: от общего к частному и обратно",
        "description": "Текст статьи не удалось получить",
        "data": "2021-12-01, 18:55",
        "rating": 11
    }
]