[
    {
        "title": "Мифы о внутренних продуктах, или Как мы в MANGO OFFICE выстраиваем процесс реализации внутренних продуктов",
        "description": "Текст статьи не удалось получить",
        "data": "2023-06-13, 11:21",
        "rating": 0
    },
    {
        "title": "Манго-дом стал Хогвартсом: уроки Защиты от Темных информационных сил, квесты по Манго-замку и пир в Большом зале",
        "description": "Текст статьи не удалось получить",
        "data": "2023-06-07, 11:34",
        "rating": -1
    },
    {
        "title": "Как мы организовали Data Warehouse в MANGO OFFICE",
        "description": "Текст статьи не удалось получить",
        "data": "2023-05-02, 14:59",
        "rating": 6
    },
    {
        "title": "Как мы выбирали технологию для фронтенда и что из этого вышло",
        "description": "Текст статьи не удалось получить",
        "data": "2023-03-03, 14:24",
        "rating": -1
    },
    {
        "title": "Основные метрики бесперебойности облачных IT-систем",
        "description": "Текст статьи не удалось получить",
        "data": "2022-12-02, 14:22",
        "rating": 1
    },
    {
        "title": "Как мы в MANGO OFFICE проводим нагрузочное тестирование асинхронных систем",
        "description": "Текст статьи не удалось получить",
        "data": "2022-11-28, 16:51",
        "rating": 2
    },
    {
        "title": "Когда и как переходить с монолита на микросервисы. Миграция данных",
        "description": "Текст статьи не удалось получить",
        "data": "2022-10-26, 14:16",
        "rating": 1
    },
    {
        "title": "Когда и как переходить с монолита на микросервисы. 7 миграционных паттернов",
        "description": "Текст статьи не удалось получить",
        "data": "2022-10-07, 17:01",
        "rating": 7
    },
    {
        "title": "Когда и как переходить с монолита на микросервисы. Предпосылки и общие понятия",
        "description": "Текст статьи не удалось получить",
        "data": "2022-09-26, 13:13",
        "rating": 3
    },
    {
        "title": "Как мы запускали видеозвонки",
        "description": "Недавно мы рассказали о создании нашего мессенджера Mango Talker. Он умеет всё, что умеют «обычные» мессенджеры и гораздо больше, а теперь появилась еще куча возможностей, связанных с видеозвонками. Причём в сентябре их станет ещё больше. За подробностями добро пожаловать под кат.",
        "data": "2018-08-16, 14:53",
        "rating": 11
    },
    {
        "title": "Всегда на связи: Mango Talker — мессенджер и софтфон",
        "description": "Мессенджеры стали неотъемлемой частью жизни, мы привыкли вести в них как личную, так и деловую переписку. Но многим людям теперь и звонить удобнее в мессенджере. И вот для пользователей виртуальных АТС MANGO OFFICE мы разработали Mango Talker. Хотя в нём есть всё, что положено иметь уважающему себя мессенджеру, не менее важная его функция — телефонные звонки. Так что не будет ошибкой назвать Mango Talker софтфоном.",
        "data": "2018-05-31, 11:46",
        "rating": 13
    },
    {
        "title": "Переехать в облако: как LDAP помогает внедрить виртуальную АТС",
        "description": "Чем крупнее компания, тем больше у неё возникает затруднений, которые неведомы организациям поменьше. И далеко не всегда это связано с ведением бизнеса. Виртуальная АТС раньше многими воспринималась как продукт для небольших компаний, но сейчас представление меняется. Средние и крупные предприятия всё шире применяют виртуальные АТС, но попутно им приходится решать довольно нетривиальные задачи — например, как в коммуникационную среду под управлением виртуальной АТС поместить профили сотрудников и, самое главное, поддерживать их в актуальном состоянии? Ведь когда в штате компании несколько сотен или тысяч человек, занесение и постоянную актуализацию их карточек вручную нельзя расценивать иначе как наказание. Чтобы облегчить нашим клиентам жизнь, мы внедрили в виртуальную АТС MANGO OFFICE поддержку протокола LDAP.",
        "data": "2018-05-18, 09:45",
        "rating": 13
    },
    {
        "title": "Телефон + CRM: преимущества совместной работы",
        "description": "Современный мир — это мир коммуникаций. Они на каждом шагу. В бизнесе, чтобы принимать верные управленческие решения, необходимо коммуникации (прежде всего, клиентские) детально анализировать — по частоте, по источникам, по эффективности их отработки на стороне компании и прочим параметрам. Поэтому оторванность системы коммуникаций от учетной системы практически равносильна отставанию от рынка. Сегодня речь пойдет о том, какие интеграции реализованы для виртуальной АТС MANGO OFFICE, что конкретно получают от возможности встроить телефонию в различные бизнес-приложения наши клиенты, и как мы работаем в этом направлении.",
        "data": "2018-04-10, 12:29",
        "rating": 20
    },
    {
        "title": "Коллтрекинг Mango Office: под капотом сервиса",
        "description": "В первой статье мы «срывали покровы» и рассказывали, что такое коллтрекинг. Затем подробно разобрали его настройки, теперь — о том, как мы в «Манго Телеком» создавали эту услугу и какой стек технологий используем.",
        "data": "2018-02-28, 11:44",
        "rating": 21
    },
    {
        "title": "Анатомия коллтрекинга: памятка по настройке",
        "description": "Недавно мы рассказали о том, что такое коллтрекинг и для чего он нужен (а иногда просто незаменим). А теперь давайте разберёмся с некоторыми настройками коллтрекинга Mango Office, и заодно решим, нужно ли иметь в запасе большое количество свободных телефонных номеров.",
        "data": "2018-01-24, 11:01",
        "rating": 22
    },
    {
        "title": "Анатомия коллтрекинга: как анализировать звонки в компанию",
        "description": "Наверное, не все из читателей сталкивались с коллтрекингом, но многие слышали о нем. В Рунете не так много подробной информации, что такое коллтрекинг и с чем его едят. Тем не менее, это очень полезный инструмент оценки эффективности рекламных каналов и отдельных кампаний. К примеру, оценить эффективность онлайн-конверсии можно с помощью Google Analytics и Яндекс.Метрики, но как быть с телефонными звонками? Как понять, по какому именно объявлению позвонил клиент, какая именно рекламная кампания принесла больше звонков? Коллтрекинг позволяет отслеживать все это.\n\nМы решили сделать серию статей об этом инструменте. И начнём с азов.",
        "data": "2017-11-30, 12:32",
        "rating": 21
    },
    {
        "title": "Как мы создали в России новый рынок",
        "description": "Когда стартапщики делятся своими историями успеха, многие рассказывают о том, как несколько раз начинали с нуля после неудачных попыток построить бизнес. С ними как раз все понятно: идея «не выстрелила», зато прибавилось опыта, а значит к новой попытке ты богаче, чем был до того.\nВ случае с состоявшимся бизнесом все иначе. Конечно, начать сначала можно и здесь, но цена проигрыша несравнимо выше. И сегодня мы хотим поделиться своей историей — как будучи лидерами рынка, который начал падать, решили не бороться за выживание, а создали новый рынок и стали лидером уже на нем.",
        "data": "2016-05-11, 18:34",
        "rating": 8
    },
    {
        "title": "Разработка уникального продукта за 6 шагов",
        "description": "Есть много умных книг, посвященных теме создания «продуктов-хитов». В них пишется о поисках идеи, формировании образа продукта, исследовании рынка, сегментации клиентов и тому подобных вещах. Но это теория, а на практике есть всего несколько компаний, которые используют такой подход в полном объеме. Причина проста – это сложно, требует соблюдения определенной последовательности действий, серьезных затрат ресурсов, а главное – результат не гарантирован.\nОбычно продукты создаются по-другому: берется существующий аналог, меняется дизайн, добавляются функции, а дальше – реклама, и вперед! Минус такого подхода – продукт всегда будет вторичен. Конечно, за счет продвижения и правильного позиционирования и его можно вывести в лидеры рынка, но это будет весьма непросто.\n\nВ этой статье мы хотели поделиться нашим рецептом создания уникальных продуктов. В качестве примера приведем наш Центр обработки вызовов Mango Office (ЦОВ).",
        "data": "2016-03-17, 17:10",
        "rating": 10
    }
]