[
    {
        "title": "Почему лиду не нужно делать всё, везде и сразу",
        "description": "Текст статьи не удалось получить",
        "data": "2023-07-17, 09:02",
        "rating": 9
    },
    {
        "title": "Что меняется, когда разработчик переходит в тимлиды",
        "description": "Текст статьи не удалось получить",
        "data": "2023-06-29, 14:29",
        "rating": 23
    },
    {
        "title": "Как айтишник гигантские арбузы в средней полосе выращивал. Часть 2",
        "description": "Текст статьи не удалось получить",
        "data": "2023-06-01, 16:22",
        "rating": 38
    },
    {
        "title": "Как айтишник гигантские арбузы в средней полосе выращивал. Часть 1",
        "description": "Текст статьи не удалось получить",
        "data": "2023-05-26, 14:08",
        "rating": 84
    },
    {
        "title": "Полезные команды GNU/Linux для разработчика. Часть 2",
        "description": "Текст статьи не удалось получить",
        "data": "2023-05-11, 09:44",
        "rating": 5
    },
    {
        "title": "Полезные команды GNU/Linux для разработчика. Часть 1",
        "description": "Текст статьи не удалось получить",
        "data": "2023-04-28, 10:12",
        "rating": 9
    },
    {
        "title": "Развиваем софт скиллы под удаленку",
        "description": "Текст статьи не удалось получить",
        "data": "2023-04-13, 11:11",
        "rating": 2
    },
    {
        "title": "Практика код-ревью: спорные моменты",
        "description": "Текст статьи не удалось получить",
        "data": "2023-03-31, 10:44",
        "rating": 3
    },
    {
        "title": "Полгода без тестировщика",
        "description": "Текст статьи не удалось получить",
        "data": "2023-03-14, 16:27",
        "rating": 20
    },
    {
        "title": "Умный дом без маркетинга и хайпа от тех, кто пользуется им вдолгую",
        "description": "Текст статьи не удалось получить",
        "data": "2023-03-06, 08:57",
        "rating": 3
    },
    {
        "title": "Радиоуправляемая машинка на Arduino для преодоления мини-бездорожья",
        "description": "Текст статьи не удалось получить",
        "data": "2023-02-22, 09:22",
        "rating": 55
    },
    {
        "title": "Почему я советую писать статьи именно сейчас",
        "description": "Текст статьи не удалось получить",
        "data": "2023-01-24, 21:59",
        "rating": 15
    },
    {
        "title": "Как победить настрой удаленщика — вредные советы по организации рабочего места",
        "description": "Текст статьи не удалось получить",
        "data": "2023-01-06, 17:15",
        "rating": 11
    },
    {
        "title": "Как подготовиться к онлайн-выступлению",
        "description": "Текст статьи не удалось получить",
        "data": "2022-12-22, 09:56",
        "rating": 8
    },
    {
        "title": "Релизный цикл ПО для самых маленьких",
        "description": "Текст статьи не удалось получить",
        "data": "2022-12-12, 08:10",
        "rating": 7
    },
    {
        "title": "Как ИТ-шник написал плагин к Chrome, чтобы купить машину в Корее",
        "description": "Текст статьи не удалось получить",
        "data": "2022-11-24, 15:26",
        "rating": 15
    },
    {
        "title": "Не горбись! Как на самом деле реагировать на подобные замечания?",
        "description": "Текст статьи не удалось получить",
        "data": "2022-11-11, 12:34",
        "rating": 16
    },
    {
        "title": "Учет обратной совместимости для самых маленьких",
        "description": "Текст статьи не удалось получить",
        "data": "2022-10-31, 11:20",
        "rating": 4
    },
    {
        "title": "Регулируемый стол — делимся опытом и идеями",
        "description": "Текст статьи не удалось получить",
        "data": "2022-10-14, 13:27",
        "rating": 7
    },
    {
        "title": "Фишки IDEA. Часть 3 — теперь с Git",
        "description": "Текст статьи не удалось получить",
        "data": "2022-09-26, 11:41",
        "rating": 7
    },
    {
        "title": "Синтаксический сахар в Redux: Type to reducer и Redux toolkit для самых маленьких",
        "description": "Текст статьи не удалось получить",
        "data": "2022-09-12, 11:59",
        "rating": 3
    },
    {
        "title": "Как мы с женой повышали ее качество жизни с диабетом при помощи ИТ",
        "description": "Текст статьи не удалось получить",
        "data": "2022-08-29, 11:37",
        "rating": 64
    },
    {
        "title": "Встречи один на один с командой в условиях удаленки",
        "description": "Текст статьи не удалось получить",
        "data": "2022-08-15, 17:34",
        "rating": 4
    },
    {
        "title": "Нужно ли разработчику высшее образование?",
        "description": "Текст статьи не удалось получить",
        "data": "2022-07-29, 12:32",
        "rating": 6
    },
    {
        "title": "Способы общения микросервисов для самых маленьких",
        "description": "Текст статьи не удалось получить",
        "data": "2022-07-15, 12:19",
        "rating": 8
    },
    {
        "title": "Что нужно разработчику для самообразования?",
        "description": "Текст статьи не удалось получить",
        "data": "2022-06-30, 11:49",
        "rating": 6
    },
    {
        "title": "Осознанная борьба со стрессом для удаленщика",
        "description": "Текст статьи не удалось получить",
        "data": "2022-06-14, 10:13",
        "rating": 4
    },
    {
        "title": "Как мы боролись с фродом",
        "description": "Текст статьи не удалось получить",
        "data": "2022-05-30, 14:17",
        "rating": 5
    },
    {
        "title": "Почему важен graceful shutdown в облачной среде (на примере Kubernetes + Spring Boot)",
        "description": "Текст статьи не удалось получить",
        "data": "2022-05-17, 10:58",
        "rating": 10
    },
    {
        "title": "Осознанное питание для удаленщика",
        "description": "Текст статьи не удалось получить",
        "data": "2022-05-06, 09:11",
        "rating": 12
    },
    {
        "title": "От глашатаев к Programmatic: эволюция рекламы и ее след в обществе",
        "description": "Текст статьи не удалось получить",
        "data": "2022-04-20, 14:23",
        "rating": 8
    },
    {
        "title": "Как повысить КПД встречи в Zoom",
        "description": "Текст статьи не удалось получить",
        "data": "2022-04-08, 07:34",
        "rating": 8
    },
    {
        "title": "Нет разработчиков — нет будущего?",
        "description": "Текст статьи не удалось получить",
        "data": "2022-02-15, 07:17",
        "rating": 17
    },
    {
        "title": "Выбор технологий для корпоративных приложений",
        "description": "Текст статьи не удалось получить",
        "data": "2022-02-01, 14:06",
        "rating": 8
    },
    {
        "title": "Осознанное употребление воды",
        "description": "Текст статьи не удалось получить",
        "data": "2022-01-20, 08:08",
        "rating": 13
    },
    {
        "title": "А слабо без выгорания? Тест: зайдет ли удаленка вдолгую",
        "description": "Текст статьи не удалось получить",
        "data": "2021-12-29, 14:42",
        "rating": 6
    },
    {
        "title": "Основы Postman для самых маленьких",
        "description": "Текст статьи не удалось получить",
        "data": "2021-12-21, 08:30",
        "rating": 32
    },
    {
        "title": "Интеграции бояться — в аналитики не идти",
        "description": "Текст статьи не удалось получить",
        "data": "2021-11-30, 14:50",
        "rating": 9
    },
    {
        "title": "Грабли, спрятанные в Kotlin",
        "description": "Текст статьи не удалось получить",
        "data": "2021-11-18, 16:27",
        "rating": 16
    },
    {
        "title": "Осмысленный сон удаленщика",
        "description": "Текст статьи не удалось получить",
        "data": "2021-11-03, 12:08",
        "rating": 11
    },
    {
        "title": "Эффективные коммуникации на удаленке",
        "description": "Текст статьи не удалось получить",
        "data": "2021-10-25, 12:42",
        "rating": 7
    },
    {
        "title": "Осознанная ходьба для удаленщика",
        "description": "Текст статьи не удалось получить",
        "data": "2021-10-14, 14:05",
        "rating": 66
    },
    {
        "title": "В чем измерять удаленных разработчиков?",
        "description": "Текст статьи не удалось получить",
        "data": "2021-10-01, 14:10",
        "rating": 23
    },
    {
        "title": "Закорпоративь удаленщика. Вредные советы",
        "description": "Текст статьи не удалось получить",
        "data": "2021-09-17, 10:52",
        "rating": 10
    },
    {
        "title": "Должен ли удаленщик получать меньше/больше?",
        "description": "Текст статьи не удалось получить",
        "data": "2021-09-03, 13:39",
        "rating": 3
    },
    {
        "title": "Куда податься хорошему тестировщику, когда конкуренция на рынке растёт?",
        "description": "Текст статьи не удалось получить",
        "data": "2021-08-18, 10:28",
        "rating": 1
    },
    {
        "title": "Как я внедрила agile в свою жизнь на удаленке",
        "description": "Текст статьи не удалось получить",
        "data": "2021-08-06, 11:24",
        "rating": 1
    },
    {
        "title": "Как мы запустили стартап и выжили",
        "description": "Текст статьи не удалось получить",
        "data": "2021-07-21, 17:48",
        "rating": 1
    },
    {
        "title": "Гибридный формат — ни рыба ни мясо в удаленке",
        "description": "Текст статьи не удалось получить",
        "data": "2021-07-07, 12:56",
        "rating": 5
    },
    {
        "title": "Удаленный онбординг не заработает, пока не выстроена сама удаленка",
        "description": "Текст статьи не удалось получить",
        "data": "2021-06-24, 11:51",
        "rating": 0
    },
    {
        "title": "Как я перешла в тестирование",
        "description": "Текст статьи не удалось получить",
        "data": "2021-06-10, 13:59",
        "rating": 1
    },
    {
        "title": "Фишки IDEA. Часть 2",
        "description": "Текст статьи не удалось получить",
        "data": "2021-05-25, 11:26",
        "rating": 5
    },
    {
        "title": "Фишки IDEA. Часть 1",
        "description": "Текст статьи не удалось получить",
        "data": "2021-05-12, 14:14",
        "rating": 13
    },
    {
        "title": "Начинающему QA: полезные функции снифферов на примере Charles Proxy",
        "description": "Текст статьи не удалось получить",
        "data": "2021-04-28, 15:02",
        "rating": 2
    },
    {
        "title": "Должен ли системный аналитик вторгаться на чужую территорию?",
        "description": "Текст статьи не удалось получить",
        "data": "2021-04-20, 15:46",
        "rating": 3
    },
    {
        "title": "Раскладка Дворака — личный опыт",
        "description": "Текст статьи не удалось получить",
        "data": "2021-04-08, 09:44",
        "rating": 28
    },
    {
        "title": "Docker для самых маленьких автоматизаторов",
        "description": "Текст статьи не удалось получить",
        "data": "2021-03-25, 10:32",
        "rating": 3
    },
    {
        "title": "Оцениваем работодателя на собеседовании. Как понять, что за компания перед тобой?",
        "description": "Текст статьи не удалось получить",
        "data": "2021-03-10, 14:41",
        "rating": 39
    },
    {
        "title": "Один рабочий день QA",
        "description": "Текст статьи не удалось получить",
        "data": "2021-02-25, 13:58",
        "rating": 0
    },
    {
        "title": "Уточняем детали проекта методами практической психологии",
        "description": "Текст статьи не удалось получить",
        "data": "2021-02-15, 16:52",
        "rating": 3
    },
    {
        "title": "AspectJ в автоматическом тестировании — несколько практических примеров",
        "description": "Текст статьи не удалось получить",
        "data": "2021-01-29, 12:57",
        "rating": 5
    },
    {
        "title": "Kafka Streams — непростая жизнь в production",
        "description": "Текст статьи не удалось получить",
        "data": "2021-01-14, 15:54",
        "rating": 5
    },
    {
        "title": "Почему мы ввели онлайн развлечения для удаленщиков в пандемию, хотя раньше этого не делали",
        "description": "Текст статьи не удалось получить",
        "data": "2020-12-25, 11:34",
        "rating": 3
    },
    {
        "title": "Удаленная работа и отпуск. Вместе “веселее”?",
        "description": "Текст статьи не удалось получить",
        "data": "2020-12-10, 16:47",
        "rating": 2
    },
    {
        "title": "Разбираем шесть антипримеров построения удаленки",
        "description": "Текст статьи не удалось получить",
        "data": "2020-11-27, 15:18",
        "rating": 12
    },
    {
        "title": "Как заставить Arduino петь как ZX Spectrum. Часть 2: музыка Dizzy IV на Arduino Nano",
        "description": "Текст статьи не удалось получить",
        "data": "2020-11-12, 15:20",
        "rating": 11
    },
    {
        "title": "Как заставить Arduino петь как ZX Spectrum. Часть 1: исторический экскурс",
        "description": "Текст статьи не удалось получить",
        "data": "2020-10-26, 17:59",
        "rating": 32
    },
    {
        "title": "Один день удаленного тимлида на бэкенде",
        "description": "Текст статьи не удалось получить",
        "data": "2020-10-13, 15:09",
        "rating": 8
    },
    {
        "title": "Robot Framework vs Pytest",
        "description": "Текст статьи не удалось получить",
        "data": "2020-10-01, 15:36",
        "rating": 4
    },
    {
        "title": "Как я уехал в испанскую глубинку, но работаю на русском языке",
        "description": "Текст статьи не удалось получить",
        "data": "2020-09-15, 12:13",
        "rating": 19
    },
    {
        "title": "Что кроется за “проактивностью” в ИТ-вакансиях?",
        "description": "В кандидатах на вакансии ИТ-компании часто ищут проактивность. Определения проактивного человека по интернету ходит два. С точки зрения психолога это человек, принявший ответственность за себя и свои решения и не ищущий причин событий в окружающем. Бизнес-консультанты немного его перефразировали в “желание контролировать события своей жизни и влиять на них”. Но что все это значит в конкретных ситуациях?\nРазбираем на примере командной разработки в ИТ.",
        "data": "2020-08-24, 15:12",
        "rating": 6
    },
    {
        "title": "Как не закопаться в рефакторинге на фронте. Советы новичку",
        "description": "С тех пор как вам доверяют не только кодить под строгим контролем, но и принимать даже минимальные решения, вы становитесь в полной мере ответственны за будущее проекта. В том числе, за стоимость его последующей поддержки. Имея опыт с действительно долгосрочными историями, мы собрали несколько советов о том, как не “стрелять в ноги” себе, своим коллегам и тем, кто придет на проект после вас.\n\nБывалым наши советы могут показаться очевидными. А вот новичкам настоятельно рекомендуем к прочтению. Потратьте время на воплощение этих идей в своих проектах, чтобы потом не тратить еще больше на бесконечный рефакторинг.\n\nСходные идеи можно высказать практически в любой сфере разработки, но мы будем говорить о них на примере проектов на React-е.",
        "data": "2020-08-13, 22:08",
        "rating": 1
    },
    {
        "title": "Чем отличается сениор от миддла, или как второму стать первым",
        "description": "Разработчиков принято делить на джунов, миддлов и сениоров. С джунами все более-менее понятно. Разница между следующими двумя ступенями, кажется, очевидна. Но в комментариях к статьям и в откликах на наши вакансии то и дело возникают разногласия.\n\nВ этой статье мы попробуем на примере сегмента тестирования сформулировать, в чем основные отличия. И дадим несколько советов – что изучать, чтобы быстрее стать сениором.",
        "data": "2020-07-29, 17:14",
        "rating": 9
    },
    {
        "title": "Борьба за производительность по-настоящему больших форм на React",
        "description": "На одном из проектов мы столкнулись с формами из нескольких десятков блоков, которые зависят друг от друга. Как обычно, мы не можем рассказать о задаче в деталях из-за NDA, но попробуем описать свой опыт “укрощения” производительности этих форм на абстрактном (даже немного не жизненном) примере. Расскажу, какие выводы мы сделали из проекта на React с Final-form.\n\n\nПредставьте, что форма позволяет вам получить заграничный паспорт нового образца, одновременно оформляя получение Шенгенской визы через посредника – визовый центр. Кажется, этот пример достаточно бюрократичен, чтобы продемонстрировать наши сложности.",
        "data": "2020-07-16, 18:28",
        "rating": 7
    },
    {
        "title": "Один день удаленного фронтендера",
        "description": "Я недавно стал тимлидом на одном из проектов нашей компании.\n\nСегодня хочу рассказать о внутренней кухне Максилекта и нашей команды на примере одного моего рабочего дня, допустим, вчерашнего.",
        "data": "2020-05-26, 14:10",
        "rating": 7
    },
    {
        "title": "Как научиться тестировать ПО",
        "description": "Считается, что через тестирование можно легко зайти в ИТ. Мы спросили наших специалистов по тестированию, как это реализовать без поступления на профильные программы обучения в вузы. Оказалось, что можно ограничиться базой по информатике, одной книжкой по тестированию и правильным выбором, где получать первый опыт. Правда, приправить это надо собственной заинтересованностью и усердием.\n\nПод катом — наши советы и ответы на распространенные вопросы новичков. Есть немного и о том, куда двигаться дальше, когда кажется, что потолок знаний близко.",
        "data": "2020-05-14, 15:53",
        "rating": 2
    },
    {
        "title": "Почему мы перешли на Selenide, попутно написав более 200 новых автотестов",
        "description": "Привет, я автоматизатор тестирования на одном из проектов крупной компании. В этой статье я расскажу, почему мы приняли решение перейти с Serenity на Selenide. Задача у нас масштабная, и хотя изменение технологического стека заняло определенное время, впоследствии оно с лихвой окупилось за счет ускорения написания тестов и выполнения регресса.",
        "data": "2020-04-30, 11:34",
        "rating": 4
    },
    {
        "title": "Особенности удаленной работы – по мотивам внутреннего собрания",
        "description": "Проанализировав последние собеседования, мы поняли, что к нам приходит все больше людей, для которых удаленка – новый формат. Мы хотели помочь им освоиться, собрав опыт по ее “укрощению” в одном тексте, и еще в феврале по итогам очередного внутреннего собрания запланировали этот пост.\n\nС последними событиями в мире наш опыт может оказаться полезен для более широкой аудитории. Поэтому мы учли тенденцию к самоизоляции и добавили жизненных советов на эту тему.",
        "data": "2020-04-16, 14:33",
        "rating": 3
    },
    {
        "title": "Вредные советы разработчику: что делать, чтобы “угодить” руководству",
        "description": "Как и обещал в предыдущей статье, разворачиваем ситуацию в противоположную сторону. Мне довелось побыть не только разработчиком, но и руководителем разных уровней. Я уже упоминал, что в последнее время мне везет на команды и коллег. Но за все время работы бывало всякое.\n\n\n(Григорий Остер)\n\nПоговорим о том, о каких разработчиках мечтает руководство. В этот раз я выступлю в роли абстрактного управленца…",
        "data": "2020-03-31, 11:15",
        "rating": 19
    },
    {
        "title": "Чек-лист: как не потерять сотрудников, отправив их на удаленку",
        "description": "Неожиданно удаленка стала востребована компаниями, которые совсем недавно заявляли, что никогда не будут экспериментировать в этом направлении. Мы в “Максилекте” работаем полностью удаленно с 2015 года. И специально для таких компаний в двух словах обобщили свой опыт.\n\nПредставляем перечень важных моментов, на которые стоит обратить внимание, отправляя сотрудников на самоизоляцию. Надеемся, это поможет быстро наладить рабочие процессы.",
        "data": "2020-03-19, 13:57",
        "rating": 11
    },
    {
        "title": "Вредные советы работодателю. Как “правильно” взаимодействовать с разработчиком",
        "description": "В последнее время мне везет — я работаю в компаниях, где по-настоящему уважают разработчиков. Но так было не всегда, приходилось сталкиваться с разными подходами к взаимодействию. Хотел бы я сказать, что “дикие нравы” уходят в прошлое, но рассказы коллег об их предыдущих местах работы да и мои наблюдения за рынком опровергают это утверждение.\n\nЧто ж, поговорим о том, как “правильно” взаимодействовать с разработчиком, например лично со мной…\n\n\n(Если всей семьей купаться вы отправились к реке,\nне мешайте папе с мамой загорать на берегу.\nНе устраивайте крика, дайте взрослым отдохнуть.\nНи к кому не приставая, постарайтесь утонуть, — Григорий Остер)...",
        "data": "2020-03-04, 11:49",
        "rating": 33
    },
    {
        "title": "Как я, тимлид, оцениваю проекты",
        "description": "Тимлиды часто оценивают проекты, и не все делают это хорошо. Тут многое зависит от личности самого тимлида, а также от его понимания команды. Есть много техник оценки проектов от метода “по аналогии” до PERT. Но сегодня я расскажу о том, как я применяю planning poker и другие приемы, чтобы оценивать точнее и с большей пользой.",
        "data": "2020-02-23, 16:01",
        "rating": 18
    },
    {
        "title": "10 идей по воспитанию помехозащищенности",
        "description": "Говоря о помехах работе, обычно подразумевают посторонние звуки и влияние коллег. Но в моем понимании понятие “помехозащищенности” шире. Это способность работать над текущей задачей, не отвлекаясь на что-то другое.\n\nСегодня поговорим о том, почему это важно и как этого достичь.\n\n(The Isolator, 1925)",
        "data": "2020-02-13, 12:01",
        "rating": 16
    },
    {
        "title": "Почему pomodoro у разработчиков “не взлетает” и как с этим бороться?",
        "description": "Систему управления своим временем с использованием кухонного “помидорного” таймера пиарят все, кому не лень. Помогает она не всем. Но я вижу, что разочарованные экспериментаторы наступают на одни и те же грабли. Поговорим о том, как их обойти.",
        "data": "2020-01-30, 13:20",
        "rating": 26
    },
    {
        "title": "Оптимизируем автоматизацию: как мы ускорили автотесты в 3-4 раза, сохранив старые наработки",
        "description": "Автотесты на проектах нужны. Но, как говорится, автоматизация на вкус и цвет может быть разная. Мы пришли на проект, где уже были автотесты, и смогли улучшить покрытие и ускорить прохождение тестов без фундаментальной революции. Под катом о том, как нам это удалось.",
        "data": "2020-01-16, 16:18",
        "rating": 5
    },
    {
        "title": "Перепутье сениора: куда идти дальше?",
        "description": "Говорят, что профессионалом в своей области становишься в среднем после 5 лет активной работы. Тяга к самореализации остается, но на текущей позиции что-либо сделать в этом направлении не получается. И в этот момент ты встаешь перед стандартным для русских сказок перепутьем. Можно сменить работу, но если в общих чертах круг обязанностей и стек не изменятся, новизна быстро пройдет, снова уступив место рутине. Можно идти в тимлиды, но придется взвалить на себя кучу административки.\n\n\n\nПод катом — о том, так ли все страшно, глазами специалистов из “Максилекта”, уже проходивших через аналогичный выбор.",
        "data": "2019-12-25, 10:46",
        "rating": 11
    },
    {
        "title": "Коммуникации внутри удаленной команды — наш опыт",
        "description": "В этой статье мы решили немного раскрыть внутреннюю кухню. В удаленной команде один из главных элементов — коммуникации. Расскажем, как это у нас организовано, — с целевыми параметрами (SLO) и конкретикой.",
        "data": "2019-12-10, 12:36",
        "rating": 9
    },
    {
        "title": "Путь тестировщика: из “ручников” в автоматизаторы",
        "description": "Ручных тестировщиков часто подталкивают в автоматизаторы, и я считаю этот путь вполне закономерным. Именно так получаются лучшие автоматизаторы. Они в первую очередь неплохие ручники, а уже во вторую — немного разработчики.\n\nВ этой статье я поделюсь своим мнением, почему стоит идти именно по этому пути и что будет, если в автоматизацию прийти иначе.",
        "data": "2019-11-27, 15:44",
        "rating": 9
    },
    {
        "title": "О рынке полностью удаленной работы без фото с пляжа",
        "description": "Я 9 лет работаю удаленно, последние годы — техническим директором. Вижу на Хабре множество статей, популяризирующих удаленку. Хочу немного охладить пыл тех, кто только задумывается в этом направлении.\nУдаленный формат работы удобен, особенно для жителей небольших городов, которые не хотят покидать родные края. Однако это не билет в гарантированное будущее. Этот формат имеет не только преимущества, но и ограничения. Поговорим о том, на какое карьерное развитие можно рассчитывать, фокусируясь исключительно на удаленке.",
        "data": "2019-11-13, 14:27",
        "rating": 15
    },
    {
        "title": "Размышления о карьере в ИТ",
        "description": "Сделать быструю карьеру в области разработки сегодня не так просто, как кажется. Если начать работать, например, в сфере финансов, то в 30 лет вы почти наверняка будете руководителем. В нашей же отрасли и в 35, и в 40 лет можно оставаться разработчиком. Среди нас много тех, кто хочет заниматься программированием всю жизнь, рассматривая только профессиональный рост. И это прекрасно! Но ведь есть и те, кто хочет также продвижения по карьерной лестнице. Обсудим, почему добиться этого движения может быть затруднительно.",
        "data": "2019-10-24, 12:06",
        "rating": 15
    },
    {
        "title": "Почему для нового проекта я взял Robot Framework",
        "description": "Недавно я сменил проект — пришел в новую разработку, где до меня не было никакого тестирования, ни ручного, ни автоматического. Условий на инструментарий (за исключением того, что это Python) заказчик не накладывал, так что я сделал собственный выбор. В этой статье я расскажу, почему в таких условиях предпочел Robot Framework. А в конце будет немного специально написанных под статью примеров, иллюстрирующих, о чем речь.",
        "data": "2019-10-10, 10:33",
        "rating": 7
    },
    {
        "title": "Общение — еще один настраиваемый параметр удаленки",
        "description": "Офисному работнику обычно не приходится выбирать, общаться ли с коллегами днем. Есть масса митингов и совещаний, а заодно практически в каждом офисе — курилка и кухня. Общаться или нет с кем-то после работы — дело личного вкуса. С удаленкой история другая. Формат общения с коллегами из своего угла только в чате и только на рабочие темы позволяет полностью отключить личные контакты. И если вам из своего опенспейса кажется, что это хорошо, вы ошибаетесь. Это меняет вашу личность и снижает эффективность командной работы. С другой стороны, общения с домочадцами на удаленке намного больше, что тоже не всегда хорошо.\n\nПопробуем поискать баланс и дать несколько советов на основе опыта наших удаленных сотрудников тем, кто только собирается уходить из офиса.",
        "data": "2019-09-26, 13:21",
        "rating": 5
    },
    {
        "title": "Как обустроить себе рабочее место",
        "description": "В офисе вопросами обустройства рабочего места озабочен работодатель, но его экономный подход не так уж часто нравится сотрудникам. Помня о том, как приходилось сидеть на неудобном стуле в шумном опенспейсе, начинающий удаленщик пытается закрыться в тихом кабинете и купить себе кресло подороже, да железо пошустрее. И на этом в большинстве случаев фантазия заканчивается. Но вопрос подготовки рабочего места намного шире.\n\nСобрав в одном коллективе несколько десятков профессиональных удаленщиков, мы не могли не воспользоваться их опытом, чтобы создать руководство для новичков: за что хвататься и куда смотреть, организуя рабочее место для удаленки собственными силами.\n\n\n(рабочее место одного из наших сотрудников)",
        "data": "2019-09-05, 14:48",
        "rating": 33
    },
    {
        "title": "“Проклятая галера”, или откуда растут ноги у офисного нытья",
        "description": "Я часто сталкиваюсь с командами разработки из крупных компаний. Но несмотря на разные принципы устройства, профили деятельности и стеки технологий, везде находятся сотрудники, недовольные сложившимся положением вещей. Особо выделяющимся персонажам не нравится все! Но единственный реальный шаг за рамками разговоров, на который они способны, – это увольнение. Правда, в большинстве случаев до этого не доходит – персонажи просто непрерывно сетуют на “галеры”.\n\nВы никогда не задумывались, откуда тут “растут ноги”?",
        "data": "2019-08-19, 12:03",
        "rating": 8
    },
    {
        "title": "Испытание для компании: задаем правильные вопросы на собеседовании",
        "description": "Недавно мы писали о том, какие вопросы задаем на собеседовании кандидатам на вакансии в “Максилекте”. Теперь я хочу взглянуть на проблему с другой стороны “баррикад” – с позиции наемного работника. Хотя сегодня я руковожу компанией, за свою жизнь мне пришлось поучаствовать не в одном десятке собеседований на работу. Я даже когда-то описывал свой опыт в статьях, рекомендуя не только отвечать на вопросы, но и задавать их самостоятельно. И опыт показывает, что некоторые вопросы дадут вам даже больше информации, чем вы ожидаете. О них и поговорим.",
        "data": "2019-07-23, 11:41",
        "rating": 23
    },
    {
        "title": "Что важнее: знать язык программирования или уметь решать бизнес-задачу?",
        "description": "Много ходит споров о том, какой стоит изучить язык программирования, чтобы сделать карьеру в сфере разработки. Но я глубоко убежден, что языком обязательный набор знаний не ограничивается. К сожалению, не все это понимают.",
        "data": "2019-07-09, 12:09",
        "rating": 6
    },
    {
        "title": "Тонкости собеседований при найме на удаленку",
        "description": "Продолжаем рассказывать о внутреннем устройстве «Максилекта». Мы уже рассказывали об общих принципах найма удаленных специалистов, принятых в компании. Теперь же поговорим о деталях – о том, что именно мы спрашиваем у кандидатов, которые пришли к нам на собеседование.\n\n\n\nСпойлер: увы, но “правильных ответов” на эти вопросы здесь нет. Их попросту не существует.",
        "data": "2019-06-19, 10:46",
        "rating": 25
    },
    {
        "title": "Почему я сменил фриланс на удаленную команду",
        "description": "Существует масса вариантов удаленного взаимодействия. Принято выделять дистанционную работу и фриланс, но чаще мы находимся в каком-то из промежуточных состояний. И состояние состоянию рознь. Одни варианты дают охват рынка, другие – поток заказов, третьи – социальный пакет. А перспективы везде разные. Так что лучше четко представлять, куда хочется прийти.\nДля себя я выбрал формат дистанционной работы в распределенной команде. Под катом – о причинах выбора: анализ моего опыта и вариантов, с которыми доводилось сталкиваться лично.",
        "data": "2019-06-05, 11:56",
        "rating": 28
    },
    {
        "title": "Как и зачем поддерживать физическую форму, если ты ИТ-шник на удаленке",
        "description": "Крупные ИТ-компании пропагандируют занятия спортом среди своих сотрудников: ставят велопарковки, оборудуют залы внутри офиса и даже собирают групповые занятия в рабочее время. На удаленке организация спортивных занятий силами нанимателя недоступна. Но если про обустройство рабочего места новоиспеченный удаленный работник начинает думать чуть ли не до перехода на этот формат, спорт в сознании многих остается необязательной опцией – где-то на уровне привычного «офисного пакета» из кофемашины, печенек и занятий английским. И это ключевая ошибка.\n\n\n\nПод катом – о том, как наши сотрудники поддерживают свою физическую форму и зачем это вообще нужно.",
        "data": "2019-05-24, 10:25",
        "rating": 10
    },
    {
        "title": "Тест: подходит ли тебе удаленка (не фриланс!)?",
        "description": "Эта статья для тех, кто задумывается, стоит ли пробовать удаленную работу, и взвешивает риски: стиль жизни существенно поменяется, мало ли, что пойдет не так, а вернуться обратно будет непросто. Я не буду преподносить удаленку как райское наслаждение на пляжике под пальмочкой. Таких статей уже написано достаточно, и они не помогают определиться. Постараюсь помочь с ответом ровно на один вопрос: “Как с минимальными рисками выяснить, подходит ли вам удаленка?”.\n\nВ этой формулировке уже заложена половина ответа. Есть лишь один способ выяснить, подходит ли что-то лично вам, – эксперимент. Мне удалось поэкспериментировать в контролируемых условиях – без смены места работы. По итогу работать из дома мне понравилось, и в офис я не хочу. А вот моему другу из дома не работается никак – тут все индивидуально. Но подход к экспериментированию это не меняет.\n\nИтак, радости и гадости удаленки и переходного периода. Ретроспектива личного опыта, а под конец – небольшой тест, он же план эксперимента.\n\n\n\n(осторожно, много картинок)",
        "data": "2019-04-25, 09:06",
        "rating": 51
    },
    {
        "title": "Исключения в Kotlin и их особенности",
        "description": "Наша компания уже более двух лет использует Kotlin в продакшене. Лично я с этим языком столкнулся около года назад. Тут есть много тем для разговора, но сегодня поговорим об обработке ошибок, в том числе в функциональном стиле. Расскажу, как это можно делать в Kotlin.\n\n\n\n(Фото с митапа по этой теме, проходившего в офисе одной из компаний Таганрога. Выступал Алексей Шафранов — лидер рабочей группы (Java) в «Максилект»)",
        "data": "2019-04-09, 12:37",
        "rating": 15
    },
    {
        "title": "Теория и практика хобби для ИТ-шника",
        "description": "В статье, посвященной адаптации на удаленке, мы коснулись темы хобби. Для человека, вся жизнь которого сосредоточена внутри квартиры, это, пожалуй, один из необходимых элементов комфорта на длительных промежутках времени. В этой статье разовьем данную мысль – суть тут не только в общении, но и в стимуляции более эффективной работы на основных проектах.\n\n“Слишком занят для хобби”, – неправильная формулировка для удаленщика.",
        "data": "2019-03-28, 12:53",
        "rating": 12
    },
    {
        "title": "Сравнение методов прогнозирования конверсии цепочек рекламных каналов",
        "description": "Самая суть цепочек рекламных каналов вызывает непреодолимое желание узнать, что вероятнее всего произойдет дальше в цепочке. Будет конверсия или нет?\n\nНо это похвальное стремление часто утыкается в проблему. Если пытаться удерживать количество ложно-положительных результатов в разумных рамках, количество истинно-положительных не впечатляет. Как следствие — результаты анализа зачастую не позволяют нам принимать адекватные управленческие решения. Адекватное прогнозирование требует больше данных, чем просто короткие цепочки пользовательских прикосновений к каналам. Но это вовсе не значит, что задачу стоит бросать.",
        "data": "2019-03-13, 14:04",
        "rating": 7
    },
    {
        "title": "Мечтают ли сервисные компании о своих продуктах. Разговор с Maxilect",
        "description": "Мне кажется, многие хорошие разработчики и инженеры хоть раз задумывались — что делать со своими знаниями и умениями в глобальном смысле. Найти идею и создать свою важную и крутую вещь, для которой даже слово «продукт» покажется мелким и пошлым. Либо идти со своими знаниями к другим людям и помогать им реализовывать их идеи.\n\nОба пути хороши, у обоих есть плюсы и минусы. Но вокруг обоих формируются свои стереотипы. Почему-то «делать продуктовый стартап» — звучит романтически круто, а «делать сервисную компанию и писать код по заказу» — утилитарно, приземленно и для кого-то даже бездушно.\n\nЯ поговорил с Максимом Коротковым, основателем Maxilect о его опыте между двумя этими путями. После неудачного опыта со своим продуктом он основал сервисную компанию, при этом не хочет растить ее даже до 200 человек, хоть это и влияет на прибыль напрямую. Почему — в нашем разговоре.\nMaxilect попал в рейтинг лучших работодателей в ИТ «Моего круга» со средней оценкой 4,81. Сотрудники выше всего оценили компанию по таким критериям, как: современные технологии, используемые в работе, адекватное вознаграждение труда, профессиональный и карьерный рост и связь с топ-менеджментом компании.",
        "data": "2019-02-21, 17:02",
        "rating": 27
    },
    {
        "title": "Нетривиальные метрики эффективности рекламных кампаний",
        "description": "При анализе цепочек рекламных каналов некоторые достаточно простые, но полезные идеи проскакивают незамеченными. Хорошо знакомые с математикой аналитики сразу стремятся погрузиться машинное обучение, а  далекие от математики аналитики вообще не очень понимают, куда и как смотреть в отрыве от стандартных отчетов Google Analytics.\n\nВ то же время такая достаточно банальная вещь как распределение длин цепочек атрибуции за период может рассказать весьма красноречивые вещи, причем не только об эффективности вашей рекламы.\n\nВ данной статье я покажу, как по этому распределению:\n\nВыделить среди переходящих по рекламным каналам тех пользователей, кто реагирует на рекламу;\nОценить эффективность влияния вашей рекламной кампании на эту группу;\nОценить как бы реагировали на ваш товар люди, если бы знали про него все, что вы хотели им сообщить;\nОценить оптимальную с точки зрения уровня конверсии частоту показа рекламных объявлений.",
        "data": "2019-02-07, 14:47",
        "rating": 10
    },
    {
        "title": "Переход из офиса на удаленку: делимся опытом и лайфхаками",
        "description": "Удаленный формат работы – не более чем альтернативный способ организовать стандартную восьмичасовую занятость, связанный с большей свободой, но одновременно и большей ответственностью. И если не строить “воздушных замков”, а всесторонне оценить ситуацию и подстроиться под нее, вы уже не захотите жить по-другому.\n\nНиже рассказ о том, как при этом обойти подводные камни.\n\n\nСтоп-кадр из клипа “В Питере пить” группы Ленинград",
        "data": "2019-01-25, 12:17",
        "rating": 25
    },
    {
        "title": "Концепция взаимодействия рекламных каналов и ее применение на практике",
        "description": "Осмысленность отчетов о рекламных кампаниях(РК) значительно упрощает людям жиз… оптимизацию расходов. В процессе повышения уровня этой осмысленности, мы нашли один очень эффективный способ максимизировать рентабельность, принимая во внимание то, что мы назвали «взаимодействием каналов»(интеракцией каналов).\n\n\nОригинал: caricatura.ru",
        "data": "2019-01-03, 13:23",
        "rating": 6
    },
    {
        "title": "Люди и процессы: почему удаленка подходит не каждой компании?",
        "description": "Вместе с развитием интернета в наш мир стремительно ворвалась удаленная работа. Но как с любым хайпом, это был путь завышенных ожиданий и разочарований. На фоне восхвалений нового формата взаимодействия регулярно появляются новости о том, что очередная крупная компания свернула эксперимент по удаленной работе, поскольку теряется эффективность, доходы и т.п.\nВ чем же разница между компаниями, которые возвращают сотрудников в офис, и теми, кто рапортует об успехах удаленного формата?\n\nВася Ложкин. «Вернем все взад!»",
        "data": "2018-12-28, 16:21",
        "rating": 25
    },
    {
        "title": "Как мы сделали сервис рекламных кампаний, соответствующий положениям GDPR",
        "description": "Вступивший в действие в мае этого года GDPR серьезно повлиял на рынок интернет-маркетинга. Его участникам хочется формировать максимально точную аудиторию для показа объявлений, но теперь для этого необходимо получить явное согласие пользователя, иначе даже небольшой нишевый ресурс может нарваться на многомиллионные штрафы. Некоторые ресурсы закрылись, но многие преобразуются в соответствии с новыми требованиями. И наш проект сервиса управления рекламными кампаниями для клиента из США – отличный тому пример.",
        "data": "2018-12-11, 12:09",
        "rating": 11
    },
    {
        "title": "Мок-сервер для автоматизации мобильного тестирования",
        "description": "Работая над последним проектом, столкнулся с тестированием мобильного приложения, связанного на уровне бизнес-логики с различными сторонними сервисами. Тестирование этих сервисов не входило в мою задачу, однако проблемы с их API блокировали работу по самому приложению – тесты падали не из-за проблем внутри, а из-за неработоспособности API, даже не доходя до проверки нужной функциональности.\n\nТрадиционно для тестирования таких приложений используются стенды. Но они не всегда работают нормально, и это мешает работе. В качестве альтернативного решения я использовал моки. Об этом тернистом пути и хочу рассказать сегодня.",
        "data": "2018-11-20, 15:31",
        "rating": 14
    },
    {
        "title": "Обратной дороги нет: личный опыт тестировщика",
        "description": "Хочу рассказать о работе тестировщика с нетипичного ракурса, который вряд ли покажут в учебных заведениях или профессиональной литературе. Становясь профессионалом в этой области, ты неизбежно начинаешь жить концепциями, заложенными в саму основу тестирования. И это очень по-разному отражается на обустройстве жизни. О том, как именно это происходит у меня, под катом.",
        "data": "2018-11-06, 10:56",
        "rating": 5
    },
    {
        "title": "Практика тестирования бэкенда на Java + Rest-Assured",
        "description": "В предыдущей статье я поделился своим опытом автоматизации на Robot Framework. Теперь же речь пойдет о несколько другом подходе к тестированию API для проекта на Kotlin.\n\nВоспользовавшись свободой выбора стека технологий и опираясь на желание попробовать «в бою» что-то новое, я обратился к Rest-Assured. Не без некоторых сложностей мы с коллегами запустили тесты, а по итогам освоения подхода записали его в список ключевых для подобного рода задач.\n\n\n(изображение используется на правах пародии)",
        "data": "2018-10-22, 13:57",
        "rating": 6
    },
    {
        "title": "Как мы контролируем удаленных сотрудников",
        "description": "От перехода на удаленное взаимодействие с сотрудниками многие компании удерживает боязнь потерять контроль над ситуацией – непонятно, как убедиться в том, что специалист свои восемь часов действительно работает, а не просиживает в социальных сетях. Казалось бы, решение – в инструментах слежения за пользователем: в системах учета рабочего времени, в контроле присутствия, съемке веб-камерой и т.п. Но мы в «Максилекте» принципиально не используем такие инструменты, действуя на ином, управленческом уровне.\n\n\n(на фото — известный стритарт от Banksy, фотограф — Niv Singer)\n\nКак мы держим руку на пульсе, чтобы работа компании была эффективной, и почему это работает – под катом.",
        "data": "2018-10-09, 11:00",
        "rating": 18
    },
    {
        "title": "Мой опыт знакомства и работы с Robot Framework",
        "description": "Чуть более года назад я впервые попробовал в работе Robot Framework. За время моего участия в довольно масштабном проекте я испытал на своей шкуре два разных подхода к автоматизации тестирования с помощью этого инструмента: написание тестов на чистом DSL Robot Framework и работу в связке с Python. Если первый путь имеет низкий порог входа, то второй, на мой взгляд, удобнее с точки зрения поддержки крупных проектов. Хотя фундаментальной разницы между подходами нет. Так или иначе, все сводится к поиску библиотек.\n\nОднако об особенностях подходов поговорить стоит.",
        "data": "2018-09-25, 11:15",
        "rating": 9
    },
    {
        "title": "Ищу senior'а без офиса и печенек: как у нас организован поиск сотрудников на 100% удаленку",
        "description": "Наем удаленного разработчика или тестировщика, с которым до начала работы не предусмотрено личных встреч, представляется серьезным риском. Присутствие кандидата создает иллюзию контроля над ситуацией. А куда же без него?\n\nПриняв для себя идеологию удаленной работы вместе со всеми ее преимуществами, вроде доступа к лучшим кадрам по всей стране, «Максилект» встал перед выбором: либо оплачивать всем кандидатам приезд в офис, либо выстраивать процессы таким образом, чтобы в найме не оставалось места иллюзиям.\n\n\nО том, как рекрутеры участвуют в оценке квалификации технарей, нужен ли senior’у диплом, при чем тут веб-камеры и какова на самом деле цена ошибки найма, рассказывает Максим Коротков, генеральный директор компании.",
        "data": "2018-09-11, 11:30",
        "rating": 18
    },
    {
        "title": "Сервер Ad Exchange — не как у других",
        "description": "Ad Exchange в рамках Real-Time Bidding (RTB) — одно из AdTech-решений, видоизменяющих рынок онлайн-рекламы. Его основная функция — стыковка большого количества SSP и DSP, которые не имеют прямой интеграции между собой, а также перепродажа разнообразного рекламного трафика между ними.\n\nБлагодаря заказу для рынка США мы с головой погрузились в специфику построения платформы Ad Exchange. И в этой статье представляем некоторые идеи и результаты.",
        "data": "2018-08-29, 08:34",
        "rating": 7
    },
    {
        "title": "Middle/senior: как вырваться из болота?",
        "description": "Три года на одном проекте — развиваться физически некуда. Энтузиазма с каждым днем все меньше, и один лишь вид изученного вдоль и поперек кода уже вгоняет в спячку. Знакомо? Поздравляю, вы «выгорели».\n\nНа мой взгляд, застой — худшее, что может случиться с айтишником. Но для себя я, кажется, нашел некие условия, не определяющие четкое направление, но описывающие окружающую атмосферу, способствующую моему профессиональному росту. В поисках подходящего мне варианта я сменил не одного работодателя. Даже в армии по контракту успел послужить.\nИсходя из полученного опыта, я сформулировал пять принципов, которые вы найдете под катом. Возможно, вам они тоже подойдут?",
        "data": "2018-07-31, 11:56",
        "rating": 9
    },
    {
        "title": "Как я переехал… домой, или мой ответ автору статьи о «беспощадной муке»",
        "description": "На Хабре обсуждаются переезды в крупные города или за рубеж за хорошей работой. У меня другая история. Я успел попробовать разную обстановку и схемы сотрудничества с работодателем и выбрал то, что лучше всего соответствует моему складу характера, — с удовольствием вернулся в родной город, попутно узнав многое о самом себе и удаленке. Уже почти год я занимаюсь функциональным и автоматизированным тестированием в питерской компании «Максилект», проживая при этом в Красноярске (сдвиг во времени +4 часа).\n\n\nЧестно скажу, хотел рассказать о своем опыте в отрыве от классических мифов об удаленной работе. Но пока готовил текст, на Хабре вышла статья схожей тематики от «менеджера околоайтишной сферы». Как сама статья, так и комментарии к ней демонстрируют принципиально иной (скажем откровенно, практически никакой) уровень зрелости и сотрудника, и организации, согласившейся на такой формат. Почему? Отвечу субъективным мнением на субъективное мнение — подробности под катом…",
        "data": "2018-07-17, 12:17",
        "rating": 29
    },
    {
        "title": "Уехать нельзя остаться: о сложном и зачастую ложном выборе",
        "description": "Почти каждому из нас хотя бы один раз предлагали новое место работы в другом городе. Я таких предложений за 15-20 лет получил не менее 10-ти. Одно из них я даже принял, находясь в Питере, и уехал программировать в США. Основная же масса таких запросов была из Москвы. Помню также, что в районе 2006 года я хотел уехать из Питера и даже рассматривал переезд в Самару, куда съездил на финальное собеседование.",
        "data": "2018-04-26, 13:21",
        "rating": 9
    },
    {
        "title": "Отрицательный отбор кадров в иерархической структуре предприятия",
        "description": "Вступление\n\nВсе мы прекрасно знаем, как важен подбор персонала в организации. Но зачастую у нас достаточно смутные представления о том, как именно структура организации влияет на эффективность работы этого персонала. Или, например, как распределение сотрудников с различными параметрами в штатном расписании влияет на эффективность работы.  \n\nКогда этот вопрос поднимается, это обычно какие-то общие слова, эвристики из скучных учебников с качественными описаниями, вроде того, что иерархическая структура выдвигает вперед и мотивирует нарциссов, которые больше заинтересованы в собственном продвижении, а не благоденствии предприятия.\n\nОказывается, некоторые аспекты этого вопроса достаточно легко математически промоделировать, что может открывать возможности к новым вариантам управления компаниями.  В условиях достаточно простых предположений о свойствах персонала огромное количество важных и интересных свойств вылезают наружу сами по себе, просто при задании структуры организации. А дальше вопрос может ставиться так — А есть ли возможность использовать это на благо организации?",
        "data": "2018-03-16, 09:33",
        "rating": 21
    },
    {
        "title": "Джентльменский набор в области маркетинга и продаж компании-разработчика заказного ПО",
        "description": "В первой статье мы рассказали про наш первый опыт в маркетинге и продажах. В этой статье мы расскажем, почему маркетингом и продажами нужно заниматься самим, даже если вы всю жизнь изучали математику и программирование, а не полагаться на «гуру» с рынка, и какие минимальные действия в области маркетинга и продаж должна сделать компания-разработчик заказного ПО в наше время, чтобы быть прибыльной компанией и иметь возможность устойчиво развиваться. В этой статье не будет затронута тема раскрутки и продажи продуктов, мобильных приложений, игр и многого другого, так как опыт компании Maxilect в основном связан с заказной разработкой, и только в конце 2017 мы начали делать свои R&D разработки и вести работу со стартапами по модели Revenue Sharing.\n\nРассказ моего партнера Кирилла Антонова, который написал первую часть статьи, остановился примерно в конце 2016 — начале 2017 года. На тот момент мы уже успели наломать немало дров, наступили не на одни грабли, добились первых успехов, и пребывали в некоторой эйфории от того, что наконец-то начало получаться, мы росли, увеличивалась и прибыль, и пора было подумать о динамичном развитии в правильном направлении.",
        "data": "2018-03-02, 13:43",
        "rating": 18
    },
    {
        "title": "Измерение и формирование частотных характеристик электрогитар",
        "description": "Поговорим об искусстве. Например, о музыке. Например, о гитарах.\n\nСоздание электрогитар вещь достаточно консервативная. Несмотря на огромные успехи в обработке сигналов, которые позволяют доставать из гитар любые звуки в реальном времени (JTV89), до сих пор достаточно ценится тот самый «теплый и ламповый» звук, которым гитара должна обладать сама по себе. С другой стороны, при этом всем,  звук гитары должен обладать именно теми характеристиками, которые хочет заказчик, которому вдруг захотелось иметь какой-то специфический звук у своей гитары.",
        "data": "2018-02-16, 10:49",
        "rating": 22
    },
    {
        "title": "Математическая модель снобизма",
        "description": "Иногда бывает интересно на основе данных попытаться построить какую-то сущностную математическую модель явления, чтобы иметь возможность производить симуляцию происходящих событий, когда нет возможности проводить многочисленные натурные эксперименты с учетом различных факторов, ситуаций или контекстов. Но не все же только в нейронные сети загонять данные и смотреть, что получается.",
        "data": "2018-02-02, 15:44",
        "rating": 3
    },
    {
        "title": "История о том, как два выпускника «матмеха» делали первые продажи",
        "description": "Моя личная статистика говорит однозначно, что самый волнующий вопрос о бизнесе, который мне адресуют — это «как вы продаёте?» или «где вы находите клиентов?». Вопросу продаж будет посвящена эта статья, а вернее — вопросу самых первых, самых сложных продаж в компании Maxilect. Я не исключаю, что в будущем нас ждут очень непростые продажи, сложные клиенты, новые рынки, но продавать, когда у тебя за спиной есть успешно выполненные проекты, отзывы, коллектив и, наконец, опыт намного проще, чем, когда у тебя есть только два технаря с запредельной мотивацией.",
        "data": "2018-01-26, 09:49",
        "rating": 8
    },
    {
        "title": "Эффект групповой поляризации и его математическое моделирование",
        "description": "Введение\n\nДавным-давно американский психолог Дж. Стоунер провел интересный эксперимент (в те времена, когда над людьми можно было так безнаказанно издеваться). Он взял группу студентов и каждому вручил опросник с (условно) дихотомическими вопросами. После того, как они ответили, Стоунер предложил им обсудить эти вопросы всем вместе. А после обсуждения еще раз ответить на те же вопросы. К его большой научной удаче, результат получился крайне интересный.\n\nПосле группового обсуждения ответы стали носить более «рискованный» характер. Слово «рискованный» это, естественно, такой как бы эвфемизм, за которым скрывается то, что люди столкнувшись в группе единомышленников с группой идейных противников немножко озверели и стали более агрессивно отстаивать свои первоначальные взгляды. Этот феномен назвали «групповая поляризация».",
        "data": "2018-01-19, 16:20",
        "rating": 15
    },
    {
        "title": "Один в поле не воин: плюсы от работы в компании на «удалёнке»",
        "description": "При первой беседе на вопрос «Был ли у Вас опыт удалённой работы?» кандидаты часто рассказывают о своем опыте фриланса. Понятия «фриланс» и «удалённая работа» при этом зачастую смешиваются. Даже в словаре разделов Хабра нет отдельной сущности «удалённая работа», и, его, кстати, пора бы уже добавить. Фрилансер сам занимается маркетингом и продажами своих услуг. Удалёнка же – это отказ от необходимости работать в офисе. Это свобода, которая должна быть сбалансирована ответственностью. По нашим оценкам только 20-30% из тех, кто хочет работать удалённо, смогут это делать эффективно. Остальным ещё нужна «внешняя мотивация» в виде офисных стен, «руководителей надзирателей» и пр.",
        "data": "2018-01-12, 15:59",
        "rating": 7
    },
    {
        "title": "Атрибуция с использованием цепи Маркова",
        "description": "Бизнес задача\n\nОдин из наших клиентов активно использовал маркетинговые каналы трафика для продвижения своих услуг и товаров. Через какое-то время данные по всем маркетинговым каналам выгрузили в хранилище BigQuery, и решили, что пришло время сделать с ними что-нибудь интересное. Например, расширять и модифицировать свои аналитические модули для оптимизации маркетинговых расходов. В частности, реализовать возможность использовать более сложную атрибуцию каналов с помощью цепочек Маркова, которой не было Google Analytics на тот момент, а возможно и сейчас нет.\n\nМы рассказывали в своем блоге о некоторых общих проблемах атрибуции рекламных каналов. Здесь же речь пойдет исключительно об использовании цепочек Маркова.",
        "data": "2017-12-30, 15:14",
        "rating": 12
    },
    {
        "title": "История программиста, создавшего компанию «Maxilect», на 100% работающую удаленно",
        "description": "Я начал программировать по современным меркам поздно, будучи студентом матмеха СПбГУ. Первым местом моей работы стала компания «TogetherSoft» в 1998, и для устройства туда мне нужно было выполнить тестовое задание, связанное с построением на Java синтаксического анализатора С++ кода. Задание я выполнял на 166 Гц Pentium c «плоским» 15” монитором от Sony, текст программы набирал в «Far manager» (до сих пор им пользуюсь) и компилировал в командной строке. У меня было несколько недель на его выполнение (с условием оплаты в случае успеха), но только в последнюю ночь, в лучших традициях студенчества, я отловил баг (помню до сих пор, что это была за ошибка, так как я выпил не один литр растворимого кофе, пока ее нашел). Днем я сдал на 3,5” дискете результат тестового задания, получил за это 400 USD и был принят на работу в сильную команду. Мой первый опыт работы был удаленным, результат был успешным и меня это вполне устроило, но тогда я этому не придал большого значения.",
        "data": "2017-12-20, 16:47",
        "rating": 21
    }
]