[
    {
        "title": "Зрелость процесса управления программными активами: как оценить уровень развития и достичь полной оптимизации?",
        "description": "Текст статьи не удалось получить",
        "data": "2023-07-05, 09:56",
        "rating": 1
    },
    {
        "title": "Опыт решения большой аналитической задачи",
        "description": "Текст статьи не удалось получить",
        "data": "2023-07-03, 11:01",
        "rating": 5
    },
    {
        "title": "Совместная работа с документами в компании, если нельзя использовать Google Drive и другие популярные сервисы",
        "description": "Текст статьи не удалось получить",
        "data": "2023-03-27, 15:08",
        "rating": 2
    },
    {
        "title": "Как организовать обмен опытом без NDA и прочих рамок",
        "description": "Текст статьи не удалось получить",
        "data": "2023-02-03, 13:20",
        "rating": 5
    },
    {
        "title": "Как мы ищем документы в Naumen Disk или еще один вариант организации FTS",
        "description": "Текст статьи не удалось получить",
        "data": "2023-01-26, 18:15",
        "rating": 9
    },
    {
        "title": "Обновление Hibernate через боль",
        "description": "Текст статьи не удалось получить",
        "data": "2022-12-29, 09:54",
        "rating": 6
    },
    {
        "title": "Как переехать в облака и не остаться без штанов",
        "description": "Текст статьи не удалось получить",
        "data": "2022-12-20, 16:10",
        "rating": 6
    },
    {
        "title": "Конкурентная закупка: как автоматизировать процесс в компании за 60 дней в 2022 году",
        "description": "Текст статьи не удалось получить",
        "data": "2022-11-29, 18:50",
        "rating": 1
    },
    {
        "title": "Как использовать файловые хранилища в своих проектах?",
        "description": "Текст статьи не удалось получить",
        "data": "2022-11-25, 14:50",
        "rating": 1
    },
    {
        "title": "6 принципов автоматизации закупок, чтобы сократить затраты на 15% и более",
        "description": "Текст статьи не удалось получить",
        "data": "2022-11-09, 14:02",
        "rating": 2
    },
    {
        "title": "Курсов будет недостаточно: как гуманитарию стать разработчиком",
        "description": "Текст статьи не удалось получить",
        "data": "2022-10-31, 15:17",
        "rating": 0
    },
    {
        "title": "Ловушки мышления аналитиков или как мы запустили продукт на стажировке",
        "description": "Привет, меня зовут Вика и я аналитик в NAUMEN. Когда я окончила университет, а это было чуть меньше года назад, казалось, что могу все. Тем более запустить свой продукт с нуля. Университет мне дал хорошую теоретическую базу, друзья-айтишники делились подобным опытом в стартапах, да и гугл никто не отменял. Плюс я прошла на стажировку в NAUMEN, где мне предстояло решить подобную задачу. Но мой реальный мир оказался не таким уж и радужным. \nВ этой статье я рассказываю, почему одной теории для запуска продукта недостаточно, на что стоит обратить внимание молодым специалистам и с какими сложностями мне пришлось столкнуться, перед тем как выпустить продукт в продакшен. Также этот текст будет полезен тем, кто только собирается проходить стажировку в ИТ-компаниях: я поделилась ловушками, в которые попала по неопытности, и рассказала, как их избежать.",
        "data": "2022-06-02, 16:33",
        "rating": -1
    },
    {
        "title": "SMP как BaaS. Или почему я решил посмотреть на софт под иным углом",
        "description": "Всем привет. Меня зовут Владимир, я уже более 4,5 лет работаю в компании NAUMEN в должности инженера-программиста. В свободное от работы время, я создаю свои мини-проекты, в частности, мобильные приложения и игры.\nПару лет назад я делал приложение по туризму в рамках конкурса университета, но со временем данные перестали быть актуальными, а времени на поддержку не было. Я его удалил. Недавно мне пришла идея сделать проект снова, но уже с текущим уровнем знаний: делаю новое приложение-помощник для туристов внутри страны. Я задумался, как бы его реализовать и что для этого нужно.\nНадеюсь, вы понимаете, что ради такой «банальщины», статью на Хабр я бы писать не стал. Особенность моего проекта в том, что я воспользоваться программным обеспечением нашей компании не по прямому назначению. Возможно, мой опыт натолкнет вас на эксперименты и поиски нестандартных применений уже известного софта под рукой. Предлагаю вместе сравнить стандартные подходы к разработке с моим опытом и понять, стоило ли экспериментировать или нет.",
        "data": "2022-04-07, 11:25",
        "rating": 0
    },
    {
        "title": "Облака, нейросети и управление данными. Какое будущее ждет российский LegalTech?",
        "description": "Текст статьи не удалось получить",
        "data": "2022-03-04, 13:20",
        "rating": 4
    },
    {
        "title": "Гибридный офис в NAUMEN. От идеи до реализации",
        "description": "Текст статьи не удалось получить",
        "data": "2021-08-11, 14:15",
        "rating": 2
    },
    {
        "title": "Онбординг: как мы адаптируем сотрудников на удалёнке",
        "description": "Онбординг (или адаптация) сотрудников на новом месте не всегда проходит гладко, а удалёнка добавляет ещё больше сложностей. Год назад мы скептически относились к такому формату. Теперь — спокойно нанимаем сотрудников в штат по всей стране и делимся опытом с вами.\nВ статье рассказали, как готовимся к выходу сотрудника, чем занимаются новички в первый рабочий день, как помогаем адаптироваться и как оцениваем первые результаты работы.",
        "data": "2020-11-11, 11:57",
        "rating": 2
    },
    {
        "title": "Методологический скачок: от таблиц-портянок к понятному каталогу услуг в ITSM-системе",
        "description": "Если вы аналитик-внедренец ITSM-решений, то точно знаете, какой гигантский клубок информации приходится разматывать в каждом клиентском проекте. Разобраться в процессах, собрать требования, заполнить десятки документов и согласовать их… На любом из этих этапов легко попасть в ловушку данных. Спасает итеративный подход и… опыт.\n\nНа этапе проектирования в ИТ-системе клиентского каталога услуг, задач не меньше. В этой статье хотим рассказать, как мы попробовали разные подходы к созданию сервисных каталогов, почему отказались от многостраничных документов и таблиц, а также как организован процесс сейчас.",
        "data": "2020-10-14, 13:26",
        "rating": 7
    },
    {
        "title": "Как машинное обучение спасает деревья в Екатеринбурге",
        "description": "Привет, Хабр! Мы сотрудники екатеринбургского офиса NAUMEN. Делимся интересным проектом – интерактивной картой деревьев на основе нейросетевых алгоритмов. В ее создании также участвуют студенты УрФУ и волонтеры нашего города.\n\nМногие современные мегаполисы сталкиваются с проблемой недостатка зеленых насаждений, и Екатеринбург не исключение. Точечная застройка центральных районов и, как следствие, незаконные вырубки, сокращение парковых массивов не помогают улучшить ситуацию. Думаем, эта проблема знакома жителям многих российских городов. Одно из решений – создать регулярно обновляемую интерактивную карту деревьев, доступную всем. С ее помощью можно будет узнавать, сколько деревьев уже растет в городе, сколько их должно быть и в каких районах необходимы дополнительные посадки.\n\nПроводить опись зеленых насаждений вручную – долго и неэффективно. На помощь приходят современные технологии: аэрофотосъемка, изображения Street View, съемка LiDAR-систем и дронов. Среди многообразия источников данных для получения информации об объектах городской среды наиболее доступными и относительно дешевыми являются панорамные фотографии со Street View. С их помощью можно обучить нейросеть распознавать на снимках деревья, определять их геолокацию и наносить их на карту города. Как проходил этот процесс и каких результатов удалось добиться – читайте в статье.",
        "data": "2020-08-03, 16:26",
        "rating": 21
    },
    {
        "title": "Fetch — библиотека для доступа к данным",
        "description": "Fetch — это библиотека Scala для организации доступа к данным из файловых систем, БД, веб-сервисов и любых других источников, данные из которых можно получить по уникальному идентификатору. Библиотека написана в функциональном стиле и основана на Cats и Cats Effect. Предназначена для композиции и оптимизации выполнения запросов к разным источникам данных. Она позволяет:\n\nзапрашивать данные из нескольких источников параллельно;\nзапрашивать данные из одного источника параллельно;\nобъединять запросы к одному источнику в один запрос;\nпроизводить дедупликацию запросов в каждой из перечисленных ситуаций;\nкэшировать результаты запросов.\n\nДля этого в библиотеке предоставляются средства, которые позволяют писать чистый бизнес-код без низкоуровневых конструкций для осуществления перечисленных оптимизаций.\nВ примерах используется последняя на момент написания версия Fetch — 1.3.0.",
        "data": "2020-07-24, 11:04",
        "rating": 2
    },
    {
        "title": "Если у Вас нет Питона, но есть Керас-модель и Джава",
        "description": "Всем привет! В построении ML-моделей Python сегодня занимает лидирующее положение и пользуется широкой популярностью сообщества Data Science специалистов [1].\n\nТакже, как и большинство разработчиков, Python привлекает нас своей простотой и лаконичным синтаксисом. Мы используем его для решения задач машинного обучения при помощи искусственных нейронных сетей. Однако, на практике, язык продуктовой разработки не всегда Python и это требует от нас решения дополнительных интеграционных задач.\n\nВ этой статье расскажу о тех решениях, к которым мы пришли, когда нам потребовалось связать Keras-модель языка Python с Java.\n\nЧему уделим внимание:\n\nОсобенностям связки Keras модели и Java;\nПодготовке к работе с фрейворком DeepLearning4j (сокращенно DL4J);\nИмпорту Keras-модели в DL4J (осторожно, раздел содержит множественные инсайты) — как регистрировать слои, какие есть ограничения у модуля импорта, как проверить результаты своих трудов.\n\nЗачем читать?\n\nЧтобы сэкономить время на старте, если перед вами будет стоять задача похожей интеграции;\nЧтобы узнать, подходит ли вам наше решение и можете ли вы переиспользовать наш опыт.",
        "data": "2019-11-12, 10:44",
        "rating": 9
    },
    {
        "title": "Принципы документирования и локализации, или как получить хорошую локализацию минимальными затратами",
        "description": "Всем привет!\n\nМеня зовут Денисов Александр. Я работаю в компании Naumen и отвечаю за документирование и локализацию программного продукта Naumen Contact Center (NCC).\n\nВ этой статье расскажу о тех проблемах, с которыми мы сталкивались при локализации NCC на английский и немецкий языки и о том, как мы решали эти проблемы. Конечно, на сегодняшний день мы решили далеко не все свои задачи и, скорее всего, этот процесс вообще бесконечен. В статье рассматривается видение всего процесса в целом и те принципы, которым мы стараемся придерживаться или которые начинаем пробовать применять. Материал будет полезен тем, кто только начинает проектировать ПО, планирует его локализацию или уже сталкивается с проблемами, но пока не знает как их решить.",
        "data": "2019-11-01, 13:43",
        "rating": 8
    },
    {
        "title": "Пять причин пойти на JUG.EKB",
        "description": "Прошел год, как на Хабре вышла статья, что такое JUG.EKB. За это время сообщество выросло, но мы по-прежнему храним тёплые традиции, где главной целью является объединение Java-разработчиков. Поэтому с радостью сообщаем, что JUG.EKB уже на носу и пройдет 12 сентября.\n\nНиже приведем пять причин, почему стоит посетить это мероприятие :)",
        "data": "2019-09-04, 14:22",
        "rating": 5
    },
    {
        "title": "Обзор открытых решений для исправления опечаток",
        "description": "У каждого пользователя когда-либо были опечатки при написании поисковых запросов. Отсутствие механизмов, которые исправляют опечатки, приводит к выдаче нерелевантных результатов, а то и вовсе к их отсутствию. Поэтому, чтобы поисковая система была более ориентированной на пользователей, в неё встраивают механизмы исправления ошибок.\n\n\n\nЗадача исправления опечаток, на первый взгляд, кажется довольно несложной. Но если отталкиваться от разнообразия ошибок, реализация решения может оказаться трудной. В целом, исправление опечаток разделяется на контекстно-независимое и контекстно-зависимое (где учитывается словарное окружение). В первом случае ошибки исправляются для каждого слова в отдельности, во втором – с учетом контекста (например, для фразы «она пошле домой» в контекстно-независимом случае исправление происходит для каждого слова в отдельности, где мы можем получить «она пошел домой», а во втором случае правильное исправление выдаст «она пошла домой»).",
        "data": "2019-08-15, 14:06",
        "rating": 10
    },
    {
        "title": "Как в офисе показать ценности компании (без плакатов и лозунгов)",
        "description": "Naumen начался в 2001 году с шести сотрудников. Компания арендовала небольшой офис в жилом доме в Екатеринбурге. А сейчас, в 2019, наш основной офис разработки занимает 4 этажа в бизнес-центре: у нас есть переговорки на любой вкус, учебный класс, спортивная комната, просторная кухня, кофе-поинты и крытый паркинг для велосипедов.\n\nВообще Naumen живет не только в Екатеринбурге. У нас есть офисы в Москве, Санкт-Петербурге, Твери и Челябинске. Мы стараемся все офисы делать в одном стиле, чтобы сотрудник, приезжая в командировку, чувствовал себя комфортно и легко адаптировался.\n\nО том, как изменили офис в Екатеринбурге в прошлом году под потребности сотрудников и под рост на 20% в год, мы и расскажем.",
        "data": "2019-04-11, 14:20",
        "rating": 20
    },
    {
        "title": "Как внедрить унифицированные процессы с учетом всех особенностей компании?",
        "description": "С выходом ITIL v4 хотелось бы отдать дань уважения великой методологии и рассказать об российском ITSM-опыте, для чего и как его применять в сегодняшних условиях компаниям, идущим по пути цифровых преобразований.\n\nДля последовательного раскрытия обозначенной темы в предлагаемой статье применяется один из любимых приемов авторов – «4П».",
        "data": "2019-03-26, 14:09",
        "rating": 15
    },
    {
        "title": "[Екатеринбург, анонс] Митап для Java-разработчиков",
        "description": "Мы уже писали, что такое JUG.EKB и зачем проводим митапы для Java-разработчиков. Сегодня анонсируем очередную встречу.",
        "data": "2019-02-07, 10:37",
        "rating": 12
    },
    {
        "title": "Зачем мы болеем за спортивное программирование",
        "description": "На протяжении восьми лет Naumen активно занимается образовательными программами, в частности, поддерживает олимпиады по спортивному программированию. Сегодня расскажем, как изменилось АСМ-движение и почему оно нам интересно.\n\nОтметим сразу, что мы не будем писать про спортивное программирование как интеллектуальный вид спорта (соревнования бывают командные и личные), нам интересно ACM ICPC — международная командная студенческая олимпиада по спортивному программированию. Часто эти понятия путают даже участники олимпиад.",
        "data": "2019-01-17, 11:01",
        "rating": 9
    },
    {
        "title": "Правила джентльменского поведения в IT: история ITIL",
        "description": "В начале 2019 года библиотеку инфраструктуры информационных технологий ITIL ждет самое серьёзное обновление с 2011. Уже почти 30 лет ею пользуются по всему миру — и в частном бизнесе, и в государственных структурах. Вспомним, для чего ITIL создали и как она менялась.",
        "data": "2018-10-14, 13:59",
        "rating": 20
    },
    {
        "title": "JUG.EKB: объединяем с помощью митапов Java-разработчиков",
        "description": "Naumen провел очередную встречу Java-сообщества Екатеринбурга – JUG.EKB. Митап прошел 13 сентября, в День программиста. Это уже 11-я встреча.",
        "data": "2018-09-27, 10:08",
        "rating": 11
    },
    {
        "title": "Что почитать об ITSM: книги, блоги и свежие статьи",
        "description": "Сегодня об ITSM и ITIL пишут все чаще — в том числе крупные площадки вроде Forbes и TechRadar. Охватить все многообразие источников и публикаций физически невозможно.\n\nПотому мы подготовили для вас дайджест, в котором собрали наиболее интересные ресурсы, посвященные внедрению ITSM в компаниях разных «калибров». Это — книги и статьи про управление услугами, а также личные блоги ITSM-экспертов.",
        "data": "2018-09-16, 20:24",
        "rating": 16
    },
    {
        "title": "[Екатеринбург, анонс] Митап по Java — JUG.EKB",
        "description": "Каждые полгода NAUMEN проводит митапы для разработчиков Java – JUG.EKB. Очередная встреча пройдет 13 сентября.\n\nМы выбрали эту дату, потому что 13 сентября – это 256 день в этом году! А когда еще собраться на митап, если не в свой профессиональный праздник? Когда, как не в этот день, послушать доклады, задать вопросы спикерам, обсудить с коллегами сложности в работе, получить совет или самому помочь кому-то в решении задачи, а потом вместе остаться на афтепати?",
        "data": "2018-08-29, 08:57",
        "rating": 4
    },
    {
        "title": "История развития колл-центров, или как технологии изменили работу операторов с клиентами",
        "description": "Принято считать, что колл-центры — это просто залы, в которых за компьютерами сидят операторы и общаются с клиентами по телефону. Отчасти это правда, однако агенты современных контактных центров используют большее число каналов для взаимодействия с пользователями (например, мессенджеры и социальные сети). При этом все чаще в работе им помогают современные технологии, в том числе алгоритмы машинного обучения и анализа данных.\n\nКогда появились первые контактные центры, что изменилось с момента их первого появления и какое отношение к «эволюции колл-центров» имеют системы искусственного интеллекта (ИИ), расскажем далее.",
        "data": "2018-06-28, 14:00",
        "rating": 13
    },
    {
        "title": "Есть С.Л.О.Н.а по частям. Внедрить ITAM и не подавиться (Часть 2)",
        "description": "Универсальной последовательности этапов внедрения ITAM не существует. Но выделяется костяк, который может подойти большинству компаний. Не вошедшие в «скелет» проекта процессы становятся индивидуальными особенностями реализации.\n\nВ предыдущей публикации я делился опытом:\n\nс чего лучше начать внедрение ITAM-решений;\nна что опереться при выборе модели управления ИТ-активами;\nв чем особенности базовых этапов внедрения.\n\nВ этой статье хочу продолжить тему и рассказать:\n\nкак построить ресурсно-сервисную и ресурсно-финансовую модели учета ИТ-активов;\nкакова специфика управления лицензиями и поставщиками;\nкаковы точки роста.",
        "data": "2018-06-20, 13:07",
        "rating": 15
    },
    {
        "title": "Технические конференции для самих себя: наш опыт, ошибки и достижения",
        "description": "В Naumen мы сами организуем техническую конференцию. Мы назвали ее Devel Camp (от «developer»). Для наших сотрудников она стала хорошей альтернативой открытым профессиональным конференциям.\n\nОсновное отличие внутренней конференции от открытой – мы обмениваемся мнениями о том, что относится только к нашей компании. Если какие-либо технологии и процессы обсуждаются, значит, это уже используется у нас или может быть применено (по мнению наших сотрудников, а не внешних экспертов).\n\nНа конференциях другого формата участники обычно боятся показать себя или свою компанию недостаточно продвинутой или компетентной. На Devel Camp это неактуально – мы максимально открыто обсуждаем все, что происходит в компании.\n\nИ, конечно, у нас нет явной или завуалированной под доклады рекламы.\n\nДействительно ли нужны внутренние конференции? В чем профит для сотрудников, докладчиков, организаторов и компании? Как подобрать доклады и сделать конференцию интересной? Мы надеемся, что наш опыт может быть полезен для вас.",
        "data": "2018-06-13, 15:02",
        "rating": 14
    },
    {
        "title": "Есть С.Л.О.Н.а по частям. Внедрить ITAM и не подавиться",
        "description": "Выступал на конференции «ITAM & SAMday 2018» (IT Asset Management и Software Asset Management). Основной вектор дискуссии – обмен опытом в построении моделей управления ИТ-активами в компаниях самых разных отраслей.\n\nПоделюсь тезисами доклада и затрону вопросы:\n\nс чего начать внедрение процессов управления ИТ-активами;\nиз каких шагов оно состоит.\n\nНе раз в проектах приходилось сталкиваться с идеалистическим подходом, когда стремятся работать по принципу «внедряем всё и сразу». Практика показывает, что с многофункциональными ИТ-системами это сложновыполнимая задача.\n\nВсегда предлагаю есть «слона» по частям, поэтапно.",
        "data": "2018-06-08, 12:16",
        "rating": 4
    },
    {
        "title": "Управление ИТ-активами: как мифы влияют на проекты (Часть 2)",
        "description": "При внедрении ITAM-решений часто приходится сталкиваться с различными мифами. Чтобы проект был успешен, важно разобраться в природе этих ложных представлений клиента, снять все открытые вопросы, избавиться от ненужных заблуждений или убедиться, что это не миф.\n\nВ предыдущей статье мною рассмотрены несколько вопросов-мифов:\n\nо гарантированности актуальной информации об ИТ-активах за счет автоматической инвентаризации;\nнеобязательной связи с ITSM-системой;\nоб отсутствии влияния управления ИТ-активами на Каталог Услуг и др.\n\nСегодня разберу следующую порцию мифов, которые накоплены в ходе реализации проектов по автоматизации процессов управления ИТ-активами.",
        "data": "2018-04-09, 11:54",
        "rating": 7
    },
    {
        "title": "Управление ИТ-активами: как мифы влияют на проекты",
        "description": "Все счастливые проекты похожи друг на друга, каждый несчастливый проект несчастлив по-своему.\n\n6 лет занимаюсь внедрением и автоматизацией бизнес-процессов, из них 3 года – внедрением ITAM-решений. В проектах по автоматизации процессов управления ИТ-активами постоянно боремся с различными мифами.\n\nПрирода этих заблуждений самая разная: непонимание методологии, технических аспектов, ошибки в построении взаимосвязей процессов, неоправданные ожидания и пр.\n\nРассмотрим эти мифы подробнее, попробуем развеять их или подтвердить.",
        "data": "2018-03-26, 12:49",
        "rating": 15
    },
    {
        "title": "Анонс четвертой встречи Java User Group Севастополь",
        "description": "Добрый день!\n\nJUG.SEV — это сообщество java-разработчиков Севастополя. Мы регулярно проводим встречи, на которых вы можете обсудить различные технологии из мира Java, обменяться опытом, а также просто интересно провести время!\nНаш сайт jugsev.ru и сообщество в ВК.\n\nПриглашаем всех java-разработчиков на четвертую встречу JUG.SEV!",
        "data": "2016-04-05, 10:45",
        "rating": 3
    },
    {
        "title": "Анонс шестой встречи Java User Group EKB",
        "description": "Привет, Хабр!\n\nJUG.EKB — Java User Group Екатеринбурга, на встречах JUG.EKB мы обсуждаем различные технологий из мира Java, делимся опытом и пьем кофе во имя Java!\nМы регулярно проводим встречи JUG.EKB с лекциями Java экспертов на самые интересные темы (и да, мы записываем видео каждой встречи!).\nНаш сайт jugekb.ru, сообщество в ВК — vk.com/jugekb.\n\nПриглашаем всех java разработчиков на шестую встречу JUG.EKB!",
        "data": "2016-01-18, 09:16",
        "rating": 7
    },
    {
        "title": "Анонс третьей встречи Java User Group Севастополь",
        "description": "Добрый день!\n\nJUG.SEV — это сообщество java-разработчиков Севастополя. Мы регулярно проводим встречи, на которых вы можете обсудить различные технологии из мира Java, обменяться опытом, а также просто интересно провести время!\nНаш сайт jugsev.ru, сообщество в ВК — vk.com/jugsev\n\nПриглашаем всех java-разработчиков на третью встречу JUG.SEV!",
        "data": "2015-09-07, 16:28",
        "rating": 2
    },
    {
        "title": "Анонс пятой встречи Java User Group EKB",
        "description": "Привет, Хабр!\n\nJUG.EKB — Java User Group Екатеринбурга, на встречах JUG.EKB мы обсуждаем различные технологий из мира Java, делимся опытом и пьем кофе во имя Java!\nМы регулярно проводим встречи JUG.EKB с лекциями Java экспертов на самые интересные темы.\nНаш сайт jugekb.ru, сообщество в ВК — vk.com/jugekb.\n\nПриглашаем всех java разработчиков на пятую встречу JUG.EKB.",
        "data": "2015-09-02, 11:07",
        "rating": 11
    },
    {
        "title": "Реактивный мессенджер, или CQRS и ES вместе с Akka и Scala",
        "description": "В последнее время мы часто слышим о реактивном программировании и видим различные баззворды: message-driven архитектура, event-sourcing, CQRS. К сожалению, на Хабре об этом пишут довольно мало, поэтому я решил исправить ситуацию и поделиться своими знаниями со всеми желающими.\n\nВ этой статье мы узнаем об основных особенностях реактивных приложений, рассмотрим, как паттерны CQRS и EventSourcing помогут нам в их создании, а чтобы не было скучно, мы с вами шаг за шагом сделаем свой мессенджер с вебсокетом и акторами, соответствующий всем канонам реактивного программирования. Для реализации всего этого добра, мы будем использовать замечательный язык Scala вместе с не менее превосходной библиотекой Akkа, реализующей модель акторов. Еще, мы будем использовать Play Framework для написания веб-составляющей нашего приложения. Итак, приступим.\n\nСтатья предназначена для тех, кто уже знаком со Scala и слышал о модели акторов. Все остальные тоже приглашаются к прочтению, принципы реактивного программирования можно применять вне зависимости от языка и фреймворка.",
        "data": "2015-05-07, 13:41",
        "rating": 20
    },
    {
        "title": "Анонс четвертой встречи Java User Group EKB",
        "description": "Привет, Хабр!\n\nJUG.EKB — Java User Group Екатеринбурга, на встречах JUG.EKB мы обсуждаем различные технологий из мира Java, делимся опытом и пьем кофе во имя Java!\nМы регулярно проводим встречи JUG.EKB с лекциями Java экспертов на самые интересные темы.\nНаш сайт jugekb.ru, сообщество в ВК — vk.com/jugekb.\n\nПриглашаем всех java разработчиков на четвертую встречу JUG.EKB.",
        "data": "2015-04-30, 08:43",
        "rating": 12
    },
    {
        "title": "Анонс второй встречи Java User Group Севастополь",
        "description": "Добрый день!\n\nJUG — Java User Group, встречи JUG.SEV — это обсуждение различных технологий из мира Java, обмен опытом, а также просто интересное общение в Севастополе! Мы регулярно проводим встречи JUG.SEV с лекциями Java экспертов на самые интересные темы.\nНаш сайт jugsev.ru, сообщество в ВК — vk.com/jugsev\n\nПриглашаем всех java-разработчиков на вторую встречу JUG.SEV!\n\n\n\nПрограмма встречи:",
        "data": "2015-03-02, 11:25",
        "rating": 11
    },
    {
        "title": "Анонс третьей встречи Java User Group EKB",
        "description": "Привет, Хабр!\n\nJUG.EKB — Java User Group Екатеринбурга, на встречах JUG.EKB мы обсуждаем различные технологий из мира Java, делимся опытом и пьем кофе во имя Java!\nМы регулярно проводим встречи JUG.EKB с лекциями Java экспертов на самые интересные темы.\nНаш сайт jugekb.ru, сообщество в ВК — vk.com/jugekb.\n\nПриглашаем всех java разработчиков на третью встречу JUG.EKB.",
        "data": "2014-10-31, 09:33",
        "rating": 7
    },
    {
        "title": "Анонс первой встречи Java User Group Севастополь",
        "description": "Добрый день!\n\nСейчас Севастополь активно развивается как ИТ-центр. Мы решили поддержать java-программистов и организовать java-сообщество в Севастополе, как место для обмена опытом и техническими идеями, приятное общение среди своих и, конечно, помочь развитию ИТ-образования в регионе.",
        "data": "2014-10-14, 14:47",
        "rating": 2
    },
    {
        "title": "Состоялась вторая встреча сообщества JUG.EKB",
        "description": "29 июля представители Java сообщества собрались уже во второй раз, для того, чтобы пообщаться в неформальной обстановке и обменяться опытом. Площадкой для мероприятия стал уютный коворкинг «Соль», с настоящими домашними тапочками, пуфиками и угощениями. Партнером мероприятия выступила компания Naumen.\n\nНапоминаем, JUG – это Java User Group, встречи JUG.EKB — это обсуждение различных технологий из мира Java, обмен опытом, а также просто интересное общение!\n\nВниманию слушателей были представлены два доклада:\nХитрин Андрей, компания Naumen, с докладом «Оковы тяжкие падут: как перевести сборку проекта с Ant на Gradle?»\nРоман Елизаров, специально приглашенный гость из Санкт-Петербурга, компания Devexperts, с докладом «Миллионы котировок в секунду на чистой Java».\nДоклады вызвали волну вопросов, так, что их обсуждение продолжилось даже на афтепати. Также с успехом прошла серия коротких докладов — lightning talks\n\nОзнакомиться с докладами подробнее можно на сайте jugekb.ru, а фото с мероприятия в группе ВКонтакте vk.com/jugekb?z=album-61807294_199836894\n\nЕсли у кого-то не получилось прийти, мы выложим видео на сайте или в группе ВК.\nС нетерпением ждем Вас на следующей встрече JUG.EKB!",
        "data": "2014-08-07, 10:15",
        "rating": 4
    },
    {
        "title": "Перетягивание «Верблюда» или интеграция средствами Camel. Часть 2",
        "description": "Сценарии интеграции с Apache Camel\n\n\nСколько вы знаете шаблонов интеграции приложений(EIP)? Сколько из них вы можете использовать?\n\nСимпатичный «верблюд» снова здесь, а значит, представляю вам продолжение серии статей об Apache Camel. В этой статье найдутся как самые необходимые, так и очень любопытные шаблоны интеграции. Расскажу о том, как они ложатся на нашу интеграцию.\n\nЕсли вы знакомы с шаблонами, но решаете стоит ли связываться с «верблюдом», то наши примеры помогут разобраться. Если вам интересен путь от сценариев использования к реализации интеграции, то эта статья как раз об этом. Прошу под кат.",
        "data": "2014-08-01, 16:04",
        "rating": 11
    },
    {
        "title": "Gson или «Туда и Обратно»",
        "description": "Недавно мне пришлось поработать с библиотекой Google Gson, предназначенной для преобразования Java-объектов в текстовый формат JSON (сериализация) и обратного преобразования (десереализация). Часто при работе с Gson хватает стандартных настроек библиотеки, но бывают случаи (в том числе мой), когда необходимо кастомизировать процессы преобразований.\n\nПоработав с Gson, я решил написать этот туториал, который иллюстрирует принципы работы с библиотекой на примере. Пост получился сравнительно длинный, но дробить его не хочется из-за логической связности повествования.\n\nДля начала нужно выбрать какую-нибудь предметную область. Скажем, не знаю, почему-то приходят в голову мысль про отряд гномов. Собственно, почему бы и нет?",
        "data": "2014-08-01, 14:56",
        "rating": 26
    },
    {
        "title": "Перетягивание «Верблюда» или интеграция средствами Camel. Часть 1",
        "description": "История одного проекта.\n\n\nВам когда-нибудь снились верблюды? Вот и мне тоже нет. Но, когда работаешь с Camel-ом уже третий год, начинают сниться не только верблюды.\nВ общем, буду делиться опытом, писать о верблюдах и учить вас их готовить. Это серия статей в трёх частях: первая часть будет для тех, кому интересны истории и муки творчества; вторая — больше техническая, о паттернах интеграции, их применении и третья часть — об ошибках и отладке.\nЕсли вам нужно объединить ваши сервисы, здесь вы узнаете, чем хорош Camel. Если вы хотите научиться использовать что-нибудь новенькое, здесь мы начнём с азов. Если вам нравятся истории и оригинальные фишки, которые есть в каждой команде, то читайте дальше.",
        "data": "2014-07-23, 11:55",
        "rating": 16
    },
    {
        "title": "Анонс второй встречи Java User Group Екатеринбург",
        "description": "Привет, Хабр!\n\nJUG — Java User Group, встречи JUG.EKB — это обсуждение различных технологий из мира Java, обмен опытом, а также просто интересное общение!\nМы регулярно проводим встречи JUG.EKB с лекциями Java экспертов на самые интересные темы.\nНаш сайт jugekb.ru, сообщество в ВК — vk.com/jugekb.\n\nПриглашаем всех java разработчиков на вторую встречу JUG.EKB.",
        "data": "2014-07-21, 12:59",
        "rating": 1
    },
    {
        "title": "Naumen выступил партнером конференции PyСon Russia 2014",
        "description": "В первые рабочие дни лета представители IT-сообщества, которые увлекаются разработкой на Python, встретились на конференции PyCon Russia 2014. Вместо морозной уральской зимы – в этот раз непредсказуемое уральское лето. Мероприятие проходило на базе отдыха «Иволга» 2-3 июня, недалеко от г. Екатеринбурга.\n\nУчастниками конференции стали не только наши соотечественники, но и иностранные гости. Доклады были как на русском, так и английском языках, также были проведены воркшопы, круглые столы и уже полюбившиеся всем на этой конференции lightning talks.\n\nПрограммным директором конференции выступил наш коллега — Патрушев Антон:\n«Хочу немного рассказать про саму идею создания конференции PYCON.RU.\nКогда мы начинали планировать российскую конференцию, за моими плечами уже было посещение нескольких украинских конференций, где около 30% участников были из России. В 2010-2011г в Киеве на afterparty давно поднимали вопрос с активными участниками Russian python community о создании аналогичного мероприятия в России. В конце 2011-начале 2012 IT-people поддержали идею проведения данного мероприятия. Мы воодушевились и провели несколько локальных python мероприятий ekbpy.ru). Далее поняли, что нам по силам организовать и большую конференцию.\nВ этом году мы решили сменить сезон и провести конференцию летом. Такой же выездной формат на 2 дня, как и в прошлый раз.\nВ программе этого года я в основном занимался докладчиками из России. Подход у нас не сильно отличается от других конференций. Объявляем набор и параллельно предлагаем всем известным и крутым докладчикам выступить на PYCON.RU. В этом году нам удалось привезти сразу несколько Python Core Developer's. Думаю, что общение с ними принесло не мало пользы участникам конференции.\nЧто можно сказать про последний Pycon? С уверенностью можно сказать, что все получилось отлично. Хотя не обошлось без проблем и трудных задач. В этот раз мы встретились со сложностями, приглашая иностранных докладчиков, думаю, всем известна текущая политическая ситуация.\nВ целом, по субъективным ощущениям, доклады в этом году были на высоком уровне. Также аудитория проявляла значительный интерес к мастер-классам. Для тех, кто был на конференции во второй раз, она стала местом встречи с уже знакомыми людьми из различных уголков нашей (и не только) страны. Успех первой конференции можно считать случайностью, нынешней – совпадением. Чтобы превратить это в закономерность, надо постараться. Поэтому в подготовке следующего PYCON мы хотим гораздо больше времени уделить подготовке контента. Это задачей нужно начинать заниматься уже сейчас.»\n\nНа Pycon всегда много развлечений и подарков от партнеров, каждый может найти занятие на вечер первого дня. Naumen традиционно выступает партнером Pycon. В этот раз было проведено несколько PR-акций, которые прошли во время кофе-брейков и afterparty. Участники наслаждались прохладительными напитками от Naumen: соки, морсы, холодный кофе, имели возможность запечатлеть яркие моменты с помощью фотобудки. А самых сильных и умелых вечером ждал «Веревочный курс», где каждый ненадолго мог почувствовать себя настоящим укротителем веревки.\n\nВсем спасибо за жаркое начало лета, увидимся на следующем Pycon.ru!",
        "data": "2014-07-11, 10:14",
        "rating": 4
    },
    {
        "title": "Опыт получения международного значка, или зачем сертифицировать ПО",
        "description": "«Раньше это был просто значок, который при желании могла получить любая ITSM-система, лишь бы соответствовала процессам ИТИЛ» (цитата с одного форума)\n\nДа, именно такие расхожие мнения можно услышать при обсуждении новости о получении сертификата производителем программного обеспечения или всего процесса сертификации ПО в целом. Хочется надеяться, что со временем таких реплик станет меньше, а ценность международного признания качества ПО в нашей стране возрастет. Этот небольшой рассказ об уникальном проекте международной сертификации нашего ПО: о его предпосылках и ключевых этапах с цифрами, о некоторых сложностях и итоговых результатах.",
        "data": "2014-06-09, 11:25",
        "rating": 6
    },
    {
        "title": "Анонс первой встречи Java User Group EKB",
        "description": "Привет, Хабр!\n\nНесмотря на то, что в Екатеринбурге на java разрабатывает далеко не одна компания, java комьюнити отсутствует. Но когда тебе чего-то не хватает, то нужно просто взять и сделать это. Так, просмотрев очередную встречу JUG.ru, окончательно стало ясно, что Екатеринбургу нужно место, где java разработчики могут встретиться, обсудить новости java технологий, поговорить про внутренности java, да и просто пообщаться!\n\nТак родилось JUG.EKB — cообщество Java разработчиков Екатеринбурга.",
        "data": "2014-04-30, 09:07",
        "rating": 4
    },
    {
        "title": "Асинхронный HTTP в Play Framework",
        "description": "При написании собственных веб-приложений часто возникают такие ситуации, в которых приходится делать выбор между синхронным и асинхронным выполнением запросов. С одной стороны, идея синхронной работы выглядит вполне логичной: мы запускаем некоторый процесс, дожидаемся его завершения и после этого продолжаем работу. Но на деле такой подход хорош только в случае простых вычислений. Представьте, что в процессе выполнения вам нужно, к примеру, сделать сложный запрос к базе данных — а то и, еще лучше, отправить запрос к другому серверу и дождаться от него результатов. В этом случае дальнейшая работа потока будет остановлена на довольно продолжительное время — а это, понятное дело, далеко не всегда является приемлемым. Именно в таких случаях на помощь приходят асинхронные запросы. Давайте посмотрим, как работа с ними реализована в Play framework.",
        "data": "2014-04-17, 16:42",
        "rating": 20
    },
    {
        "title": "DSL на Scala для работы с Нtml-формами",
        "description": "Наверняка многим из вас знаком процесс создания и обработки HTML форм. Возможно, для типичного веб-приложения он вполне тривиален, но если вы работаете в корпоративном секторе, ситуация складывается немного иначе. Формы создания или редактирования клиентов, документов и многого другого становятся ежедневной рутиной. Java фреймворки, развиваясь, предлагают все более удобные API и компоненты для работы с ними. Но даже несмотря на это, многие наверняка задумывались, нельзя ли сделать работу с формами чуточку удобнее.\nВ первую очередь, конечно, хотелось бы, чтобы фреймворк максимально облегчал следующие задачи:\nопределение свойств полей формы, таких как тип, заголовок или валидность;\nобработка данных формы после ее отправки;\nрендеринг формы.\n\nПричем, желательно, чтобы многие ошибки обнаруживались бы еще на стадии компиляции.\n\nВ этой статье я опишу процесс создания собственного DSL на языке Scala, а затем покажу, как новый способ описания форм применить в контексте Play Framework 2.",
        "data": "2013-12-23, 11:53",
        "rating": 14
    },
    {
        "title": "Создаем свое AppStore для распространения по программе iOS Enterprise Distribution",
        "description": "В developer подписках Apple есть возможность разрабатывать приложения для внутрикорпоративного использования. При этом приложения не проходят проверку со стороны Apple и не обязаны «светится» в AppStore. Всё выше сказанное относится и к Ad Hoc приложениям, они принципиально ничем не отличаются, разве что временем жизни после создания.\n\nДля распространения приложения хотелось решить задачи:\nпользователь самостоятельно мог установить приложение на свое устройство\nтолько авторизированный пользователь мог устанавливать приложение\nпростая публикация приложения на сервере",
        "data": "2013-12-13, 07:28",
        "rating": 11
    }
]