[
    {
        "title": "Пирамида наоборот: как делегировать ответственность в распределенной команде",
        "description": "Текст статьи не удалось получить",
        "data": "2023-05-31, 11:00",
        "rating": 3
    },
    {
        "title": "Как мы разработали российскую систему предбиллинга на замену решениям HP и Oracle",
        "description": "Текст статьи не удалось получить",
        "data": "2023-05-10, 11:10",
        "rating": 4
    },
    {
        "title": "Как мы посредством динамического троттлинга защищаем  миллионы клиентов от перегрузок",
        "description": "Текст статьи не удалось получить",
        "data": "2023-04-28, 10:27",
        "rating": 4
    },
    {
        "title": "Сколько стоит kapt в многомодульном проекте",
        "description": "При выборе технологий зачастую всплывает такой аргумент, как долгая сборка из-за генерации кода. При этом редко кто оперирует точными цифрами. Давайте на примере мобильного приложения Yota разберёмся, чего нам стоит генерация кода через kapt.\n\nСпойлер. Я был шокирован цифрами.",
        "data": "2022-11-28, 15:14",
        "rating": 3
    },
    {
        "title": "Как мы создаем приложение на основе микросервисной архитектуры, с какими особенностями сталкиваемся и как их обходим",
        "description": "Текст статьи не удалось получить",
        "data": "2022-09-21, 17:07",
        "rating": 7
    },
    {
        "title": "Кейс из практики: как я перестал пропускать обед и нормировал свой рабочий день",
        "description": "Текст статьи не удалось получить",
        "data": "2022-08-18, 16:16",
        "rating": 4
    },
    {
        "title": "Красная и синяя таблетки для повышения баc-фактора команды разработки",
        "description": "Как найти слабые места в команде?\nКак не допустить выгорания человека, на котором все держится?\nКого искать на место бывшего коллеги?\nЧто делать, если временно подключились аутсорсеры и после унесли все знания с собой?\n\nВ этой статье хочу рассказать, какие ответы получила наша команда.",
        "data": "2022-06-20, 22:38",
        "rating": 2
    },
    {
        "title": "Apache Camel: direct для новичков",
        "description": "Текст статьи не удалось получить",
        "data": "2022-04-19, 13:32",
        "rating": 0
    },
    {
        "title": "NX QA Meetup #14: (Не)адекватное code review автотестов и тестирование модуля расчета прав",
        "description": "Текст статьи не удалось получить",
        "data": "2020-11-16, 18:23",
        "rating": -1
    },
    {
        "title": "NX Java Meetup #15: Haskell-flavored Java",
        "description": "Текст статьи не удалось получить",
        "data": "2020-10-28, 15:52",
        "rating": 3
    },
    {
        "title": "NX Bootcamp: старт 15 октября",
        "description": "Текст статьи не удалось получить",
        "data": "2020-10-14, 15:56",
        "rating": 3
    },
    {
        "title": "23 июня — NX Analyst Meetup #3. Обсудим интервью с заказчиками и работу со сложными клиентами",
        "description": "Пока большинство IT-специалистов продолжают работать удаленно, мы продолжаем проводить онлайн-митапы.\n\nС Валентиной Алексеевой поговорим о том, как подготовиться к интервью с заказчиком, чтобы он ощущал, что его понимают с полуслова, а у аналитика после встречи были все необходимые требования. Вместе с Анной Храмцовой обсудим, как работать со сложными клиентами. По итогам докладов можно будет задать спикерам вопросы.",
        "data": "2020-06-16, 11:15",
        "rating": 0
    },
    {
        "title": "27 февраля — старт проекта для студентов NX Bootcamp в Новосибирске",
        "description": "Проект для студентов IT-специальностей NX Bootcamp теперь не только в Санкт-Петербурге, но и в Новосибирске!",
        "data": "2020-02-25, 07:30",
        "rating": 3
    },
    {
        "title": "NX Analyst Meetup #1: «Strategy Analysis. Просто скажи «нет» и «Творцы продуктов. Как возникают идеи»",
        "description": "Мы запускаем регулярные митапы по аналитике в Nexign. Первая встреча состоится 18 декабря в петербургском офисе Nexign.",
        "data": "2019-12-17, 17:50",
        "rating": 2
    },
    {
        "title": "Job Offer in 1 Day: как мы проводили собеседования и давали обратную связь в тот же день",
        "description": "Первую такую акцию мы провели в июне 2019. В компании появилось много задач на Java и поэтому срочно требовались Java-разработчики. Так и возникла идея NX Job Offer in 1 Day.",
        "data": "2019-10-30, 15:33",
        "rating": 2
    },
    {
        "title": "NX Bootcamp стартует в октябре",
        "description": "Мы запускаем новый проект для студентов IT-специальностей из Петербурга – NX Bootcamp!\n\nУчишься на 3-4 курсе? Хочешь работать в крупной IT-компании, но не хватает навыков и опыта? Тогда NX Bootcamp для тебя! Мы знаем, чего хотят лидеры рынка от Junior’ов, и разработали программу подготовки студентов для работы в крупных проектах.",
        "data": "2019-09-13, 17:52",
        "rating": 14
    },
    {
        "title": "Как не утонуть в море технологий и подходов: опыт 50 экспертов",
        "description": "Как тимлид, я хочу поддерживать широкий кругозор. Вокруг множество источников информации, книг, которые интересно прочитать, но не хочется тратить время на ненужные. И я решил узнать, как коллеги выживают в потоке информации и за счет чего поддерживают себя в тонусе. Для этого опросил 50 ведущих экспертов, с которыми мы работали на разных проектах. Это были разработчики, тестировщики, аналитики, архитекторы, специалисты hr, devops, внедрения и сопровождения, менеджеры среднего и высшего звена.\n\n\n\nОживленные дискуссии предоставили кучу материала. Опишу здесь лишь то, что осталось у меня в голове и пройдусь по верхам.",
        "data": "2019-08-26, 14:51",
        "rating": 12
    },
    {
        "title": "NX JAVA meetup #14: исследование производительности на проде, плюсы и минусы Spark в решениях на основе Cassandra",
        "description": "Привет!\n\n29 августа в петербургском офисе Nexign пройдет java-митап.\n\nНачало в 19:30.\n\nБольше подробностей и ссылка на регистрацию — под катом.",
        "data": "2019-08-19, 17:38",
        "rating": 11
    },
    {
        "title": "Есть работа в RnD, или как уйти от монотонных и мелких задач",
        "description": "Недавно мы решили выделить RnD-активности Nexign (ранее «Петер-Сервис») в отдельное подразделение, распределенное по трем городам России — Москве, Санкт-Петербургу и Новосибирску. С тех пор мы активно ищем для него новых профессионалов, которые будут определять облик наших основных решений в будущем. В этом посте мы подробно расскажем о том, как работает RnD Nexign и кого мы очень ждем в нашей команде.",
        "data": "2018-05-11, 10:46",
        "rating": 22
    },
    {
        "title": "Стажировка для атипичных программистов",
        "description": "Стажировки для студентов есть во многих IT-компаниях (Nexign — ранее «Петер-Сервис» — не исключение). Само собой очевидно, что большинство стажёров рассчитывает на дальнейшее трудоустройство в штат. Но как представляют себе дальнейшую работу будущие IT-профи и насколько эти представления совпадают с ожиданиями компании — и современной действительностью?\n\nДело в том, что представления многих вчерашних выпускников с небольшим опытом работы (либо вовсе без оного) о том, каким должен быть «настоящий» программист, зачастую отстают от реальности на порядочное количество лет. На практике же портрет IT-специалиста, востребованного сегодня, уже слабо соотносится с традиционным образом угрюмого интроверта в драном свитере.\n\nТак как же выглядит айтишник, который нужен нам здесь и сейчас?",
        "data": "2018-04-26, 14:22",
        "rating": 7
    },
    {
        "title": "Graal: как использовать новый JIT-компилятор JVM в реальной жизни",
        "description": "На главной сибирской Java-конференции JBreak-2018, проходившей в Новосибирске, Christian Thalinger из Twitter поделился практическим опытом использования Graal. На конференцию компания («Петер-Сервис») отправила всю нашу рабочую группу, и этот доклад мы пришли слушать полным составом. Вполне объяснимо, если учесть тот факт, что Graal по-прежнему считается смелым и потенциально опасным экспериментом (хотя очень похоже, что он войдёт в JDK 10). Было очень интересно узнать, как эта новинка проявляет себя в бою — да не где-нибудь, а в разработке такого уровня.\n\n\n\nКристиан Талингер десяток с лишним лет работает с виртуальными машинами Java, причём ключевой навык в его экспертизе — как раз JIT-компиляторы. Именно Кристиан внедрил Graal и стал инициатором его нынешнего (весьма, по словам Криса, активного) использования в продакшн-среде Twitter. И, если верить Талингеру, это нововведение сохраняет компании приличные деньги за счёт экономии железных ресурсов.",
        "data": "2018-03-21, 07:37",
        "rating": 22
    },
    {
        "title": "Как киту съесть Java-приложение и не подавиться",
        "description": "Здравствуйте, уважаемые хабравчане! Сегодня я хотел бы рассказать о том, как «скормить» Java-приложение докеру, как при этом лучше действовать, а чего делать не стоит. Я занимаюсь разработкой на Java более 10 лет, и последние года три провёл в самом тесном общении с Docker, так что у меня сложилось определённое представление о том, что он может и чего не может. Но ведь гипотезы надо проверять на практике, не так ли?\n\nЯ представил весь процесс как старую добрую компьютерную игру с тёплым ламповым пиксель-артом.\n\nНачнем мы, как и полагается любой игре, с некоторого брифинга. В качестве вводной возьмем немного рекламы докера.\n\nНа сайте докера можно ознакомиться с рядом рекламных посулов – а именно, с обещанием увеличить скорость разработки и развертывания аж в 13 раз и повысить портативность в разработке (в частности, избавиться о сакраментального «работает на моей машине»). Но соответствует ли это реальности?\n\nСейчас мы попробуем доказать/опровергнуть эти утверждения.",
        "data": "2018-02-28, 15:41",
        "rating": 29
    },
    {
        "title": "RoboCon 2018: отчёт о первой конференции по Robot Framework",
        "description": "В начале года в Хельсинки прошла первая официальная конференция RoboCon 2018, посвящённая инструменту автотестирования Robot Framework. И мы, мейнтейнеры группы автоматизации интеграционного и системного тестирования компании «Петер-Сервис», не могли такое событие пропустить. Потому что этот инструмент у нас в компании используется довольно широко: в частности, в нашей группе с помощью него реализован продукт TORS (Testing of Release Stands).",
        "data": "2018-02-16, 13:19",
        "rating": 17
    },
    {
        "title": "Биллинговые системы будущего, и как они изменяют рынок связи",
        "description": "Сотовые операторы уже несколько лет находятся на перепутье. Услуги по передаче голоса и смс быстро устаревают. Традиционный бизнес теряет рентабельность. Основной целью стал поиск новых товаров и услуг, которые помогут остаться на острие прогресса и бизнеса. Операторы отказываются от названия «поставщик мобильной связи» и приходят к гордому «поставщик цифровых услуг» или даже «lifestyle enabler». Аналитики пишут, что это одно из проявлений глобальных процессов, которые характерны для многих отраслей экономики. Мы же подойдем к этому с прикладной стороны и объясним, почему это у телекома все так резво получается и что еще получится впереди.",
        "data": "2017-12-11, 11:44",
        "rating": 10
    },
    {
        "title": "От Александра Белла до «большой тройки»: краткая история развития биллинговых систем",
        "description": "Гигантский рост абонентской базы в 20-е и 30-е годы прошлого века. Появление «межгорода». Распространение повременных соединений. И, наконец, приход сотовой связи как самый значительный рывок в развитии биллинговых систем. Мы расскажем об их эволюции на протяжении истории существования телефонной связи.",
        "data": "2017-11-24, 16:29",
        "rating": 16
    },
    {
        "title": "Задачи планирования и программирование в ограничениях",
        "description": "Когда у тебя в запасе много популярных инструментов вроде JAVA, Python, Ruby, PHP, C#, C++ и других, чувствуешь себя почти всемогущим. Стандартный подход в разработке рулит. Но только до тех пор, пока не столкнешься с определенным типом задач.\n \nПодумайте, как правильно написать программу, которая оптимально…\n\n• решит головоломку типа судоку или задачу о восьми ферзях;\n• распределит задачи между определенным набором ресурсов;\n• рассчитает расписание занятий;\n• определит эффективный маршрут движения транспорта;\n• составит график дежурств и т.п.\n \nЕсли программирование в ограничениях и решение сложных комбинаторных задач планирования не самая сильная ваша сторона, то эта статья как раз для вас.",
        "data": "2017-11-22, 09:42",
        "rating": 19
    },
    {
        "title": "Машинное обучение: от Ирисов до Телекома",
        "description": "Мобильные операторы, предоставляя разнообразные сервисы, накапливают огромное количество статистических данных. Я представляю отдел, реализующий систему управления трафиком абонентов, которая в процессе эксплуатации у оператора генерирует сотни гигабайт статистической информации в сутки. Меня заинтересовал вопрос: как в этих Больших Данных (Big Data) выявить максимум полезной информации? Не зря ведь одна из V в определении Big Data — это дополнительный доход.\n\nЯ взялся за эту задачу, не являясь специалистом в исследовании данных. Сразу возникла масса вопросов: какие технические средства использовать для анализа? На каком уровне достаточно знать математику, статистику? Какие методы машинного обучения надо знать и насколько глубоко? А может лучше для начала освоить специализированный язык для исследования данных R или Python?\n\nКак показал мой опыт, для начального уровня исследования данных нужно совсем не много. Но мне для быстрого погружения не хватало простого примера, на котором наглядно был бы показан полный алгоритм исследования данных. В этой статье на примере Ирисов Фишера мы пройдем весь путь начального обучения, а далее применим полученное понимание к реальным данным оператора связи. Читатели, уже знакомые с исследованием данных, могут сразу переходить к главе, посвященной Телекому.",
        "data": "2017-08-23, 17:18",
        "rating": 13
    },
    {
        "title": "Построение систем управления приложениями в распределенной кластерной инфраструктуре на базе технологии MESOS",
        "description": "В наше время термин “BIG DATA” у всех на слуху. После появления в сети и в прессе многочисленных публикаций, связанных с обработкой «больших данных», интерес к этой теме постоянно растет. Все более широким спросом пользуются системы управления базами данных с\nиспользованием технологии NoSQL. Всем понятно, что для построения систем “BIG DATA” необходимо располагать внушительными аппаратными ресурсами. Еще более важно уметь оптимально использовать вычислительные ресурсы системы и эффективно их масштабировать. Это неизбежно меняет подходы к построению систем обработки данных.",
        "data": "2017-06-27, 16:37",
        "rating": 14
    },
    {
        "title": "Mission critical communication и при чем тут NFV?",
        "description": "Ищут пожарные,\nИщет милиция...\n\nЧто такое «Mission critical communication»? Это связь, от надежности которой зависят жизни людей. Примеры служб, для которых такая связь нужна – это система-112, МЧС, силовые структуры (МВД, ФСБ, Министерство обороны). Также mission critical связь необходима в зоне чрезвычайных ситуаций и на объектах, аварии на которых могут принести разрушительные последствия: энергетика, химическая промышленность, общественный транспорт и т.п.\nMission critical сети связи строятся на основе стандартов профессиональной мобильной радиосвязи (ПМР). На данный момент есть два основных стандарта: TETRA (Terrestrial Trunked Radio) ETSI EN 300 392 и DMR (Digital Mobile Radio) ETSI 102 361. Не буду вдаваться в подробности (информация по этим стандартам доступна в сети), но у них, помимо достоинств, есть существенный недостаток: они заточены на голос, а скорость передачи данных и видео существенно ограничена. Хотя понятно, что возможность передать видео с места событий может иметь критичное значение. Что же делать?",
        "data": "2017-04-18, 13:04",
        "rating": 4
    },
    {
        "title": "Облака как любовь",
        "description": "Что такое облака, и когда имеет смысл строить облачные решения? И если строить, то какие платформы использовать? Нужно ли предоставлять клиентам облачные сервисы? А может, лучше использовать виртуализацию? И чем отличается виртуализация от облаков? Эти вопросы задают все IT и «не IT» компании: от крупных операторов связи до небольших стартапов. Давайте попробуем разобраться! В предыдущей статье мы рассмотрели понятия SDN и NFV. Возникает вопрос — если и то и другое связано с виртуализацией и сетями, то это получились облака? Ведь все мы прекрасно знаем, что облака — это виртуализация ресурсов где-то в сети. Я попробовал найти формальное определение облаков, но не нашел. Определения были расплывчаты и нечетки, как настоящие облака. И тогда у меня возникло чувство, что ОБЛАКАМ невозможно дать четкого определения, они как ЛЮБОВЬ, которую можно только описывать и характеризовать с разных сторон. Дальнейшее расследование подтвердило это предположение. Для начала нашел стандарт Cloud Computing, который разрабатывает NIST (National Institute of Standards and Technology). Он выделяет 3 измерения облачных сервисов:",
        "data": "2016-12-12, 16:04",
        "rating": 9
    },
    {
        "title": "SDN & NFV и при чем тут Облака",
        "description": "Аббревиатуры SDN и NFV в последнее время звучат все чаще и звучат вместе. В тендерах операторы связи требуют от производителей обязательной поддержки SDN и NFV, т.к. уверены, что эти технологии оказывают положительное влияние на OPEX, CAPEX и TTM. Быстрый серфинг интернета показывает, что SDN — это Software-Defined Networking, а NFV — это Network Functions Virtualization. Обе технологии связаны с виртуализацией и с сетями, т.е. на первый взгляд складывается впечатление, что они очень похожие, если не одно и то же. Давайте разбираться, так ли это на самом деле! Проверка по Google Trend сначала подтверждает гипотезу: тренд запроса «SDN and NFV» начинается в 2013 году:",
        "data": "2016-11-28, 17:29",
        "rating": 9
    },
    {
        "title": "Кузница кадров: как учились тестировщики и закалялись кузнецы",
        "description": "Мы ищем тестировщиков. Каждая IT-компания рано или поздно сталкивается с необходимостью найма таких специалистов. Поиски идут долго и часто заканчиваются неудачно. Ничего не поделаешь: рынок сильно перегрет, хороших тестировщиков мгновенно разбирают. Наши ВУЗы пока не готовят инженеров по качеству. Получается, что тестировщик – это не диплом, а призвание, и прогнозировать рост числа кадров невозможно. А у нас «горят» проекты, нам срочно нужны люди. В таких условиях мы решились на крайнюю меру: воспитать этих людей с нуля. Так возникла идея школы тестировщиков в «Петер-Сервис».\n\nВ этой статье мы поделимся опытом обучения тестированию непрофильных специалистов.",
        "data": "2016-08-09, 13:25",
        "rating": 10
    },
    {
        "title": "Все врут, а ты не ври, или Развенчание мифа о запоминании",
        "description": "Сколько человек запоминает после пройденного им обучения? Обучаемый в среднем запоминает 10% прочитанного, 20% услышанного, 30% увиденного … 90% того, что сделал сам. Многие сталкивались c этими цифрами. Они приводятся отдельно или часто совмещаются с так называемой пирамидой обучения или конусом опыта. И все было бы хорошо и замечательно, если бы этими цифрами не был заполнен весь интернет, а сами они не являлись обманом и мистификацией.",
        "data": "2016-05-30, 09:22",
        "rating": 25
    },
    {
        "title": "Автоматизация Jira на Groovy",
        "description": "В крупных организациях часто возникает необходимость прикрутить к JIRA какой-либо дополнительный функционал, которого нет в стандартной поставке: автоматизацию, интеграцию с другими системами и прочие кастомизации. Зачастую это решается сторонними плагинами, в Atlassian Market их огромное количество. Но что делать, если подходящего плагина нет? Очевидно, написать свой. Ещё один вариант для расширения — плагины, добавляющие возможность использовать свои скрипты в JIRA: ScriptRunner (Groovy), Jira Scripting Suite (SIL), JJupin (Jython).\n\nВ этой статье я расскажу о самом популярном и функциональном из них — ScriptRunner от Adaptavist.",
        "data": "2016-01-18, 15:33",
        "rating": 6
    },
    {
        "title": "OneNote 2013, или Как привести дела в порядок",
        "description": "«Возьми себя в руки, тряпка!» — сказал я себе, когда понял, что работа скоро доконает. Или она тебя, или ты её.\n\nДорога в тысячу ли начинается с первого шага.\nПервым шагом стала книга Дэвида Аллена «Как привести дела в порядок: искусство продуктивности без стресса». Точки над i расставил курс Максима Дорофеева «Джедайская техника пустого инбокса, или Как доводить дела до конца».\n \nНельзя питать иллюзий, ступив на тропу войны. Проблемы не заставили себя долго ждать. Работа на компьютере требовала автоматизации. Дело стало за малым, поиск подходящего программного обеспечения для Getting Things Done (GTD).\n\nБесконечные пробы GTD-программ не принесли счастья. Комфортной работе мешало большое количество данных.\nНе получалось связать задачи и данные внутри одной GTD-программы. Поток писем складировался в Outlook, документы и другие файлы на диске, часть информации на web ресурсах и так далее. Решая дела, приходилось тратить время на поиск связанных с ними данных. Возникали проблемы с синхронизацией информации на разных устройствах и многое другое.\n \nНо кто ищет, тот всегда найдёт! Выходом из патовой ситуации оказался Microsoft OneNote 2013, который простыми настройками легко превратился в полноценный GTD-инструмент. Только такой подход позволил преодолеть все проблемы и ощутить комфорт от использования GTD.",
        "data": "2015-09-28, 09:36",
        "rating": 15
    },
    {
        "title": "Анализ SSL/TLS трафика в Wireshark",
        "description": "Как скрыть от посторонних конфиденциальную информацию?\nСамое простое – зашифровать.\nВ Интернет и Интранет-сетях шифрацией данных управляет протокол SSL/TLS.\nСолдат спит, служба идет.\nОднако иногда возникает необходимость выполнить обратное – расшифровать перехваченный трафик.\nЭто может потребоваться как для отладки работы приложений, так и для проверки подозрительной сетевой активности.\nИли в целях изучения работы SSL/TLS (очевидные, вредоносные цели не обсуждаются).\n\nКак и при каких условиях можно расшифровать дамп SSL/TLS трафика в Wireshark?\nПопробуем разобраться.",
        "data": "2015-06-29, 10:06",
        "rating": 42
    },
    {
        "title": "Сказ о том, как мы отечественного производителя поддерживали",
        "description": "Если долго мучиться — что-нибудь получится!\n(с) народная мудрость\n\nНастало время увлекательных историй, %username%!\n\nСразу оговорюсь, что описанной ниже истории никогда не случалось. Все совпадения случайны, все персонажи вымышлены.\n\nВ силу своей профессиональной деятельности, нам приходится работать с разными операторами связи. Практически все они — федерального уровня, либо их «дочки» в странах СНГ. Одной из таких компаний является… Пусть он будет Z.\nИстория взаимоотношений с ним давняя и коллеги, наверное, расскажут много интересного. Но это как-нибудь потом, а пока расскажу свою историю я.\nТребования к безопасности в этой компании серьезные — положение обязывает (А еще 152-ФЗ «О защите персональных данных»). Причем если раньше требования были драконовские (в духе «Миссия невыполнима»: изолированное помещение, сканер сетчатки, автоматчики...), то сейчас свелись к просто строгим: индивидуальные учетки и шифрованные каналы связи между нами и заказчиком. Шифрование — ГОСТовское, никакого вам буржуйского заграничного IPSec. Рынок таких решений мал, поставщиков — раз-два и кончились. Реализация… ну не Checkpoint и не Cisco, но терпимо.\n\nНо это была присказка, а за сказкой прошу под кат!",
        "data": "2015-06-17, 08:14",
        "rating": 17
    },
    {
        "title": "Настойка можжевельника: готовим Juniper SRX. Часть 3: Virtual Routers",
        "description": "juniper — можжевельник (англ.)\n\nПродолжаем готовить настойку из можжевельника. О том, как мы начинали, можно почитать здесь и здесь. Сегодня же немного потрогаем такую удобную штуку, как Virtual Routers, и подумаем, как ее применить с наибольшей пользой.\n\n\n\nСодержание:\n\nЧасть 1: Знакомство\nЧасть 2: IPSec\nЧасть 3: Virtual Routers\n\nВ Juniper есть тип сущностей Routing Instance, предназначенный для манипуляций с трафиком (маршрутизации и инкапсуляции). RI позволяют «разделить» один роутер на несколько поменьше, при этом каждый instance будет обрабатывать трафик «по-своему», независимо от других и с разными возможностями. Это полезно для организации всевозможных VPN, когда нужно изолировать друг от друга нескольких клиентов и разрулить их по разным правилам. При этом информацией о VPN можно обмениваться с другими роутерами (например, при организации MPLS VPN).",
        "data": "2015-03-18, 08:39",
        "rating": 8
    },
    {
        "title": "How to prepare TCP",
        "description": "Когда кому-то или чему-то становится плохо, то требуется нечто большее, чем просто констатация данного факта.",
        "data": "2015-03-12, 15:49",
        "rating": 26
    },
    {
        "title": "Кластеризация данных СУБД Oracle вне кластерной таблицы",
        "description": "Oracle кластер умер, да здравствует кластеризация!\n\n\nПроблематика\n\nБольшим информационным системам свойственно постоянное поступление различной информации, которая накапливается, обсчитывается и архивируется. Мы рассмотрим вариант структурированных данных, хранящихся на сервере RDBMS Oracle и в качестве примера возьмём таблицу, содержащую CDR записи (т.е. записи о вызовах) для абонентов оператора связи.\nДанные о звонках поступают хаотично, т.е. не упорядоченно, как вы понимаете, по атрибутам абонентов. Все данные имеют свой жизненный цикл — оперативные, актуальные и архивные. Со временем частота обращений и требования по скорости доступа к данным меняются (т.е. падают). Т.о. записи годичной давности вполне можно хранить на медленных дисках, активные — на дисках с высокой скоростью доступа и без претензий на производительность операций записи, а вот вновь поступающим данным свойственно требование к максимально высокой скорости записи и чтения.",
        "data": "2014-12-15, 11:51",
        "rating": 2
    },
    {
        "title": "Partition Option & Oracle Server SE One",
        "description": "Собственно, возник вопрос: а присутствуют ли всякие DBA_TAB_PARTITIONS и иные объекты словаря в SE One? Причина вопроса проста: код заточен на Oracle EE и использует эти представления. После установки обнаружилось, что данные объекты не только присутствуют, но и не пусты. Раз не пусты, то из этого вытекает, что создать сегментированные таблицы возможно, а раз так, то неплохо бы посмотреть, как это происходит.",
        "data": "2014-12-09, 10:04",
        "rating": 8
    },
    {
        "title": "Oracle, SQL*Net или ORDER BY экономит сетевые ресурсы…",
        "description": "Все справедливо считают, что конструкция ORDER BY расходует ресурсы на проведение сортировки результата и в итоге мы должны получить результат несколько позже. Всегда ли это так?..",
        "data": "2014-12-08, 13:13",
        "rating": 19
    },
    {
        "title": "К глобальной куче без пробок. Исследуем менеджеры памяти",
        "description": "Как-то, анализируя дефект в разрабатываемом продукте, я наткнулся на архитектурную особенность менеджера памяти, который мы использовали. Дефект приводил к увеличению времени создания некоторых объектов. Особенность архитектуры заключалась в использовании паттерна Singleton при работе с менеджером памяти (далее X allocator). Схематично это выглядит так:\n\n\nРисунок 1 – Структурная схема работы X allocator\n\nИз схемы видно, что доступ к глобальной куче защищен мьютексом. Такая архитектура, при интенсивном создании однотипных объектов из нескольких потоков, может привести к тому, что потоки будут вставать в очередь на этом мьютексе. А ведь одна из главных особенностей продукта – это возможность его масштабирования за счет увеличения количества потоков обработки (потоков выполняющих одинаковые действия). Поэтому такой подход потенциально может стать узким местом.",
        "data": "2014-10-01, 11:46",
        "rating": 18
    },
    {
        "title": "Настойка можжевельника: готовим Juniper SRX. Часть 2: IPSec",
        "description": "Не так давно мы пощупали немножко Juniper SRX, настроили его , и собрали отказоустойчивый кластер. Теперь начнем поднимать на нем «боевые» схемы, ради которых все и затевалось.\nНапример, соберем мысленно вот такую схему:\n\n\nНа схеме видим центральный офис и подключенную к нему ноду — это может быть как филиал, так и какой-то удаленный заказчик/клиент, для связи с которыми требуется защищенное соединение. Разумеется, их может быть несколько (об этом ниже). Способ связи при этом нам абсолютно не важен: хоть Интернет, хоть «темное волокно» — данные все равно нужно шифровать, чтобы свести к нулюминимуму риск их утечки. И чем выше стойкость шифра и совершенней способ фильтрации, тем целее будут нервы администратора (как вы, наверное, знаете, сисадмин, как и любая замкнутая система, всегда стремится к состоянию покоя).",
        "data": "2014-07-18, 07:20",
        "rating": 5
    },
    {
        "title": "Настойка можжевельника: готовим Juniper SRX. Часть 1",
        "description": "juniper — можжевельник (англ.)\n\nНамедни в мои цепкие лапы попали два Juniper SRX 550. Попали не просто так, а для организации надежного ipsec и NAT-шлюза, а также OSPF-роутера. Ну а так как главное для нас — надежность, то именно с нее и начнем.\n\nДля того, чтобы обеспечить отказоустойчивость сервисов, критично важные узлы обычно дублируют. Для ЦОДов это уже практически стандарт — N+N или хотя бы N+1. При этом устройства могут работать как независимо друг от друга, так и в кластере. Для обоих типов есть свои плюсы и минусы, но если нужен не просто роутинг/свитчинг, но нечто более «интеллектуальное» (например, те же NAT или IPSec), то без кластера тут точно не обойтись. Так что при плановом апгрейде в качестве замены Cisco 7201 рассматривались именно роутеры, способные работать в кластере. В связи с этим ASR 1k отправился лесом (как и ISR), ASA не рассматривалась (потому как готовить ее не умею), а VSS из Cat6503 — это уж слишком жирно и в плане цены, и в плане съедаемой электроэнергии.\n\nГерой нашего рассказа. (Здесь и далее — картинки с официального сайта Juniper)",
        "data": "2014-06-24, 10:20",
        "rating": 5
    },
    {
        "title": "Как отравить кошку? Детективная история со счастливым концом",
        "description": "Устраивайся поудобнее, мой читатель. Сегодня я расскажу тебе увлекательную историю.\n\nВсе началось недавно. Свежеустановленный (меньше месяца) роутер Cisco вдруг на всех обиделся и ушел в себя. Настолько ушел, что на внешние раздражители реагировать перестал совершенно, трафик через себя пропускать посчитал делом неблагодарным и недостойным, и вообще закуклился по самое не могу.\n\nПервая мысль после перезагрузки роутера: какой-то шутник решил запустить очередную убер-программу. Ну, или чей-нибудь ноут сошел с ума – тоже бывает. Однако пристальное изучение трафика (netflow, прослушка tcpdump-ом на предмет хитрого бродкаста) ничего не дало. Более того, шторм-контроль на клиентских портах не срабатывал.\n\nА тем временем, роутер, проработавший после ребута едва ли пять минут, снова завис. Прошу заметить, в самый разгар рабочего дня. «К счастью», телефония шла через этот же роутер, и только это спасло нас от воплей огорченных коллег:).",
        "data": "2014-05-16, 10:24",
        "rating": 128
    }
]