[
    {
        "title": "618 000 ₽ в месяц. SaaS в России. Делимся нашим опытом, графиками и цифрами. Посвящается тем, кто надеется побыстрее",
        "description": "Текст статьи не удалось получить",
        "data": "2023-04-04, 18:59",
        "rating": 1
    },
    {
        "title": "ТОП 13 минус 1 конструктор мобильных приложений для бизнеса: обзор от создателей одного из них",
        "description": "Текст статьи не удалось получить",
        "data": "2023-03-24, 12:43",
        "rating": -1
    },
    {
        "title": "Какую профессию в ИТ выбрать, чтобы в 65+ не бояться пенсии, а открыть свой около-ИТ бизнес?",
        "description": "Текст статьи не удалось получить",
        "data": "2023-03-12, 16:09",
        "rating": -9
    },
    {
        "title": "Женщины, бизнес и бабло в России… и «коня на скаку остановить» и компанию свою открыть",
        "description": "Текст статьи не удалось получить",
        "data": "2023-03-08, 12:10",
        "rating": 2
    },
    {
        "title": "Топ 20 ботов которые постоянно сканируют ваши сайты. Не все из них одинаково полезны",
        "description": "Текст статьи не удалось получить",
        "data": "2023-03-07, 12:30",
        "rating": -6
    },
    {
        "title": "Программист — это просто лучшая работа в мире. Попробую доказать с помощью 23 пунктов! Но согласны не все…",
        "description": "Текст статьи не удалось получить",
        "data": "2023-03-05, 10:43",
        "rating": -11
    },
    {
        "title": "Как получить грант 4 млн. рублей от ФСИ на запуск вашего ИТ стартапа? Наш опыт с детальным разбором заявки",
        "description": "Текст статьи не удалось получить",
        "data": "2023-03-04, 09:57",
        "rating": 8
    },
    {
        "title": "230 откликов, 3 недели мук выбора и 9 советов тем, кто ищет работу менеджером по проектам в ИТ",
        "description": "Текст статьи не удалось получить",
        "data": "2023-03-01, 17:17",
        "rating": -2
    },
    {
        "title": "30 фактов о доменных именах, которые вас могут слегка удивить",
        "description": "Текст статьи не удалось получить",
        "data": "2023-02-28, 12:35",
        "rating": 0
    },
    {
        "title": "Топ 10 сервисов, помогающих бороться со скликиванием и другим мошенничеством в рекламе",
        "description": "Текст статьи не удалось получить",
        "data": "2023-02-24, 11:40",
        "rating": -1
    },
    {
        "title": "Доход ~40 000 руб. в месяц с Телеграм-канала. Делюсь опытом. Даю аккуратные советы…",
        "description": "Текст статьи не удалось получить",
        "data": "2023-02-20, 13:56",
        "rating": 5
    },
    {
        "title": "Почему не берут возрастных кандидатов — взгляд работодателя… откровенно и изнутри",
        "description": "Текст статьи не удалось получить",
        "data": "2023-02-18, 10:45",
        "rating": 16
    },
    {
        "title": "Как стать резидентом Сколково? Наш опыт с детальным разбором заявки",
        "description": "Текст статьи не удалось получить",
        "data": "2023-02-12, 15:19",
        "rating": -9
    },
    {
        "title": "Делаете ИТ-стартап? — Сначала продай, а потом делайте! Можно иначе? Да, но продай сначала",
        "description": "Текст статьи не удалось получить",
        "data": "2023-02-10, 15:11",
        "rating": 17
    },
    {
        "title": "19,6 млн рублей за 2022 год. Парсинг сайтов. 25 советов желающим заняться",
        "description": "Текст статьи не удалось получить",
        "data": "2023-02-07, 12:54",
        "rating": 26
    },
    {
        "title": "YouTube Shorts для ИТ-бизнеса в России: аналитика и мой личный опыт. Есть ли польза и какая?",
        "description": "Текст статьи не удалось получить",
        "data": "2023-01-29, 17:36",
        "rating": 0
    },
    {
        "title": "С 0 до 430 000 рублей в месяц. Опыт развития SAAS-сервиса в России. Медленно все",
        "description": "Текст статьи не удалось получить",
        "data": "2023-01-27, 13:47",
        "rating": 6
    },
    {
        "title": "77 полезных вещей, которые узнал после создания 10+ технологических стартапов",
        "description": "Текст статьи не удалось получить",
        "data": "2023-01-18, 12:24",
        "rating": 4
    },
    {
        "title": "Как получить более 20 000 пользователей по миру за три месяца с бюджетом $50?",
        "description": "Текст статьи не удалось получить",
        "data": "2023-01-09, 11:57",
        "rating": -2
    },
    {
        "title": "Парсили сайты, парсим и будем парсить. И не нужно этому мешать",
        "description": "Текст статьи не удалось получить",
        "data": "2023-01-07, 16:35",
        "rating": 10
    },
    {
        "title": "Взламывают сайты после выхода статей. Пишем подробно, как защитить ваш сайт на WordPress",
        "description": "Текст статьи не удалось получить",
        "data": "2022-12-20, 11:38",
        "rating": -4
    },
    {
        "title": "Самостоятельный парсинг ваших конкурентов. Топ 10 расширений для Chrome, которые не требуют программирования",
        "description": "Текст статьи не удалось получить",
        "data": "2022-12-09, 14:22",
        "rating": 4
    },
    {
        "title": "Скликивание Яндекс.Директ. Как воруют ваш рекламный бюджет и как защититься от скликивания?",
        "description": "Текст статьи не удалось получить",
        "data": "2022-11-28, 14:56",
        "rating": 0
    },
    {
        "title": "Путь стартапа. От идеи до рабочего бизнеса. 18 шагов опыта",
        "description": "Текст статьи не удалось получить",
        "data": "2022-11-20, 15:47",
        "rating": 11
    }
]