[
    {
        "title": "Отправляем письма с помощью asyncio и aiohttp из Django приложения",
        "description": "Всем привет!\n\nЯ занимаюсь разработкой и поддержкой сервиса уведомлений в Ostrovok.ru. Сервис написан на Python3 и Django. Помимо транзакционных писем, пушей и сообщений, сервис также берёт на себя задачи по массовым рассылкам коммерческих предложений (не спам! trust me, отписки у нас работают лучше подписок) пользователям, давшим на это согласие. Со временем база активных получателей разрослась до более миллиона адресов, к чему почтовый сервис не был готов. Я хочу рассказать о том, как новые возможности Python позволили ускорить массовые рассылки и сэкономить ресурсы и с какими проблемами нам пришлось столкнуться при работе с ними.",
        "data": "2019-12-27, 11:02",
        "rating": 9
    },
    {
        "title": "Типизируй все",
        "description": "Всем привет!\n\nУ нас уже есть одна статья про развитие типизации в Ostrovok.ru. В ней объясняется, зачем мы переходим с pyContracts на typeguard, почему переходим именно на typeguard и что в итоге получаем. А сегодня я расскажу подробнее о том, каким образом происходит этот переход.",
        "data": "2019-12-18, 12:33",
        "rating": 8
    },
    {
        "title": "Трюки для обработки метрик в Kapacitor",
        "description": "Скорее всего, сегодня уже ни у кого не возникает вопрос, зачем нужно собирать метрики сервисов. Следующий логичный шаг – настроить алертинг на собираемые метрики, который будет оповещать о любых отклонениях в данных в удобные вам каналы (почту, Slack, Telegram). В сервисе онлайн-бронирования отелей Ostrovok.ru все метрики наших сервисов льются в InfluxDB и отображаются в Grafana, там же настроен базовый алертинг. Для задач типа «нужно посчитать что-то и сравнить с этим» мы используем Kapacitor.\n\n\nKapacitor – часть TICK-стека, который умеет обрабатывать метрики из InfluxDB. Он может соединить несколько измерений между собой (join), из полученных данных вычислить что-то полезное, записать результат обратно в InfluxDB, отправить алерт в Slack/Telegram/почту.\n\nВесь стек имеет крутую и подробную документацию, но всегда найдутся полезные штуки, которые в явном виде в мануалах не указаны. В этой статье я решил собрать ряд таких полезных неочевидных советов (основный синтаксис TICKscipt описан здесь) и показать, как их можно применять, на примере решения одной из наших задачек.\n\nПоехали!",
        "data": "2019-12-04, 13:45",
        "rating": 7
    },
    {
        "title": "Как мы YouTube Live с Zoom интегрировали",
        "description": "Всем привет! Это вторая часть серии статей от IT-команды сервиса бронирования отелей Ostrovok.ru об организации онлайн-трансляции корпоративных презентаций и мероприятий в одном отдельно взятом помещении.\n\nВ первой статье мы рассказали о том, как решили проблему плохого звука трансляций с помощью микшерного пульта и системы беспроводных микрофонов.\n\n\n\nИ вроде всё было хорошо, но спустя некоторое время в наш отдел прилетела новая задачка – давайте сделаем наши трансляции более интерактивными! Всё наше ТЗ заключалось в одном предложении – нужно было дать удаленным сотрудникам возможность подключаться к встречам команд, то есть не только смотреть, но и активно участвовать: показывать презентацию, задавать вопросы в режиме реального времени и т.д. Проанализировав ситуацию, мы решили использовать конференцсвязь Zoom.",
        "data": "2019-10-28, 10:58",
        "rating": 6
    },
    {
        "title": "Организация онлайн-трансляций в особых условиях",
        "description": "Всем привет! В этой статье я бы хотел рассказать о том, как IT команда сервиса онлайн-бронирования отелей Ostrovok.ru настраивала онлайн-трансляции различных корпоративных мероприятий.\n\nВ офисе Ostrovok.ru существует особая переговорная комната – «Большая». Каждый день в ней проходят рабочие и неформальные мероприятия: встречи команд, презентации, тренинги, мастер-классы, интервью с приглашенными гостями и прочие интересные события. Штат компании насчитывает более 800 человек – многие из них работают удаленно в других городах и странах, и далеко не у всех есть возможность физически присутствовать на каждой встрече. Поэтому задача организовать онлайн-трансляции внутренних встреч не заставила себя долго ждать и прилетела в команду IT. Расскажу подробнее о том, как мы это делали.",
        "data": "2019-10-04, 11:25",
        "rating": 15
    },
    {
        "title": "Не ORMом единым",
        "description": "Не ORMом единым\n\nВсем привет! Я руковожу отделом партнерской разработки (Partners Development) в сервисе бронирования отелей Ostrovok.ru. В этой статье я хотел бы рассказать про то, как на одном проекте мы использовали Django ORM.\n\nНа самом деле я слукавил, название должно было быть \"Не ORMом единым\". Если вам интересно, почему я так написал, а также если:\n\nУ вас в стеке Django, и вам хочется выжать из ORM максимум возможностей, а не просто Model.objects.all(),\nВы хотите перенести часть бизнес-логики на уровень баз данных,\nИли вы хотите узнать, почему самая частая отмазка разработчиков в B2B.Ostrovok.ru \"так исторически сложилось\",\n\n… добро пожаловать под кат.",
        "data": "2019-04-12, 13:05",
        "rating": 14
    },
    {
        "title": "Как написать вредное API",
        "description": "Пишите код так, как будто сопровождать его будет склонный к насилию психопат, который знает, где вы живёте.\n\nВсем привет!\n\nЯ работаю тимлидом команды Integration Development в сервисе онлайн-бронирования отелей Ostrovok.ru и сегодня хотел бы поделиться своим опытом работы с различными API.\n\n\nКак разработчик системы, работающей с внешними поставщиками, я часто встречаюсь с различными API – чаще всего это SOAP/REST или что-то на них похожее. Однако от работы со многими из них остается впечатление, что их писали, не руководствуясь ни техническими правилами, ни здравым смыслом – как будто бы по книге “Вредные советы” Григория Остера. В данной статье я постараюсь описать такие случаи в стиле “вредных советов” и рассмотрю примеры, связанные с XML. Комментарии и обсуждение приветствуются.",
        "data": "2019-03-27, 11:49",
        "rating": 16
    },
    {
        "title": "История типизации на примере одного большого проекта",
        "description": "Всем привет! Сегодня я расскажу вам историю развития типизации на примере одного из проектов в Ostrovok.ru.\n\n\n\nЭта история началась задолго до хайпа о typing в python3.5, более того, она началась внутри проекта, написанного еще на python2.7.\n\n2013 год: совсем недавно был релиз python3.3, мигрировать на новую версию смысла не было, так как каких-то конкретных фичей она не добавляла, а боли и страдания при переходе принесла бы очень много.\n\nЯ занимался проектом Partners в Ostrovok.ru – этот сервис отвечал за все, что связано с партнерскими интеграциями, бронированиями, статистикой, личным кабинетом. У нас использовались как внутренние API для других микросервисов компании, так и внешнее API для наших партнеров.",
        "data": "2019-03-14, 11:52",
        "rating": 11
    },
    {
        "title": "I’m going deeper underground, или о чем стоит знать, оптимизируя работу сетевого приложения",
        "description": "Приветствую, друзья!\n\nВ предыдущих двух статьях (раз, два) мы погружались в сложность выбора между технологиями и искали оптимальные настройки для нашего решения в Ostrovok.ru. Какую тему поднимем сегодня?\n\nКаждый сервис должен работать на каком-то сервере, общаясь с железом посредством инструментов операционной системы. Этих инструментов великое множество, как и настроек для них. В большинстве случаев для их работы настроек по умолчанию будет более чем достаточно. В этой статье я хотел бы рассказать о тех случаях, когда стандартных настроек все-таки было недостаточно, и приходилось знакомиться с операционной системой чуть ближе – в нашем случае с Linux.",
        "data": "2019-02-20, 13:06",
        "rating": 26
    },
    {
        "title": "История блужданий по документации Haproxy, или на что стоит обратить внимание при его конфигурации",
        "description": "И снова здравствуйте!\n\nВ прошлый раз мы рассказывали о выборе инструмента в Ostrovok.ru для решения задачи проксирования большого количества запросов к внешним сервисам, никого при этом не положив. Статья закончилась выбором Haproxy. Сегодня я поделюсь нюансами, с которыми мне пришлось столкнуться при использовании этого решения.",
        "data": "2019-02-06, 10:37",
        "rating": 24
    },
    {
        "title": "Пробы и ошибки при выборе HTTP Reverse Proxy",
        "description": "Всем привет!\n\nСегодня мы хотим рассказать о том, как команда сервиса бронирования отелей Ostrovok.ru решала проблему роста микросервиса, задачей которого является обмен информацией с нашими поставщиками. О своем опыте рассказывает undying, DevOps Team Lead в Ostrovok.ru.",
        "data": "2019-01-22, 11:25",
        "rating": 28
    },
    {
        "title": "Чем живет мобильный Островок",
        "description": "Всем привет. Меня зовут Макс Дегтерев (у меня тут нет аккаунта, так что вот мой twitter: @suprMax и сайт maxdegterev.name ). Мы недавно запустили новую классную версию мобильного сайта. Про него-то я вам сейчас и расскажу.",
        "data": "2013-06-24, 12:49",
        "rating": 21
    },
    {
        "title": "Как мы создавали «Отель на эту ночь!»",
        "description": "Привет, хабр!\n\nМы запустили новую фичу в нашем мобильном приложении — «Отель на ночь!». Это функция, которая помогает человеку забронировать отель в последнюю минуту. Зачем мы это сделали, как и что из этого получилось мы решили рассказать на хабре. Будем рады вашем отзывам и комментариям о том, что можно еще улучшить в новой функции и в целом в приложениях.",
        "data": "2013-04-12, 20:27",
        "rating": 16
    },
    {
        "title": "Грузим много CSS для IE в режиме разработки",
        "description": "В Островке при разработке сайта используется модульная структура. Логические элементы состоят из разметки, стилей и javascript-файлов.\n\nПосле перехода на такую структуру, пару месяцев все было хорошо. Потом в IE начали пропадать стили из разных блоков, и мы осознали, что столкнулись с проблемой всех крупных проектов – в IE9 и младше не грузится больше 31го css файла разом.",
        "data": "2013-03-04, 14:08",
        "rating": 5
    },
    {
        "title": "Мобильное приложение Ostrovok.ru для бронирования отелей",
        "description": "Привет, меня зовут Евгений Селезнев (evgenyseleznev), я дизайнер и руководитель команды мобильной разработки в Островке.\n\nМы в компании Ostrovok.ru недавно выпустили мобильное приложение для бронирования отелей по всему миру. В нем мы постарались преподнести богатый функционал в удобном интерфейсе. Как был устроен процесс работы, расскажу подробнее.",
        "data": "2012-11-23, 15:38",
        "rating": 10
    },
    {
        "title": "Фронт-энд Островка изнутри",
        "description": "Привет, меня зовут Игорь (iamo0), я старший фронт-энд разработчик в Островке. Я занимаюсь нашим основным продуктом: сайтом Ostrovok.ru. С помощью нашего сайта ежедневно бронируют отели тысячи человек, поэтому для нас очень важно, чтобы качество нашего продукта было на высоте. А для этого нужно не отвлекаться на разного рода мелочи и уметь эффективно решать поставленные задачи.\n\nРасскажу как мы организовали процесс фронт-энд разработки так, чтобы можно было решать поставленные задачи, не задумываясь о средствах их решения, сосредоточившись на самой задаче.\n\nНе претендую на то, что мой рассказ сорвет покровы или станет настоящим откровением. Хочу поделиться с вами опытом работы с большими приложениями, накопленным разработчиками Островка.",
        "data": "2012-10-29, 17:19",
        "rating": 43
    },
    {
        "title": "Видеозапись доклада «Вся соль одностраничных приложений» с 404fest",
        "description": "Федя Шумов и Арсений Заречнев, фронт-енд разработчики из команды Островка, рассказали о\n«Всей соли одностраничных приложений» на 404fest в Самаре.\n\nСодержание доклада:",
        "data": "2012-10-17, 14:20",
        "rating": 17
    },
    {
        "title": "Как сделать группу инпутов удобной",
        "description": "Когда я работал над сервисом заметок jotsky.com, еще до работы в Островке, надо было сделать ввод телефонного номера из двух инпутов. Примерно такой:\n\n\n\nЯ сделал навигацию с помощью стрелочек. Сделал, чтобы по мере заполнения фокус переключался к следующем инпуту. А вот сделать правильную вставку из буфера обмена у меня никак не получалось.",
        "data": "2012-07-23, 15:45",
        "rating": 149
    },
    {
        "title": "Внедряем TDD с django и postgres",
        "description": "В Островке есть два основных продукта: для пользователей (ostrovok.ru) и «админка» для отелей (экстранет), куда подписанные нами отели заносят данные. Это отдельные продукты, со своими командами и различным отношением к разработке через тестирование (TDD). Одинаковая платформа: django и postgres. В экстранете используют TDD и у них куча тестов. Поначалу тесты были и в ostrovok.ru, но ввиду ухода части адептов в экстранет и очень интенсивного развития их перестали поддерживать. В общем передо мной встала задача внедрить тестирование. Первые шаги сделаны и хочу поделиться этим опытом и решениями, которые были применены.\nУ нас есть отдел QA и Selenium автотесты, но это отдельно.\n\nС django и тестами вообще дела обстоят довольно хорошо и конечно лучше с самого начала все покрывать тестами, наращивая функционал и делая рефакторинги.\n\nВ нашем случае уже существовал огромный функционал и очень много всесторонних зависимостей и интеграции с внешними API. И нужно, чтоб это все работало в тестовой среде. Про быстрый SQLite в памяти можно забыть, в проекте есть привязки к особенностям postgres, да и идентичность тестового окружения все-таки важна, поэтому тесты тоже работают на postgres.",
        "data": "2012-06-26, 19:05",
        "rating": 27
    },
    {
        "title": "Silicon Valley is an amazing place, but I’m taking a bet about Russia… или пост о том, как Райaн приехал работать в Островок из Кремниевой долины",
        "description": "С недавнего времени в команде Островка работает Райан, разработчик из Кремниевой долины. Чаще всего его спрашивают, зачем он приехал работать в Россию и как вобще здесь оказался. Он рассказал об этом, о работе в американских стартапах, о работе в Островке, и о том, почему he feels like there is a shift happening in Russia.",
        "data": "2012-06-20, 18:15",
        "rating": 27
    },
    {
        "title": "Островок Кремниевой Долины",
        "description": "OLS (Ostrovok Lecture Series) — это лекции со звездами мировой веб-индустрии. У нас в офисе уже побывали Эстер Дайсон, Тимур Артемьев, Джо Катлер и по скайпу выступил основатель скайпа Никлас Зеннстром.\n\nВчера в рамках OLS к нам в офис приходили прикольные ребята из Y Combinator, Virool и DST: Харж Таггар (Harj Taggar), Гарри Тэн (Garry Tan), Александр Дебелов и Феликс Шпильман. Они приезжали в Россию на Всероссийский Инновационный Конвент 2011, но мы-то знаем, что им любопытно, что тут в России интересного происходит в IT. И правда ли, что собор Василия Блаженного является гигантским окаменелым пряником.\n\nМы показали наш офис и попросили ребят рассказать о том, как вышло, что они занимаются инвестициями на ранней стадии, что делали раньше и как собираются развиваться. Затем все заинтересованные сотрудники Островка общались с ними, задавали вопросы, спрашивали мнение о своих идеях и идеях своих знакомых.\n\n\nФото снято на айпад, извините.\nСлева направо: Харж Таггар (Harj Taggar), Александр Дебелов, Гарри Тэн (Garry Tan), Евгений Курышев, Сергей Фаге",
        "data": "2011-12-02, 16:22",
        "rating": 20
    },
    {
        "title": "Итоги конкурса часть 4: Аналитики",
        "description": "Здравствуй, Хабр!\n\nПо многочисленным просьбам публикуем итоги конкурса среди аналитиков на Хабре, где призом была возможность работать в Островке на должности аналитика. Претендентам нужно было ответить на ряд вопросов об интернет-маркетинге. В конкурсе приняло участие более трёхсот желающих!",
        "data": "2011-08-30, 16:05",
        "rating": 11
    },
    {
        "title": "Итоги конкурса Часть 3. Викторина",
        "description": "Привет, Хабр!Публикуем долгожданные итоги викторины.",
        "data": "2011-08-18, 15:10",
        "rating": 11
    },
    {
        "title": "Итоги конкурса. часть 2: Бэкендеры",
        "description": "Привет, Хаброжители!\n\nПродолжая тему, в этом посте мы подведём итоги конкурса для бэкенд-разработчиков, расскажем о типичных ошибках и хороших решениях вопросов.\n\nКонкурс состоял из восьми заданий, проверяющих знания Python и сопутствующих технологий.",
        "data": "2011-07-22, 17:12",
        "rating": 11
    },
    {
        "title": "Итоги конкурса, часть 1. Фронтендеры",
        "description": "Привет, Хабр!\n\nМы подвели итоги конкурса. И, как вы просили в ответных письмах, публикуем пост с типичными ошибками и удачными примерами решённых заданий. Сейчас мы расскажем об итогах конкурса среди фронтендеров.\n\nЗадание состояло в том, чтобы разработать интерфейс просмотра курса валют за последние три месяца. В качестве основы предоставлялись бумажный прототип и данные в формате XML. Целью задания было определить насколько хорошо человек владеет технологиями и «чувством интерфейса» — то есть представляет, насколько удобно им будет пользоваться, и насколько понятным он окажется с первого взгляда.\n\nЖелающих попробовать себя в роли не только разработчика, но и проектировщика интерфейсов, оказалось немного. Мы хотели бы рассмотреть интересные работы и рассказать об их недостатках, а также показать интерфейс, который сочли лучшим.",
        "data": "2011-07-15, 17:09",
        "rating": 17
    }
]