[
    {
        "title": "Приглашаем на Ozon Tech Intro meetup: строим складские системы на .NET",
        "description": "Текст статьи не удалось получить",
        "data": "2023-07-20, 17:40",
        "rating": 4
    },
    {
        "title": "Как построить систему, способную выдерживать нагрузку в 5 млн rps",
        "description": "Текст статьи не удалось получить",
        "data": "2023-07-20, 15:13",
        "rating": 69
    },
    {
        "title": "Хозяйке на заметку: автоматизируем рутинные процессы и экономим время",
        "description": "Текст статьи не удалось получить",
        "data": "2023-07-10, 13:53",
        "rating": 22
    },
    {
        "title": "Скажи что-нибудь на разрабском, Figma",
        "description": "Текст статьи не удалось получить",
        "data": "2023-07-06, 14:00",
        "rating": 40
    },
    {
        "title": "Бизнес-партнёр по информационной безопасности: взгляд изнутри",
        "description": "Текст статьи не удалось получить",
        "data": "2023-06-30, 10:25",
        "rating": 27
    },
    {
        "title": "Изнутри: Swift макрос — #Preview",
        "description": "Текст статьи не удалось получить",
        "data": "2023-06-27, 14:52",
        "rating": 21
    },
    {
        "title": "Осознанная оптимизация Compose",
        "description": "Текст статьи не удалось получить",
        "data": "2023-06-23, 10:01",
        "rating": 37
    },
    {
        "title": "Приглашаем на Ozon Tech Community Platform Meetup",
        "description": "Текст статьи не удалось получить",
        "data": "2023-06-22, 16:31",
        "rating": 14
    },
    {
        "title": "Императивный UIKit‍ vs Декларативный SwiftUI",
        "description": "Текст статьи не удалось получить",
        "data": "2023-06-21, 10:15",
        "rating": 82
    },
    {
        "title": "Сказ о том, как специалисты IT-поддержки скрипты писали…",
        "description": "Текст статьи не удалось получить",
        "data": "2023-06-08, 12:39",
        "rating": 29
    },
    {
        "title": "Контекст, награда, много рук. Многорукие бандиты как метод принятия решений",
        "description": "Текст статьи не удалось получить",
        "data": "2023-05-30, 10:48",
        "rating": 33
    },
    {
        "title": "D&D как инструмент тимлида: решаем проблемы команды с помощью разговорных ролевых игр",
        "description": "Текст статьи не удалось получить",
        "data": "2023-05-25, 11:55",
        "rating": 107
    },
    {
        "title": "Сам себе заказчик: как мы провели редизайн сервиса и вернули доверие пользователей",
        "description": "Текст статьи не удалось получить",
        "data": "2023-05-23, 12:21",
        "rating": 36
    },
    {
        "title": "Безопасная локализация строк в iOS: Localinter",
        "description": "Текст статьи не удалось получить",
        "data": "2023-05-18, 10:13",
        "rating": 20
    },
    {
        "title": "Приглашаем на Ozon Tech Community Backend Meetup",
        "description": "Текст статьи не удалось получить",
        "data": "2023-05-16, 17:12",
        "rating": 20
    },
    {
        "title": "Что происходит с вашим отчётом внутри Bug Bounty от Ozon: статусы, метрики и почему всё так",
        "description": "Текст статьи не удалось получить",
        "data": "2023-04-26, 13:57",
        "rating": 39
    },
    {
        "title": "Страшно ли делать плохо? Прожарка твоего кода онлайн, без купюр",
        "description": "Текст статьи не удалось получить",
        "data": "2023-04-18, 16:11",
        "rating": 24
    },
    {
        "title": "Приглашаем на Ozon Tech Community Go Meetup (Екатеринбург)",
        "description": "Текст статьи не удалось получить",
        "data": "2023-04-14, 11:20",
        "rating": 9
    },
    {
        "title": "Go, Allure и HTTP, или Как мило тестировать HTTP-сервисы на Go (часть 2)",
        "description": "Текст статьи не удалось получить",
        "data": "2023-04-11, 11:42",
        "rating": 22
    },
    {
        "title": "«А вы точно продакт?»",
        "description": "Текст статьи не удалось получить",
        "data": "2023-04-05, 14:40",
        "rating": 35
    },
    {
        "title": "Доменная структура. Как организована продуктовая разработка в Ozon",
        "description": "Текст статьи не удалось получить",
        "data": "2023-03-24, 16:15",
        "rating": 30
    },
    {
        "title": "Приглашаем на Ozon Tech Community 1C Meetup",
        "description": "Текст статьи не удалось получить",
        "data": "2023-03-23, 17:00",
        "rating": 21
    },
    {
        "title": "Приглашаем на Ozon Tech Community C# Meetup",
        "description": "Текст статьи не удалось получить",
        "data": "2023-03-16, 12:05",
        "rating": 20
    },
    {
        "title": "Через реки, через лес прямо к PowerDNS",
        "description": "Текст статьи не удалось получить",
        "data": "2023-03-15, 13:36",
        "rating": 77
    },
    {
        "title": "Вспомнить всё: проводим ретроспективы для удалённых команд",
        "description": "Текст статьи не удалось получить",
        "data": "2023-03-03, 09:30",
        "rating": 29
    },
    {
        "title": "Делаем отказоустойчивый Asterisk realtime",
        "description": "Текст статьи не удалось получить",
        "data": "2023-02-21, 12:41",
        "rating": 34
    },
    {
        "title": "Приглашаем на Ozon Tech Community Design Meetup. Дизайн продукта: путь до прода",
        "description": "Текст статьи не удалось получить",
        "data": "2023-02-08, 17:09",
        "rating": 29
    },
    {
        "title": "Приглашаем на Ozon Tech Community Mobile Meetup",
        "description": "Текст статьи не удалось получить",
        "data": "2023-02-03, 16:49",
        "rating": 15
    },
    {
        "title": "Краткий гайд по эргономике для трудяг IT-индустрии",
        "description": "Текст статьи не удалось получить",
        "data": "2023-01-26, 13:28",
        "rating": 38
    },
    {
        "title": "Шесть причин, почему ваши A/B-тесты не работают",
        "description": "Текст статьи не удалось получить",
        "data": "2023-01-24, 12:16",
        "rating": 56
    },
    {
        "title": "Приглашаем на Ozon Tech Community A/B-testing Meetup",
        "description": "Текст статьи не удалось получить",
        "data": "2023-01-20, 18:30",
        "rating": 16
    },
    {
        "title": "Что такое фаззинг и зачем он нужен?",
        "description": "Текст статьи не удалось получить",
        "data": "2023-01-19, 13:50",
        "rating": 49
    },
    {
        "title": "Приглашаем на Ozon Tech Community QA (Python) Meetup",
        "description": "Текст статьи не удалось получить",
        "data": "2023-01-13, 15:22",
        "rating": 16
    },
    {
        "title": "Одна платформа, чтобы править всеми",
        "description": "Текст статьи не удалось получить",
        "data": "2022-12-29, 13:50",
        "rating": 68
    },
    {
        "title": "Дизайн-долг платежом красен: улучшаем таблицы в большом продукте",
        "description": "Текст статьи не удалось получить",
        "data": "2022-12-28, 14:32",
        "rating": 29
    },
    {
        "title": "Как починить QA-отдел, или Ещё один переезд в Go",
        "description": "Текст статьи не удалось получить",
        "data": "2022-12-22, 14:35",
        "rating": 20
    },
    {
        "title": "База по шардированию базы",
        "description": "Текст статьи не удалось получить",
        "data": "2022-12-19, 11:30",
        "rating": 25
    },
    {
        "title": "Приглашаем на Ozon Tech Community Go Meetup",
        "description": "Текст статьи не удалось получить",
        "data": "2022-12-06, 15:43",
        "rating": 15
    },
    {
        "title": "Приглашаем на Ozon Tech Community Platform Meetup",
        "description": "Текст статьи не удалось получить",
        "data": "2022-12-02, 14:29",
        "rating": 16
    },
    {
        "title": "Чем программисту заняться в 1990 году: осваиваем чёрную магию ассемблера",
        "description": "Текст статьи не удалось получить",
        "data": "2022-11-30, 08:22",
        "rating": 113
    },
    {
        "title": "Рассматриваем под лупой отладчик Delve для Go-разработчиков",
        "description": "Текст статьи не удалось получить",
        "data": "2022-11-24, 15:45",
        "rating": 32
    },
    {
        "title": "Смешать, но не взбалтывать: добавляем видеообложки в ленту товаров",
        "description": "Текст статьи не удалось получить",
        "data": "2022-11-18, 15:51",
        "rating": 25
    },
    {
        "title": "Делаем документацию здорового человека в Git на примере Docs Ozon",
        "description": "Текст статьи не удалось получить",
        "data": "2022-10-28, 12:19",
        "rating": 44
    },
    {
        "title": "Как мы автоматизировали работу с Kafka: через тернии к Cruise Control",
        "description": "Текст статьи не удалось получить",
        "data": "2022-10-26, 15:34",
        "rating": 60
    },
    {
        "title": "Распространяй и властвуй: приглашаем на открытый Frontend Meetup",
        "description": "Текст статьи не удалось получить",
        "data": "2022-10-21, 14:26",
        "rating": 14
    },
    {
        "title": "Строим процессы тестирования в команде через огонь, воду и собственные фреймворки",
        "description": "Текст статьи не удалось получить",
        "data": "2022-10-18, 11:02",
        "rating": 24
    },
    {
        "title": "Realtime-матчинг: находим матчи за считанные минуты вместо 24 часов",
        "description": "Текст статьи не удалось получить",
        "data": "2022-10-14, 12:08",
        "rating": 42
    },
    {
        "title": "Один момент: готовим видеоленту без костылей и бубнов",
        "description": "Текст статьи не удалось получить",
        "data": "2022-09-29, 10:05",
        "rating": 40
    },
    {
        "title": "Без А/B результат XЗ, или Как построить высоконагруженную платформу А/B-тестов",
        "description": "Текст статьи не удалось получить",
        "data": "2022-09-21, 15:01",
        "rating": 106
    },
    {
        "title": "Составляем документацию разработчика пошагово без диет и тренировок",
        "description": "Текст статьи не удалось получить",
        "data": "2022-09-09, 11:18",
        "rating": 51
    },
    {
        "title": "Видео в вебе, Browser Policy и палки в колёсах",
        "description": "Текст статьи не удалось получить",
        "data": "2022-08-30, 15:23",
        "rating": 36
    },
    {
        "title": "Есть ли жизнь на Go после C#?",
        "description": "Текст статьи не удалось получить",
        "data": "2022-08-26, 12:37",
        "rating": 35
    },
    {
        "title": "Как дизайнеры тестируют, или Что такое дизайн-ревью",
        "description": "Текст статьи не удалось получить",
        "data": "2022-08-24, 12:02",
        "rating": 51
    },
    {
        "title": "Приглашаем на C# Meetup: обсудим дилемму кота Матроскина",
        "description": "Текст статьи не удалось получить",
        "data": "2022-08-23, 11:47",
        "rating": 22
    },
    {
        "title": "Запись с Product Meetup — поговорили о логистике, экспериментах и приоритизации",
        "description": "Текст статьи не удалось получить",
        "data": "2022-08-08, 18:31",
        "rating": 13
    },
    {
        "title": "Kubernetes CronJob не запустился? Тогда мы с shared informer идём к вам",
        "description": "Текст статьи не удалось получить",
        "data": "2022-07-29, 17:01",
        "rating": 64
    },
    {
        "title": "Go, я создал: пишем тесты на Allure-Go",
        "description": "Текст статьи не удалось получить",
        "data": "2022-07-27, 13:03",
        "rating": 23
    },
    {
        "title": "Любовь, люди и роботы: как создать чат-бота, за которого не стыдно",
        "description": "Текст статьи не удалось получить",
        "data": "2022-07-21, 12:01",
        "rating": 17
    },
    {
        "title": "Пишем тесты на Go — выкладываем запись QA Meetup",
        "description": "Текст статьи не удалось получить",
        "data": "2022-07-18, 15:58",
        "rating": 12
    },
    {
        "title": "Что Go грядущий нам готовит? Разбираем долгожданный релиз 1.19",
        "description": "Текст статьи не удалось получить",
        "data": "2022-06-30, 13:06",
        "rating": 56
    },
    {
        "title": "Go, Allure и HTTP, или Как мило тестировать HTTP-сервисы на Go",
        "description": "Текст статьи не удалось получить",
        "data": "2022-06-22, 12:04",
        "rating": 51
    },
    {
        "title": "Многопоточный Python на примерах: избавляемся от дедлоков",
        "description": "Текст статьи не удалось получить",
        "data": "2022-06-16, 11:15",
        "rating": 31
    },
    {
        "title": "Считаем, сколько заплатить в магазине и проверяем поле морского боя: разбор задач для разработчиков C#, iOS и Android",
        "description": "Текст статьи не удалось получить",
        "data": "2022-06-14, 12:05",
        "rating": 12
    },
    {
        "title": "Триггернутые, или Как безболезненно встроить нагрузочное тестирование в ваш пайплайн",
        "description": "Текст статьи не удалось получить",
        "data": "2022-06-06, 12:32",
        "rating": 17
    },
    {
        "title": "Перформанс мониторинг по-взрослому: выкладываем запись Mobile Meetup",
        "description": "Текст статьи не удалось получить",
        "data": "2022-06-03, 10:21",
        "rating": 10
    },
    {
        "title": "Экспортируем модули из Go-сервиса: сотворение директории pkg",
        "description": "Текст статьи не удалось получить",
        "data": "2022-05-31, 13:25",
        "rating": 14
    },
    {
        "title": "Сказ о том, как мы нагружаем Ozon в мультиЦОД-архитектуре",
        "description": "Текст статьи не удалось получить",
        "data": "2022-05-30, 13:02",
        "rating": 18
    },
    {
        "title": "Как мы делали свой поиск в Ozon: эволюция архитектуры от SQL до O2",
        "description": "Текст статьи не удалось получить",
        "data": "2022-05-25, 15:04",
        "rating": 56
    },
    {
        "title": "Пережить распродажу на Ozon: хайлоад, сковородки и 38 инфарктов",
        "description": "Текст статьи не удалось получить",
        "data": "2022-05-16, 17:22",
        "rating": 54
    },
    {
        "title": "Медианы, подмассивы и времена года: ещё порция задач для QA-инженеров",
        "description": "Приветствуем всех любителей интересных головоломок. Мы уже разбирали задачи из отборочных туров нашего контеста для Go-разработчиков и QA-инженеров, а в этот раз приглашаем найти решения задачек из дополнительного раунда для QA-инженеров.",
        "data": "2022-05-06, 16:31",
        "rating": 46
    },
    {
        "title": "Как работает Backend-Driven UI на мобильном клиенте",
        "description": "Текст статьи не удалось получить",
        "data": "2022-04-29, 11:10",
        "rating": 17
    },
    {
        "title": "50 оттенков нагрузочного тестирования",
        "description": "Текст статьи не удалось получить",
        "data": "2022-04-26, 13:05",
        "rating": 25
    },
    {
        "title": "Куда уходит время? Боремся за миллисекунды в Kubernetes",
        "description": "Текст статьи не удалось получить",
        "data": "2022-04-25, 17:26",
        "rating": 139
    },
    {
        "title": "Не кодом единым: как мы попросили инженеров придумать маскота команды и что из этого вышло",
        "description": "Текст статьи не удалось получить",
        "data": "2022-04-22, 12:13",
        "rating": 40
    },
    {
        "title": "Machine Learning много не бывает: отчёт с ML-митапа",
        "description": "Текст статьи не удалось получить",
        "data": "2022-04-21, 12:06",
        "rating": 15
    },
    {
        "title": "Города, инверсии и логистика: разбор задач для QA-инженеров",
        "description": "Друзья, недавно мы опубликовали разбор задач из отборочного контеста на курс «Автоматическое тестирование веб-сервисов на Go». А теперь предлагаем поломать голову над задачами для QA-инженеров: сначала попробуйте найти решение самостоятельно, а потом сравните с нашими вариантами.",
        "data": "2022-04-18, 18:44",
        "rating": 22
    },
    {
        "title": "Маски, картины, тайные покупатели и анализ продаж: разбираем решения задач для Go-разработчиков",
        "description": "3 апреля на платформе All Cups прошло отборочное соревнование на курс «Продвинутая разработка микросервисов на Go» — это уже второй поток бесплатных курсов для разработчиков от Ozon Tech. Программа предназначена для мидлов, поэтому нужно было придумать задания и провести контест, чтобы отобрать релевантных участников.\n\nМетодисты All Cups совместно с организаторами разработали алгоритмические задачи, добавив актуального контекста. Здесь много любителей головоломок: предлагаем попробовать свои силы в задачах и сравнить с решениями.",
        "data": "2022-04-13, 13:16",
        "rating": 23
    },
    {
        "title": "220 платежей в секунду: выдержать нельзя упасть",
        "description": "Текст статьи не удалось получить",
        "data": "2022-03-31, 11:42",
        "rating": 24
    },
    {
        "title": "Grafana и автотесты: учимся измерять работу тестов",
        "description": "Управление — трудоёмкая работа, которая усложняется при отсутствии подходящего инструмента. Легко упустить из виду постоянно меняющиеся компоненты и сложно быть в курсе событий: что-то обязательно проходит незамеченным.\n\nGrafana позволяет собрать на одном экране разную информацию:\nрезультаты тестов в режиме реального времени,\nсрезы по окружениям, браузерам и чему угодно ещё,\nскорость выполнения тестов,\nпокрытие тестами страниц и действий на них,\nрезультаты релизов.\n\nЭтот список можно продолжать и вводить новые метрики для задач тестирования. Расположение метрик на одном экране позволяет получать прозрачные отчёты о тестировании, которые понятны и инженерам, и руководителям. Главное в этом деле — научиться измерять и правильно подсвечивать проблемы. Тогда управлять тестированием станет проще.\n\nНа примерах наших тестов покажу, как Grafana помогает в анализе результатов автотестирования, чтобы точнее понимать, что происходит.",
        "data": "2022-03-29, 16:14",
        "rating": 30
    },
    {
        "title": "Что лучше: Spark Structured Streaming или полное прекращение работы прода?",
        "description": "Текст статьи не удалось получить",
        "data": "2022-03-24, 12:16",
        "rating": 14
    },
    {
        "title": "Отчёт с митапа: PostgreSQL-as-Service — можем, умеем, практикуем",
        "description": "Текст статьи не удалось получить",
        "data": "2022-03-22, 13:28",
        "rating": 14
    },
    {
        "title": "Проект RISK: как мы управляем уязвимостями эффективно",
        "description": "Текст статьи не удалось получить",
        "data": "2022-03-17, 12:19",
        "rating": 17
    },
    {
        "title": "Как я разочаровался в low-code и стал руководителем команды разработки",
        "description": "Текст статьи не удалось получить",
        "data": "2022-02-25, 14:50",
        "rating": 13
    },
    {
        "title": "Go, я создал: интегрируем Allure в Go красиво",
        "description": "Текст статьи не удалось получить",
        "data": "2022-02-22, 15:26",
        "rating": 25
    },
    {
        "title": "Как мы создавали Data Management Platform: архитектура, проблемы, выводы",
        "description": "Текст статьи не удалось получить",
        "data": "2022-02-09, 19:10",
        "rating": 22
    },
    {
        "title": "Flutter vs Native: почему мы переходим с первого на второй",
        "description": "Текст статьи не удалось получить",
        "data": "2022-01-31, 13:08",
        "rating": 23
    },
    {
        "title": "Векторное представление товаров Prod2Vec: как мы улучшили матчинг и избавились от кучи эмбеддингов",
        "description": "Привет! Меня зовут Александр, я работаю в команде матчинга Ozon. Ежедневно мы имеем дело с десятками миллионов товаров, и наша задача — поиск и сопоставление одинаковых предложений (нахождение матчей) на нашей площадке, чтобы вы не видели бесконечную ленту одинаковых товаров.\nНа странице любого товара на Ozon есть картинки, заголовок, описание и дополнительные атрибуты. Всю эту информацию мы хотим извлекать и обрабатывать для решения разных задач. И особенно она важна для команды матчинга. \nЧтобы извлекать признаки из товара, мы строим его векторные представления (эмбеддинги), используя различные текстовые модели (fastText, трансформеры) для описаний и заголовков и целый набор архитектур свёрточных сетей (ResNet, Effnet, NFNet) — для картинок. Далее эти векторы используются для генерации фичей и товарного сопоставления.\nНа Ozon ежедневно появляются миллионы обновлений — и считать эмбеддинги для всех моделей становится проблематично. А что, если вместо этого (где каждый вектор описывает отдельную часть товара) мы получим один вектор для всего товара сразу? Звучит неплохо, только как бы это грамотно реализовать…",
        "data": "2022-01-28, 10:59",
        "rating": 30
    },
    {
        "title": "Отчёт с Ozon Tech QA Meetup: хорошие спикеры и доклады интересные",
        "description": "Текст статьи не удалось получить",
        "data": "2022-01-24, 16:11",
        "rating": 12
    },
    {
        "title": "Карманный справочник: сравнение синтаксиса MS SQL Server и PostgreSQL",
        "description": "Текст статьи не удалось получить",
        "data": "2022-01-21, 10:00",
        "rating": 78
    },
    {
        "title": "Обеспечение качества чат-бота: разбираем на примере слоёного пирога",
        "description": "Текст статьи не удалось получить",
        "data": "2022-01-20, 13:00",
        "rating": 21
    },
    {
        "title": "Как упавший продакшен делает нас лучше",
        "description": "Неважно, сколько раз ты упал. Важно — сколько раз ты поднялся.\n© Мой домашний сервер\n\nВы не ослышались. Речь не о том, что упавший продакшен — это хорошо. Это плохо. Но продакшен иногда падает, надо это признать. Этого надо не допускать, но к этому надо быть готовым. Каждое падение, каждый инцидент — это большой стресс, но даже в такой неприятной обстановке настоящий самурай может найти возможность стать лучше.\nИнциденты — это прекрасная возможность получить новые знания и навыки. Они выдёргивают нас из ежедневной рутины и сталкивают лицом к лицу с неожиданными трудностями и новыми людьми. Когда все собираются вместе и решают одну важную проблему, стирается иерархия и начинается самое интересное.",
        "data": "2021-12-29, 15:00",
        "rating": 30
    },
    {
        "title": "Почему я перешёл с Python на Go: choose your fighter",
        "description": "Привет, Хабр! Меня зовут Саша, я бэкенд-разработчик в Ozon. Пишу платформу для контента, который генерят пользователи: отзывов, комментов, вопросов, ответов. Раньше я писал на Python. Выбрал его изначально из-за лёгкого синтаксиса и большого количества вакансий для Python-разработчиков — изи катка для входа в профессию. \n\nВ один момент мне написали из Ozon: «П̶с̶с̶,̶ ̶п̶а̶р̶е̶н̶ь̶,̶ ̶п̶о̶к̶о̶д̶и̶т̶ь̶ ̶н̶а̶ ̶G̶o̶ ̶н̶е̶ ̶х̶о̶ч̶е̶ш̶ь̶?̶ Предлагаем переход на Golang с текущего стека, обучение за счёт компании».\n\nКаждый инженер десятки раз в своей карьере сталкивается с выбором: оставаться дальше на той технологии, на которой он работает, или уходить на другую. В статье я расскажу, по каким критериям я сравнивал две технологии, и почему принял решение переехать на другой язык.\n\n\nСреди разработчиков бытует мнение, что язык вторичен. Мол, главное — уметь в computer science, а на чём писать — не так уж важно. Но так считают хардкорные разработчики, они вертят деревья, смотрят на всех свысока и зарабатывают 300кк в наносекунду. Я же программист-полукровка (без высшего технического образования, а ещё мои родители — маглы) и считаю, что смена языка — важный шаг и нужно хорошенько прикинуть, прежде чем в это вписываться. Будем откровенны, если у вас за плечами десять лет на плюсах, вряд ли вам предложат должность senior iOS-разработчика на Swift. Проблема в том, что каждый язык имеет свои особенности и на их изучение требуется время.",
        "data": "2021-12-28, 16:18",
        "rating": 45
    },
    {
        "title": "Название статьи не удалось получить",
        "description": "Текст статьи не удалось получить",
        "data": "2021-12-23, 14:00",
        "rating": 36
    },
    {
        "title": "Как есть слонов по кусочкам в крупных популяциях, или как мы работаем с большими проектами",
        "description": "Привет, Хабр! Давайте поговорим о проектном управлении в продуктах Ozon.\n\nМеня зовут Андрей, я пришёл в компанию менеджером по продукту полгода назад. И первое, что бросилось мне в глаза, — отсутствие излишней бюрократии, которую ожидаешь встретить в корпорации: формальных планёрок, отчётных встреч, бесконечных служебок и приказов. Ура! Не надо отчитываться по решённым задачам разработчиков, объёму техдолга, собирать статистику спринтов, искать виноватых или самому ходить «на ковёр».\n\nПри дальнейшем погружении в работу нашей команды выяснилось, что частично эти процессы всё же есть, но реже, чем я ожидал в начале. Отчеты — перед заказчиками по проектам в работе, а планирование происходит раз в месяц (как и у большинства других команд); ключевой формат планирования — технический комитет, где встречаются заказчики от бизнеса и исполнители от IT.\n\nТакой подход к планированию связан с масштабом — количеством и размером продуктов в Ozon. Здесь нет фундаментального ноу-хау — принцип «Давайте есть слона по кусочкам» для работы с большими проектами работает и в нашем случае. Наша специфика в том, что приходится думать не только о нюансах работы с отдельно взятым слоном, но и об их популяции: учёте, хранении, планировании поставок, селекции и разведении. \n\n\nОткуда в Ozon появляются слоны, как организованы процесс поставки проектным командам, как организовано верхнеуровневое планирование и отчётность, — расскажу в серии статей. В этот раз — о том, с чего всё начинается.",
        "data": "2021-12-23, 12:34",
        "rating": 16
    },
    {
        "title": "Автоматическое тестирование аналитики в браузере",
        "description": "Представьте себе такую ситуацию. Вы запилили мегакрутую фичу на странице сайта и через месяц решили оценить её эффективность. Начинаете считать — и понимаете, что своим релизом вы сломали метрики на странице: случайно удалили код, отправляющий важные события аналитики, или забыли покрыть новую фичу событиями. Знакомо?\n\nСобытия — это действия пользователей на сайте, которые можно отслеживать: клики на кнопки, переходы и просмотры страниц. Когда пользователь совершает целевое действие, в систему аналитики отправляется событие. В итоге мы получаем отчёт о поведении пользователей на конкретной странице сайта.\n\nЕсли события приходят некорректно, отчёт будет недостоверным.\n\nТестирование всех событий продуктовой аналитики перед каждым релизом обычно отнимает много времени. В этой статье я расскажу, как автоматизировать этот процесс.",
        "data": "2021-11-30, 10:18",
        "rating": 58
    },
    {
        "title": "Что должно быть в базе знаний, чтобы всем было хорошо",
        "description": "Текст статьи не удалось получить",
        "data": "2021-11-25, 09:56",
        "rating": 22
    },
    {
        "title": "Доводим распределённые действия до конца с использованием простейшего паттерна Saga",
        "description": "Привет! Меня зовут Иван, я занимаюсь бэкенд-разработкой в Ozon: пишу микросервисы на Go для личного кабинета продавца. В прошлом году мы запустили новый процесс регистрации продавцов, в котором задействовано сразу несколько микросервисов. В нём стало больше шагов, при этом каждый из них выполняется в разных микросервисах. Поэтому мы задались вопросом: «А что будет, если один из шагов упадёт?».\n\nВ микросервисной архитектуре давно известен инструмент решения подобных проблем — это паттерн Saga. Мы решили взять его на вооружение и немного упростить под нашу задачу. Я расскажу о том, как мы это сделали, и покажу, что Saga может быть простой. Так что если вы давно хотели попробовать реализовать Saga, но вам казалось, что это сложно — читайте дальше.",
        "data": "2021-11-22, 15:33",
        "rating": 53
    },
    {
        "title": "Для мониторинга CronJob в Kubernetes нужен простой советский…",
        "description": "Привет, Олимпийский Хабр! Меня зовут Аня, я работаю в Ozon: строю и развиваю инфраструктуру мониторинга в Observability-платформе. Моя команда помогает разработчикам следить за своими сервисами и своевременно получать алерты, если что-то идёт не так.\n\nНа Хабре довольно много статей о том, что такое кроны, как и где можно запускать их по расписанию, о плюсах и минусах каждого варианта и о том, как запускает кроны Kubernetes. Поэтому в моей статье об этом мы говорить не будем.\n\nЯ расскажу, как мы решали конкретную проблему мониторинга CronJob, запущенных в Kubernetes.",
        "data": "2021-10-29, 16:13",
        "rating": 54
    },
    {
        "title": "Зачем и как хранить объекты на примере MinIO",
        "description": "Текст статьи не удалось получить",
        "data": "2021-10-28, 12:10",
        "rating": 24
    },
    {
        "title": "Автоматизация тестирования микросервисов: плюсы и минусы тестов на Go",
        "description": "Текст статьи не удалось получить",
        "data": "2021-10-27, 17:08",
        "rating": 27
    },
    {
        "title": "Четыре шага к разработке и внедрению учётного сервиса без переноса остатков",
        "description": "Привет, Хабр! Последние 6 лет я работаю системным аналитиком и понимаю, что при внедрении разного рода учётного функционала аналитикам часто приходится переносить остатки из старых систем с сомнительным качеством данных. В этой статье я расскажу, как разработать сервис балансового учёта так, чтобы не пришлось переносить остатки.\n\nПеренос остатков для аналитиков и разработчиков — удовольствие ниже среднего, потому что:\n\nПриходится копаться в невероятно большом количестве данных, накопленных за много лет:\nТакая информация, как правило, не стандартизирована, так как программное обеспечение, которое её сохраняет и читает, постоянно дорабатывается. Например, у нас был случай, когда оказалось, что стоимость товара указывается в поле «Cost» только последние пять лет, а раньше было вообще по-другому. И тот факт, что мы это узнали, — просто счастливая случайность.\nВместе с огромным количеством данных накапливается огромное количество ошибок, так как внесение практически любой информации так или иначе связано с ручным вводом данных, а человеческий фактор никто не отменял.\n\nКоманда хочет заниматься именно разработкой нового программного обеспечения. Копание в цифрах и попытки свести их с другими цифрами — это не то, что коллеги будут делать с удовольствием и должным вовлечением.\n\nИтак, как же можно решить проблему переноса остатков?",
        "data": "2021-10-26, 11:43",
        "rating": 10
    },
    {
        "title": "Название статьи не удалось получить",
        "description": "Текст статьи не удалось получить",
        "data": "2021-10-05, 14:09",
        "rating": 30
    },
    {
        "title": "Битва снифферов: Charles vs Proxyman",
        "description": "Текст статьи не удалось получить",
        "data": "2021-09-23, 18:42",
        "rating": 30
    },
    {
        "title": "Применение двоичной логики в недвоичных операциях: оптимизируем производительность и ресурсы",
        "description": "Текст статьи не удалось получить",
        "data": "2021-09-09, 15:03",
        "rating": 14
    },
    {
        "title": "Анализируем данные с помощью визуализации: рисуем поверх Google Maps",
        "description": "Текст статьи не удалось получить",
        "data": "2021-08-26, 14:54",
        "rating": 16
    },
    {
        "title": "Как избавиться от дублей в базе данных (на примере MS SQL)",
        "description": "Текст статьи не удалось получить",
        "data": "2021-08-25, 09:03",
        "rating": 58
    },
    {
        "title": "Как в восемь раз уменьшить количество DNS-запросов в Go",
        "description": "Текст статьи не удалось получить",
        "data": "2021-08-19, 15:01",
        "rating": 51
    },
    {
        "title": "Как автоматизировать безопасный декодинг массивов в Swift с @propertyWrapper",
        "description": "Текст статьи не удалось получить",
        "data": "2021-08-17, 13:02",
        "rating": 19
    },
    {
        "title": "Какая документация нужна вашему проекту и кто должен её писать",
        "description": "Текст статьи не удалось получить",
        "data": "2021-08-12, 18:12",
        "rating": 16
    },
    {
        "title": "Мониторинг пет-проектов на коленке: Netdata, Monitoror, N8N",
        "description": "Текст статьи не удалось получить",
        "data": "2021-08-10, 15:01",
        "rating": 18
    },
    {
        "title": "Масштабируем команду мобильной разработки: как мы в Ozon справились с ростом до 44 iOS, Android и QA на одном приложении",
        "description": "Текст статьи не удалось получить",
        "data": "2021-07-09, 11:27",
        "rating": 10
    },
    {
        "title": "Шаблон заведения бага",
        "description": "Встречали ли вы баги, где было недостаточно информации для понимания про что это? А тикеты, в которых было сложно найти нужную информацию, хотя где-то она все-таки есть? Кажется, команды сами усложняют себе работу не используя стандарт заведения тикетов-багов. И я решила поделиться шаблоном, который используем мы.",
        "data": "2021-07-08, 08:30",
        "rating": 7
    },
    {
        "title": "Почему PostgreSQL тормозит: индексы и корреляция данных",
        "description": "Текст статьи не удалось получить",
        "data": "2021-07-06, 09:21",
        "rating": 46
    },
    {
        "title": "10 практик «ответственного» тимлида",
        "description": "Тимлидами редко рождаются, чаще — становятся. Самый частый пример, который я видел — тимлидом назначают самого ответственного разработчика из команды. Наделить ответственного человека еще большей ответственностью — сильное и эффективное решение, правда же? \nКак говорил дядя Бен, большая сила — это большая масса, умноженная на большое ускорение большая ответственность. Поэтому новоиспеченный тимлид (со всей этой растущей ответственностью и силой) может поддаться соблазну принимать как можно больше сильных и эффективных решений.  \nДавайте рассмотрим десять простых практик, которые помогают ответственному тимлиду добиться нужного результата.",
        "data": "2021-07-02, 09:30",
        "rating": 21
    },
    {
        "title": "Почему мы решили создать Школу Go? Про доступное образование, брата-близнеца и смысл жизни",
        "description": "Привет, меня зовут Слава Вершинин. В марте 2021 года Ozon запустил проект Go to Ozon — бесплатный курс по разработке на языке Go для middle-программистов. В этом посте — о том, почему мы решили запустить такой проект, какие он дает плюсы, причем тут мой брат-близнец, а также немного о смысле жизни. Но главное, если вы давно задумываетесь о том, чтобы научиться программировать на Go, возможно, этот курс был создан специально для вас.",
        "data": "2021-06-29, 14:02",
        "rating": 13
    },
    {
        "title": "Онбординг нового сотрудника как прохождение игры",
        "description": "Текст статьи не удалось получить",
        "data": "2021-06-25, 08:43",
        "rating": 16
    },
    {
        "title": "Майним еще больше данных: настраиваем сбор рекламной статистики TikTok за день",
        "description": "Текст статьи не удалось получить",
        "data": "2021-06-11, 07:03",
        "rating": 6
    },
    {
        "title": "Чиним проблемы нагрузок в Go с помощью настройки пула HTTP-соединений",
        "description": "- Ребята, кажется, вы таймаутите. Вот трейс, на котором видно, что мы не дождались от вас ответа за 2 секунды. \n- Ничего подобного, у нас все норм — мы за 200 миллисекунд отвечаем в 99% запросов. А вот вы по какой-то причине часто преждевременно обрываете соединение. \nТакой разговор однажды произошёл у нас в Ozon между моей командой личного кабинета продавца и коллегами, которые пишут сервис аутентификации. Причина проблемы оказалась в дефолтных настройках Go для пула HTTP-соединений. Как так вышло, как мы обнаружили проблему и как исправлять подобные ситуации в микросервисах на Go – об этом моя сегодняшняя история. ",
        "data": "2021-06-09, 18:39",
        "rating": 12
    },
    {
        "title": "«Работе с данными нельзя научить»: Александр Дьяконов для OzonMasters",
        "description": "Текст статьи не удалось получить",
        "data": "2021-06-07, 16:34",
        "rating": 4
    },
    {
        "title": "Как строить диаграмму Гантта по Jira-тикетам",
        "description": "Текст статьи не удалось получить",
        "data": "2021-06-04, 07:00",
        "rating": 11
    },
    {
        "title": "Новая роль в команде: технический писатель",
        "description": "Текст статьи не удалось получить",
        "data": "2021-05-27, 11:12",
        "rating": 3
    },
    {
        "title": "За что банит Apple(и Google)",
        "description": "Текст статьи не удалось получить",
        "data": "2021-05-27, 00:48",
        "rating": 21
    },
    {
        "title": "Figma: плагины для продуктового дизайна. Локальный топчик с видео-инструкцией",
        "description": "Текст статьи не удалось получить",
        "data": "2021-05-25, 15:07",
        "rating": 9
    },
    {
        "title": "Адаптивная балансировка нагрузки или как повысить надёжность микросервиса",
        "description": "Текст статьи не удалось получить",
        "data": "2021-05-24, 12:43",
        "rating": 8
    },
    {
        "title": "Как мы пришли к релизам мобильных приложений раз в неделю",
        "description": "Текст статьи не удалось получить",
        "data": "2021-05-23, 16:01",
        "rating": 7
    },
    {
        "title": "Архитектура кода программного обеспечения: декорируем стратегией. Рассказ в 10 эпизодах, основанный на реальных событиях",
        "description": "Текст статьи не удалось получить",
        "data": "2021-05-21, 07:00",
        "rating": 5
    },
    {
        "title": "Хорошие новости для тех, кто всё ещё использует row-level локи в PostgreSQL",
        "description": "Текст статьи не удалось получить",
        "data": "2021-05-19, 09:08",
        "rating": 17
    },
    {
        "title": "Запускаем AssemblyScript в Go",
        "description": "Пока одни обсуждают что не так с WebAssembly, я думаю как его можно использовать вне браузера. Например написание wasm фильтров для Envoy. AssemblyScript был взят потому, что это не C++ и не Rust, т.е. ожидается более низкий порог вхождения. Под катом будет дико примитивный код и пару бенчмарков. Картинка взята из бенчмарка.",
        "data": "2021-02-03, 10:47",
        "rating": 9
    },
    {
        "title": "Каждый третий айтишник в России — самоучка",
        "description": "Привет, Хабр! В преддверии 256-го дня года мы решили выяснить, а как вообще люди приходят в IT. Так мы опросили больше 700 специалистов со всей страны — и вот что выяснили.",
        "data": "2020-09-11, 14:11",
        "rating": 4
    },
    {
        "title": "Мы все записали: доклады Ozon на GopherCon Online 2020",
        "description": "Привет, Хабр! В этом году для GopherCon команда Ozon Tech подготовила пару часов докладов на самые разные темы: от классических — о микросервисной архитектуре, до по-настоящему гошных.\n\n\n\nИтак для всех, кто пропустил онлайн, в нашем плейлисте доклады от разработчиков одной из самых больших Golang-команд России.",
        "data": "2020-08-21, 09:28",
        "rating": 3
    },
    {
        "title": "RxRelay – это магия? Subject vs RxRelay",
        "description": "В Android-комьюнити я встречал три типа разработчиков, которые сталкивались с RxRelay:\n\nТе, кто не понимают зачем RxRelay используется в их проекте, зачем он нужен и чем отличается от Subject\nТе, кто думают, что RxRelay «проглатывает» ошибки или «после того, как произошла ошибка RxRelay, продолжит работать, а Subject — нет» (та самая магия)\nТе, кто действительно знает, что такое RxRelay.\n\nПока первые два типа встречаются чаще, я решил написать статью, которая поможет разобраться в том, как работает RxRelay и проверить его «магические» свойства.",
        "data": "2020-08-03, 08:49",
        "rating": 8
    },
    {
        "title": "Как Ozon, Тинькофф, Яндекс.Практикум, Школа 21 и GeekBrains учат разработчиков",
        "description": "Мы собрали руководителей образовательных проектов «Тинькофф», «Яндекс.Практикума», «Школы 21» и GeekBrains, позвали нашего CTO Антона Степаненко и хедхантера Алену Владимирскую и поговорили о том, чему и как учат компании, и кого готовы нанять. В этом тексте собрали тезисы докладов и ответы на вопросы, конечно.",
        "data": "2020-07-23, 09:49",
        "rating": 0
    },
    {
        "title": "Митап «Образование в IT: чему стоит поучиться у бизнеса» — разбираемся в программах и курсах и планируем карьеру",
        "description": "IT-компании запускают собственные программы обучения — чем они отличаются от университетских, кому могут быть полезны, зачем нужны бизнесу и дают ли гарантии получить работу? Ответить на эти и другие вопросы помогут руководители образовательных проектов и IT-подразделений Ozon, Яндекса, Тинькофф, Сбербанка, Geek Brains и самый известный хедхантер рунета Алена Владимирская. Встречаемся уже в этот четверг, 16 июля в 18:00 на онлайн-митапе «Образование в IT».",
        "data": "2020-07-13, 10:30",
        "rating": 4
    },
    {
        "title": "Bug bounty Ozon: вопросы и ответы",
        "description": "Мы запустили публичную bug bounty программу на HackerOne — теперь за найденные на сайте Ozon уязвимости можно получить вознаграждение, а заодно помочь компании, сервисом которой пользуются друзья, знакомые и родственники. В этой статье команда информационной безопасности Ozon отвечает на самые популярные вопросы о программе.",
        "data": "2020-07-06, 14:25",
        "rating": 7
    },
    {
        "title": "Демо-день Ozon Go",
        "description": "Встречаемся онлайн с ведущими разработчиками команды Ozon, а по совместительству преподавателями школы Ozon Go, чтобы поговорить о том, как грамотно писать код, и том, как код на Go используют в Ozon. Будет полезно как тем, кто ожидает результатов отбора на Ozon Golang School, так и тем, кто в отборе не участвовал.",
        "data": "2020-06-08, 12:06",
        "rating": 4
    },
    {
        "title": "Как научиться Data Science и Business Intelligence бесплатно? Расскажем на дне открытых дверей в Ozon Masters",
        "description": "В сентябре 2019 мы запустили Ozon Masters — бесплатную образовательную программу для тех, кто хочет научиться работать с большими данными. В эту субботу мы расскажем о курсе вместе с его преподавателями в прямом эфире дня открытых дверей — а пока немного вводных о программе и поступлении.",
        "data": "2020-04-23, 16:43",
        "rating": 3
    },
    {
        "title": "Как сэкономить время и силы на внедрении стандартов безопасной разработки с помощью OWASP SAMM",
        "description": "5 марта 2020 года в офисе OZON прошёл очередной митап Московского отделения сообщества OWASP. Кажется, что получилось здорово, а краткий отчёт с материалами встречи был недавно опубликован на Хабре. В этом же посте представлен доклад oxdef.\n\nПродолжая серию экспресс-докладов про проекты OWASP, сегодня мы поговорим о OWASP SAMM — одном из важнейших проектов сообщества. В начале года вышла его вторая версия — и это хороший повод рассказать о фреймворке подробнее.",
        "data": "2020-04-22, 10:33",
        "rating": 7
    },
    {
        "title": "Павел Клеменков, NVIDIA: Мы стараемся уменьшить разрыв между тем, что data scientist умеет, и тем, что он должен уметь",
        "description": "Стартовал второй набор студентов магистерской программы по data science и business intelligence Ozon Masters – а чтобы решиться оставить заявку и пройти онлайн-тестирование было проще, мы расспросили преподавателей программы о том, чего стоит ожидать от обучения и работы с данными.\n\nChief Data Scientist NVIDIA и преподаватель курса по Big Data и Data Engineering Павел Клеменков рассказал о том, зачем математикам писать код и два года учиться в Ozon Masters.\n\n— Много ли вообще компаний, которые используют алгоритмы data science?\n\n— На самом деле немало. Довольно много крупных компаний, у которых есть реально большие данные, либо начинают с ними эффективно работать, либо уже давно работают. Понятно, что половина рынка использует данные, которые поместятся в Excel-табличку или могут быть посчитаны на большом сервере, но говорить о том, что бизнесов, умеющих работать с данными, единицы — нельзя.",
        "data": "2020-04-17, 10:16",
        "rating": 11
    },
    {
        "title": "До того, как это стало мейнстримом: как мы запускали бесконтактную доставку",
        "description": "Летом прошлого года первыми среди российских сервисов мы запустили сервис «доставка до двери» — еще чуть больше полугода назад оставлять посылки у двери было не принято.",
        "data": "2020-03-27, 14:13",
        "rating": 14
    },
    {
        "title": "Девушки в tech, Ozon Tech",
        "description": "Накануне «дня прекрасных и весенних», в который желают «простого женского счастья» и «женственности», девушки из команды Ozon расспросили девушек из IT-команды Ozon о стереотипах. В том числе гендерных.",
        "data": "2020-03-07, 13:09",
        "rating": 12
    },
    {
        "title": "Мы поддерживаем культуру открытого кода и каждого человека, который ее развивает",
        "description": "Мы уверены, что открытый код — одна из основ быстрого развития технологий. Иногда такие решения становятся бизнесом, но важно, что труд энтузиастов и код, который находится в их основе, могут использовать и улучшать команды по всему миру.",
        "data": "2019-12-14, 08:48",
        "rating": 17
    },
    {
        "title": "Смотрим Flutter Interact Worldwide в офисе Ozon",
        "description": "Хотите узнать что произошло в мире Flutter за 2019 год? Тогда присоединяйтесь к нам 11 декабря на Flutter Interact Worldwide!\n\nFlutter Interact — это конференция Google, на которой команда Flutter будет подводить итоги и рассказывать, что они сделали за этот год и о своих дальнейших планах. После трансляции keynotes будет пара докладов (TBD) и, конечно, пицца.\n\nВстречаемся в 17:30, на 30 этаже в Башне на Набережной (Пресненская набережная, 10). Но для начала зарегистрируйтесь здесь.",
        "data": "2019-12-07, 12:45",
        "rating": 4
    },
    {
        "title": "Хакни пайплайн: хакатон по разметке данных от Ozon, Яндекс.Толоки и Нетологии",
        "description": "У нас есть много, очень много данных, функционал Яндекс.Толоки — и призовой фонд. Что предстоит делать? Придумать решение для разметки большого массива данных. Встречаемся 1 декабря на хакатоне «Хакни пайплайн».",
        "data": "2019-11-25, 12:11",
        "rating": 3
    },
    {
        "title": "Ментальные модели продакт менеджмента для всех",
        "description": "Ментальные модели — это простые выражения сложных процессов или отношений. Эти модели можно собирать и использовать для принятия более быстрых и качественных решений.\n\nВот пример: принцип Парето гласит, что около 80% всех результатов приходится на 20% усилий.\n\nВ контексте управления продуктами модель предполагает, что вместо того, чтобы потратить 100% усилий и покрыть 100% желаний клиентов, можно потратить 20% — и удовлетворить 80% желаний. Команды разработчиков постоянно прибегают к этому принципу, и результаты часто выглядят неплохо, когда 20% клиентов с более сложными кейсами не поддерживаются.\n\nМентальные модели могут стать мощным инструментом, но их полезность ограничена контекстами, из которых они экстраполированы. Чтобы преодолеть это ограничение, не полагайтесь на одну или даже несколько моделей — вместо этого нужно постоянно строить сеть ментальных моделей, на которую можно опираться для принятия оптимальных решений.",
        "data": "2019-09-24, 10:38",
        "rating": 10
    },
    {
        "title": "Elasticsearch Moscow meetup в Ozon",
        "description": "Давно не виделись! Пора собраться в офисе Ozon, чтобы обсудить «поисковые» делишки и задать вопросики. От вечных: как решить проблему, ничего не сломав, как повысить качество поиска и проверить, что оно действительно стало выше? До нетривиальных: как погода влияет на цвет машины и как можно эту информацию использовать?",
        "data": "2019-09-16, 16:12",
        "rating": 5
    },
    {
        "title": "Первый в Москве WIAD: как прошел, и о чем говорили",
        "description": "Всемирный день информационной архитектуры традиционно обходил Москву стороной — но мы решили это исправить. Как прошло, кто пришел, о чем рассказали — в отчете с митапа об информационной архитектуре в OZON.",
        "data": "2019-03-26, 06:20",
        "rating": 13
    },
    {
        "title": "MOBILE FIRST: Hackathon в OZON",
        "description": "Когда релиз раз в две недели, новые фичи приходят от бизнеса, и технический долг требует свое — приходит время хакатона. Меня зовут Дмитрий Антышев, я iOS-разработчик в OZON, расскажу о том, как 27 февраля мы провели первый хакатон для мобильной команды.",
        "data": "2019-03-14, 12:23",
        "rating": 14
    },
    {
        "title": "«Информационная архитектура»: митап в OZON",
        "description": "Отмечаем Всемирный день информационной архитектуры первым митапом о том, как выстроить информацию и документацию внутри цифрового продукта, чтобы команде и пользователям не было мучительно и непонятно. Встречаемся 26 февраля у нас.",
        "data": "2019-02-15, 12:35",
        "rating": 9
    },
    {
        "title": "Введение в робастную оптимизацию [… и маленький листочек со списком покупок, который я забыл...]",
        "description": "Как определить, сколько людей нужно нанять на новый fulfillment, чем именно его заполнить и куда положить конкретный товар? Чем больше становится бизнес, тем выше неопределенность и тем дороже стоит ошибка. Победить хаос и выбрать оптимальное решение — одна из задач команды data science. А поскольку в основе анализа данных — математика, с нее и начнём.\n\nВ этом посте мы рассмотрим задачи оптимизации с неопределенностью в данных и их аппроксимацию детерминированными выпуклыми задачами. Это один из основных трюков в робастной оптимизации — технике, позволяющей справляться с задачами оптимизации, слишком чувствительными к изменению входных данных.\n\nВопрос чувствительности очень важен. Для задач, качество решения которых слабо зависит от изменения в данных, проще использовать привычную стохастическую оптимизацию. Однако в задачах с высокой чувствительностью этот подход будет давать плохой результат. Таких задач много в финансах, управлении поставками, проектировании и многих других областях.\n\nИ да, это пример поста, где сложность растет экспоненциально (сорян уж)…",
        "data": "2019-02-07, 21:51",
        "rating": 20
    },
    {
        "title": "Использование DiagnosticSource в .NET Core: практика",
        "description": "В предыдущей статье я рассказал про механизм DiagnosticSource и на простом примере показал, как с его помощью можно перехватывать запросы в базу данных через классы SqlConnection и SqlCommand и измерять время их выполнения.\n\nВ настоящее время DiagnosticSource уже используется в AspNetCore, EntityFrameworkCore, HttpClient и SqlClient — каждый из них отправляет собственные события, которые могут быть перехвачены и обработаны.\n\nВ этой статье я хочу рассмотреть несколько примеров того, как можно на практике использовать DiagnosticSource в приложениях ASP.NET Core.\n\nCorrelationID и пробрасывание заголовков между сервисами\nСбор метрик и трассировок\nЛогирование\n\nКроме того, в этой статье я решил собрать список событий, которые доступны для обработки и могут быть использованы в ваших приложениях, а также рассказать о некоторых подводных камнях, с которыми вы можете столкнуться, если решите использовать механизм DiagnosticSource в своём проекте.",
        "data": "2019-01-29, 18:37",
        "rating": 25
    },
    {
        "title": "Использование DiagnosticSource в .NET Core: теория",
        "description": "DiagnosticSource — это простой, но весьма полезный набор API (доступен в NuGet пакете System.Diagnostics.DiagnosticSource), который, с одной стороны, позволяет различным библиотекам отправлять именованные события о своей работе, а с другой — позволяет приложениям подписываться на эти события и обрабатывать их.\n\nКаждое такое событие содержит дополнительную информацию (payload), а поскольку обработка событий происходит в том же процессе, что и отправка, эта информация может содержать практически любые объекты без необходимости сериализации/десереализации.\n\nDiagnosticSource уже используется в AspNetCore, EntityFrameworkCore, HttpClient и SqlClient, что фактически даёт разработчикам возможность перехватывать входящие/исходящие http запросы, запросы к базам данных, получать доступ к таким объектам, как HttpContext, DbConnection, DbCommand, HttpRequestMessage и многим другим и даже изменять эти объекты при необходимости.\n\nЯ решил разделить свой рассказ про DiagnosticSource на две статьи. В этой статье мы на простом примере разберем принцип работы механизма, а в следующей я расскажу о существующих в .NET событиях, которые можно обрабатывать с его помощью и покажу несколько примеров его использования в OZON.ru.",
        "data": "2019-01-15, 10:12",
        "rating": 26
    },
    {
        "title": "Кое-что нашли: доклады с Elasticsearch Moscow meetup в OZON",
        "description": "Для тех, кто досмотрел все сезоны новых и любимых сериалов, у нас есть кое-что поинтереснее — видео с Elasticsearch meetup в OZON.",
        "data": "2019-01-07, 14:50",
        "rating": 14
    },
    {
        "title": "OZON изнутри: feels like a startup",
        "description": "Ozon.ru — почти ровесник Рунета, в свои 20 лет мы старше многих наших клиентов. Из книжного интернет-магазина компания выросла в e-commerce платформу, которая объединяет инфраструктуру fulfillment-центров и логистики, веб и мобильные приложения, выдерживает и набеги десятков миллионов пользователей во время распродаж, и атаки интернет-мошенников.\n\n\n\nВ этом посте мы немного расскажем про себя: о том, как перестраиваем и развиваем платформу, одновременно обслуживая 1,2 млн пользователей ежедневно. А заодно покажем офис, где трудится IT-лаборатория OZON, ну и пару шикарных видов из его окон.",
        "data": "2018-12-24, 16:14",
        "rating": 44
    },
    {
        "title": "Векторные представления товаров, или еще одно применение модели Word2Vec",
        "description": "Каждый день полтора миллиона людей ищут на Ozon самые разные товары, и к каждому из них сервис должен подбирать похожие (если пылесос все-таки нужен помощней) или сопутствующие (если к поющему динозавру нужны батарейки). Когда видов товаров тоже много, решить задачу помогает модель Word2Vec. Разбираемся, как она работает и как создавать векторные представления для произвольных объектов.",
        "data": "2018-12-12, 11:07",
        "rating": 35
    },
    {
        "title": "Winter frontend meetup в OZON",
        "description": "Привет, Хабр! 13 декабря встречаемся в офисе OZON, чтобы поговорить о фронтенде (с перерывами на пиццу и пиво, конечно). Разработчики из OZON, Яндекса и Альфа-Банка расскажут о том, как объединить зоопарк систем, провести рефакторинг, переехать на Typescript и внести свой вклад в развитие комьюнити.",
        "data": "2018-12-10, 16:07",
        "rating": 18
    },
    {
        "title": "Как прогнозировать спрос и автоматизировать закупки с помощью machine learning: кейс Ozon",
        "description": "В интернет магазине Ozon есть примерно всё: холодильники, детское питание, ноутбуки за 100 тысяч и т.д. Значит, все это есть и на складах компании — и чем дольше товары там лежат, тем дороже обходятся компании. Чтобы выяснить, сколько и чего людям захочется заказать, а Ozon нужно будет закупить, мы использовали machine learning.",
        "data": "2018-12-04, 10:35",
        "rating": 36
    }
]