[
    {
        "title": "Обзор рынка электронных проходных",
        "description": "Текст статьи не удалось получить",
        "data": "2023-07-11, 14:13",
        "rating": 1
    },
    {
        "title": "Интеграция СКУД PERCo и SAP на крупном металлургическом предприятии",
        "description": "Текст статьи не удалось получить",
        "data": "2023-05-17, 12:59",
        "rating": -1
    },
    {
        "title": "Как настроить шлагбаум с помощью мобильного приложения",
        "description": "Текст статьи не удалось получить",
        "data": "2023-04-17, 12:02",
        "rating": 2
    },
    {
        "title": "Как мы разрабатывали универсальный контроллер PERCo",
        "description": "Текст статьи не удалось получить",
        "data": "2023-03-30, 12:51",
        "rating": 3
    },
    {
        "title": "Intersec 2023. Тренды рынка турникетов",
        "description": "Текст статьи не удалось получить",
        "data": "2023-03-17, 15:43",
        "rating": 2
    }
]