[
    {
        "title": "PushAll как частичная замена Telegram",
        "description": "Роскомнадзор безуспешно блокирует Телеграм, но уже совсем скоро скачать приложение будет не так просто. Не будут работать сами страницы сайта телеграма и его веб-версия. А также все ссылки вида t.me.\n\nОсновная проблема не для обычных пользователей — они могут локально бороться с блокировками и общаться в узких кругах и дальше. Проблема в том, что телеграм понемногу будет утихать на российском рынке, новым пользователям будет сложно присоединиться, а старые будут испытывать неудобства обходя блокировки.\n\nМы работаем с уведомлениями с 2015 года (4 года) Тогда телеграм еще не был таким популярным, не было ботов и каналов. Мы предлагали наш сервис как решение в области отправки уведомления на множество платформ без создания собственной инфраструктуры.\n\nА потом вышел телеграм с чатами и ботами (бота мы кстати реализовали одни из первых и написали об этом статью) и в наших постах стали писать «Зачем это нужно, если есть телеграм??» А теперь телеграм заблокирован. И скорее всего множественные чаты, боты и каналы и повлекли к блокировке — ведь именно из за крупных закрытых чатов, РКН считает что в телеграме могут находиться крупные террористические группировки. Наше же мнение, что боты и каналы в телеграме сделали из него «интернет в интернете» в неудобном виде.",
        "data": "2018-04-17, 01:57",
        "rating": -29
    },
    {
        "title": "PushFeed — мониторинг RSS и VK лент",
        "description": "У многих наверняка есть проблема отслеживания информации. С самого создания PushAll мы сделали интеграцию каналов с RSS лентами, а потом и с лентами ВКонтакте. Несмотря на то, что сейчас есть много различных RSS-ридеров, многие создавали каналы лишь для того, чтобы самому получать оповещения о новых записях в лентах, что идет в разрез с самой идеей создания каналов — рассылкой уведомлений группам людей.\n\nМы создали канал-микросервис PushFeed, который позволяет указать ленту, фильтры, приоритет, время жизни и другие параметры — чтобы получать уведомления с этого канала на любые ваши устройства с нужными вами параметрами.",
        "data": "2017-12-31, 18:34",
        "rating": 9
    },
    {
        "title": "Rich Notifications, utm-метки, webhook и другие нововведения PushAll",
        "description": "За последние 5 месяцев произошло много изменений в PushAll. Много мелких изменений, правок ошибок и оптимизаций, но есть и крупные изменения, о которых мы опишем в статье. Каждый пункт выполнен в стиле how-to.",
        "data": "2017-06-14, 22:04",
        "rating": 0
    },
    {
        "title": "PushAll Auth — аутентификация и обратная связь с пользователем",
        "description": "Для чего мы используем электронную почту? Чаще всего, мы используем Email для регистрации и входа на различных сайтах, а также чтобы держать связь с этими сайтами – они могут прислать вам информацию о вашем аккаунте, уведомления и прочее. Однако при такой регистрации вы даруете сайтам ваш постоянный Email, на который они смогут писать при любой возможности, и отписка не всегда может помочь. Ваш ящик может попасть третьим лицам и попасть списки рассылок спама. Антиспам хорошо – но до разумного предела.\n\nМы уже давно позиционируем наш сервис как замену Email. И вот теперь мы подходим к возможности осуществлять вход на сторонних сайтах используя PushAll ID.\nРанее у нас уже была возможность указать Callback URL для получения ID, но сделать повторный вход было невозможно.\n\nИз главных особенностей входа через PushAll можно выделить:\n\nАнонимность. Если вы заходите в PushAll через Google аккаунт без Google+ или через Email, то сторонний сайт узнает только ваш ID.\nКонтролируемая обратная связь. Можно в любой момент отписаться от канала, он больше не сможет вас потревожить. Пока вы подписаны – вы будете получать мгновенные уведомления.\n\nМы реализовали кнопку «Открыть» после подписки и альтернативную OAuth-модель входа. Также в конце статьи расскажем о новом микросервисе, который мы сделали для Host-Tracker.com",
        "data": "2017-01-31, 22:48",
        "rating": 9
    },
    {
        "title": "Возрождение IT-вопросника или как следить за вопросами toster и stackoverflow v2",
        "description": "Прошел год с запуска IT-вопросника, однако проработал он не долго, примерно пару месяцев. Это был один из самых активных каналов PushAll, многие пользователи получали вопросы по 100+ в день и кликали на большие из них.\n\nОтвечая на вопросы все были в плюсе:\n\nТе кто спрашивают – сразу получали ответ\nВладельцы сервисов получали большую посещаемость и больше решенных вопросов\nТот кто отвечал первым – получал свои ачивки в сервисах\n\nЯ долго пытался связаться с создателем IT-вопросника, получилось достучаться только в этом месяце. В итоге спустя сутки после нашего общения, снова начали приходить пуши.\n\nНо что изменилось за этот год при использовании IT-вопросника?\n\nКому лень читать статью: подписываемся на канал IT-вопросника в PushAll и настраиваем теги в панели управления IT-вопросником (после подписки на канал редиректнет на панель)",
        "data": "2017-01-30, 00:24",
        "rating": 15
    },
    {
        "title": "Так ли популярны боты и каналы в мессенджерах",
        "description": "— «Вы видели моего бота?»\n— «А вы подписаны на мой канал в телеграме?»\n— «100500 каналов в телеграме, о которых никто не знает, но о которых мы напишем так как нам нечего писать»\n\nЯ думаю фразы выше вам о многом говорят. Многие новостные сайты забиты статьям про ботов и каналы в телеграме, а в комментариях под ними люди пишут еще больше каналов. В каждом канале буквально 5-10 подписчиков.\n\nВезде пишут ботов и небольшие туториалы вида «Как написать бота за минуту, чтобы он вам гладил белье, искал девушек и мог делать это в суперчатике телеграма».\n\n30 Июня 2015 года, через 3 дня после релиза Telegram Bot API мы сделали бота и писали об этом статью на хабр, тогда мы и не догадывались что все это выльется во всеобщее безумие.\n\nВ статье мы постараемся доказать, что в реальности боты и каналы практически никому не нужны, а также рассказать – почему вам не надо делать еще одного бота или еще один новый канал.",
        "data": "2017-01-21, 19:50",
        "rating": 17
    },
    {
        "title": "Группировка оповещений в Android 7",
        "description": "После обновления на Android 7 мы заметили, что уведомления стали группироваться по приложению автоматически. Так как на момент выхода новой версии Android в нашем приложении еще не было истории уведомлений это изменение было достаточно критично — в одной группе отображается только 7 уведомлений. Это значит, что если приходит более 20 уведомлений в сутки через приложение — необходимо смахивать новые чтобы увидеть более старые.\n\nУведомления в группе сортируются по приоритету. Если у вас в группе 7 уведомлений и приходит еще одно низкого приоритета — оно сначала будет наверху, а потом улетит в самый низ и его совсем не будет видно списке, до тех пор пока вы не удалите некоторое число уведомлений.\n\nМы сделали группировку по каналам, это позволяет сразу видеть канал и при возможности свернуть его. Даже если канал пришлет вам 100 уведомлений — они все равно легко сворачиваются и удаляются одним движением.\n\nВ этой статье мы расскажем, почему официальный мануал не работает, и как мы нашли способ сделать все правильно.",
        "data": "2017-01-17, 20:56",
        "rating": 7
    },
    {
        "title": "Оповестить пользователя с вероятностью 99%",
        "description": "Универсального средства оповещения нет, каждый пользователь имеет у себя индивидуальный набор устройств и ПО. При этом для компании, группы людей, стартапа или даже небольшого блога огромная проблема держать свою аудиторию в курсе новостей. Даже обычное уведомление о продлении платного аккаунта или уведомление о личном сообщении, можно не увидеть если оно пришло на неудобное для пользователя устройство или в неудобном виде.\n\nPushAll стремится создать нечто похожее на такое универсальное средство. Вы можете оповестить любого вашего пользователя, без какой-либо разработки под разные платформы, без вливания огромных средств на поддержание штата сотрудников, оборудования и ПО.\n\nПри этом мы разрабатываем сервис в первую очередь не для компаний, которые хотят отправлять уведомления, а именно для пользователей, которые хотят эти уведомления получать. Проблема в том, что даже если компания создает комплекс ПО для оповещения пользователей на разных платформах — обычно туда добавляется еще всякий мусор, который не нравится людям.\n\nМы выпустили приложение под iOS и обновили приложение под Android.",
        "data": "2017-01-16, 19:44",
        "rating": 8
    },
    {
        "title": "Умная лента ВК — убийца ваших конверсий, но и телеграм не выход",
        "description": "Многие сейчас стали создавать себе каналы в телеграме, чтобы доносить до пользователей информацию с большей эффективность. Многие понимают, что группы вконтакте имеют полумертвую аудиторию. Даже если у вас 100 тысяч подписчиков, это не означает, что вы получите несколько тысяч кликов по ссылкам в вашем посте даже в ближайший час.\n\n\n\nЭто возникает из за того, что у одного человека есть сразу несколько сотен подписок, и для того, чтобы он увидел ваш пост, должно произойти:\nПо счастливой случайности, зайти в вконтакте в тот момент когда вы сделали пост, либо прокрутить до вашего поста — вполне отсекает 70-90% вашей аудитории. Если ваш пост выходит в рабочее время, а ваша аудитория — сильно занятые делами люди, тогда ваш пост увидят вообще единицы\nВаш пост должен быть интересным и пройти через алгоритм умной ленты — даже если человек зайдет в ленту в нужный момент, c некоторой долей вероятности он ваш пост не увидит\n\nТаким образом ваши 100 тысяч подписчиков легко превращаются в 100-200 живых, которые часто делают репост, пишут комментарии и так далее.\n\nМногие решают проблему телеграмом, мол по-умолчанию придет пуш — плюс видно в диалогах, но не все так просто,",
        "data": "2016-07-11, 23:37",
        "rating": 0
    },
    {
        "title": "AdminVK — мониторинг собственных групп Вконтакте на новые события при помощи push-уведомлений",
        "description": "У вас есть сообщество вконтакте? Бывает ли такое, что кто то написал негативный комментарий, кого-нибудь оскорбил, или просто написал отзыв о вашей компании или вопрос на который необходимо быстро ответить? Мы в PushAll написали микросервис, который позволяет получать уведомления о различных событиях в ваших сообществах. Дело в том, что Вконтакте недавно выкатил Callback API для сообществ, и мы решили им воспользоваться облачив из API в формат push-уведомлений.\n\nЕсли лень читать и хочется сразу использовать — AdminVK (полностью бесплатно, неограниченное количество подключаемых групп и сообществ)",
        "data": "2016-04-24, 00:13",
        "rating": 5
    },
    {
        "title": "Почему мы ненавидим уведомления на сайтах?",
        "description": "Мы иногда пишем сайтам предложение о сотрудничестве и интеграции с нашим сервисом, но у всех сильно негативная реакция на уведомления. Они считают, что уведомления будут сильно навязчивыми, что их никто не любит и вообще пользы от них никакой нет.\n\nНо ведь в самом деле:\n\nЛезут из всех щелей, пытаясь заставить нажать вас заветную кнопку. Возникают при каждом переходе на сайте. Вылезают в самые неудачные моменты и мешают вам жить. Разберем подробно, почему мы (а именно вы) не любим уведомления на сайтах.",
        "data": "2016-04-05, 21:24",
        "rating": 15
    },
    {
        "title": "Redis — что быстрее, UNIX-сокет или TCP? Что стабильнее? + pconnect",
        "description": "Мы в PushAll обрабатываем несколько тысяч запросов в секунду для получения статистики доставки и открытия уведомлений и для передачи контента оповещений. Обычная БД вроде MySQL не справляется с таким потоком запросов и не может так быстро отвечать.\n\nСтараясь все больше операций перенести на быстрые NoSQL хранилища вроде Redis, мы хотим знать как эффективнее его использовать и не будет ли у нас проблем с большим количеством соединений.\nТакже для работы мы используем форки PHP и нам было интересно, а как поведет себя Redis, если мы будем делать несколько тысяч соединений в одновременно в нескольких потоках. Мы решили поделиться с сообществом нашими тестами.",
        "data": "2016-03-26, 20:45",
        "rating": 7
    },
    {
        "title": "Оплатим рекламу вашего канала push-уведомлений на сумму до 10 тысяч рублей",
        "description": "Мы решили ежемесячно вкладывать определенную сумму денег на рекламу каналов и делать это как можно более эффективно. Вы можете предложить свой план продвижения своего канала и мы потратим на него деньги, если это будет эффективно.\nТо есть вы можете создать канал push-уведомлений и дополнительно раскрутить его и свой собственный проект.\n\nМногие не понимают как работают уведомления. Лучший способ показать работу «на деле». То есть суть в том, что среди ваших пользователей обязательно найдутся те, кто захочет сделать себе тоже самое. Это куда лучше чем рекламировать лендинг из кучи непонятных слов и заставлять человека во все это вникнуть. Пусть увидит своими глазами и потрогает сам на деле.\n\nСуть в том, что вы создаёте канал (если еще не создали), интегрируете в свой проект и предлагаете нам своё решение по раскрутке вашего канала. Преимущественно будет выбираться реклама через ВК (в группах). Вам нужно лишь указать в каких сообществах будет эффективна реклама для вашего проекта и указать приблизительное количество людей, которые придут. Готовые примеры приветствуются — чем эффективнее ваше решение, тем больше вы получите средств на рекламу.\n\nТакже расскажу, как мы справляемся с нагрузками.",
        "data": "2016-03-15, 20:13",
        "rating": -6
    },
    {
        "title": "Необычное свойство Push-уведомлений — время жизни",
        "description": "События проходят и теряют свою актуальность. Письмо, которое вы отправили человеку, сообщающее о новой акции не имеет смысла после конца акции. Как поступить? Пуш-уведомления умеют «умирать», когда в них больше нет необходимости.\n\nTTL — (Time To Live) время жизни. Это важный термин в сети Интернет. Чаще всего он применяется к пакетам данных и означает количество «хопов», которые пакет будет «жить»\n\nВ рамках push-уведомлений TTL задает время жизни уведомления в секундах. Более того, если задать его равным 0 (в PushAll -1), то либо уведомление придет немеделенно, либо никогда. По сути, этот параметр задает сколько секунд уведомление будет ждать клиента, пока он присоединиться к пуш-серверу.",
        "data": "2016-03-01, 23:51",
        "rating": 3
    },
    {
        "title": "Chrome дополнение PushAll возвращает возможности центра оповещений и дополняет его",
        "description": "Многие наверное видели область уведомлений в Chrome? Мы ранее писали, что Chrome её убрал.\n\n\n\nПри этом все сервисы, использующие push-уведомления, получили ряд проблем.\nЕсли вы используете Web Push, то у вас есть возможность закрепить оповещение на экране. И пользователь может либо закрыть оповещение, либо нажать на него. То есть если он занят, то он скорее всего закроет, даже если бы он хотел прочесть материал\nЕсли вы используете дополнение для Chrome, тогда Rich Notification исчезает через несколько секунд в небытие.\n\n\nМы сделали раздел пропущенных оповещений, в котором собираются те оповещения, которые исчезли, и те которые не были доставлены (например если у вас были заблокированы порты)\n\n\n\nСсылка на обновленное расширение",
        "data": "2016-01-15, 14:49",
        "rating": -4
    },
    {
        "title": "Почему для push-уведомлений важна агрегация устройств и каналов? Мы убрали ограничения на рассылки",
        "description": "Да мы достигли 13 тысяч пользователей благодаря каналу Prankota (о нем расскажем потом) И решили подвести небольшой итог, а заодно и показать, почему важно объединение в общий каталог каналов (один сайт-проект-группа это один канал), а также объединение устройств в общий аккаунт пользователя.\n\nЭто все идет в разрез с концепцией интегрированных браузерных push уведомлений на сайтах, или оповещений в приложениях, ведь при этом подходе, вы можете принимать/отправлять оповещения с множества различных сторонних источников на различные подключенные устройства. Под устройством имеется в виду любой метод получения оповещений, будь то обычный браузер, телефон, планшет, даже электронная почта, или телеграм — это «устройство» т.е. это метод получения оповещений. Возможно в будущем мы сможем отправить push-уведомление на вашу кофеварку… ждите.\n\nМногие говорят:\n\nЗачем нужен вообще универсальный сервис, сделать подписку через веб-пуши на сайте и все, зачем нужен этот логин через гугл+…\n\n\nТут можно использовать 2 тактики — начнем с того, что пользователи выбирают несколько устройств, веб-пуши работают только в определенных браузерах, и их надо подписывать на каждом устройстве в отдельности.",
        "data": "2015-12-23, 03:42",
        "rating": 1
    },
    {
        "title": "Push-уведомления в Firefox 44 и выше",
        "description": "Теперь в личном кабинете добавилось еще одно название браузера.\n\nРелиз Firefox 44 намечен на 26 января, но мы уже подготовились и реализовали его поддержку, т.к. он теперь находится в beta-ветке. Мы опишем, как выглядят оповещения в Firefox и чем они отличаются от оповещений в других браузерах.\n\nКстати, выглядит приходящее оповещение в Linux вот так.\n\n\n\nЗамечу, что с предыдущей версии изменился внешний вид оповещения, теперь заголовок выше картинки. Странное решение. Выглядит как то не особо красиво. Но ничего не поделаешь.",
        "data": "2015-12-21, 05:46",
        "rating": 2
    },
    {
        "title": "Централизованные Email оповещения",
        "description": "Ранее мы игнорировали Email оповещения как таковые. Существует много сервисов, которые позволяют отправлять оповещения от сайтов их пользователям по адресу почты, но нет сервисов, где пользователи могли бы сами выбрать куда и сколько принимать оповещений.\n\nДа, мы говорили, что Email это не круто и его можно заменить push-уведомлениями.\nНо есть огромный пласт пользователей, которые привыкли получать оповещения на почту. Это менее отвлекает, кому то просто привычнее.\nОднако у электронной почты есть свои минусы, например доверив ящик электронной почты сайту — вы подвергаете себя опасности получения спама, также письма от разных сервисов выглядят по разному, что может сбивать с толку.\n\nТак почему бы не сделать защищенные оповещения в формате небольших блоков от различных сервисов под контролем пользователя? Пользователь сможет выбрать частоту получения писем, сможет в любой момент отписаться от того или иного канала, в дальнейшем настроить тихие часы. Более того — можно будет добавить несколько ящиков и выбрать от каких каналов на какие ящики получать письма.\n\nМы уже частично реализовали это, подробнее под катом, кому лень читать — попробовать можно в нашем сервисе, добавив почту в разделе «Профиль» в блоке «Бета Email».",
        "data": "2015-11-24, 17:32",
        "rating": 6
    },
    {
        "title": "Уведомления на разных платформах, какие они бывают? Бонус на смарт-часах Moto 360",
        "description": "В отличие от многих компаний, которые занимаются уведомлениями, мы пытаемся охватить как можно больше платформ. Поэтому мы имеем самый обширный опыт того какие бывают оповещения их преимущества и недостатки, и мы решили поделиться с вами нашим опытом.\n\nМы расскажем о том, как выглядят различные типы уведомлений на Chrome, Android, Safari, Firefox, iOS. Какие мы используем, какие можно использовать и не много о том, как оно работает.\n\nКстати попробовать практически все типы можно на нашем сайте.",
        "data": "2015-10-23, 22:50",
        "rating": 10
    },
    {
        "title": "Альфа-версия SocketPush — универсальные уведомления для всех браузеров + 3 миллиона бесплатных уведомлений",
        "description": "Мы обнаружили, что ряд браузеров вообще не имеет в своём арсенале встроенный GCM-сервис. Среди них, к примеру, Опера, Вивальди, Firefox. В Safari есть APNS, но мы реализуем работу через него чуть позже.\n\nТакже сегодня был яркий пример необходимости этой функции — один из пользователей пожаловался, что у него на работе не работают пуши: ни веб, ни через дополнение. Все дело в том, что у него на работе заблокированы все лишние порты. В нашем случае, сокет работает через проксирующий nginx на 443 порту и не блокируется фильтрами.\n\nНам необоходимо небольшое нагрузочное тестирование, а также проверить все ли уведомления приходят нужным адресатам. Данные уведомления проверены мною в chrome и firefox. Необходима проверка в edge, ie (хотя сомневаюсь, что будет работать) и конечно safari.\n\nПрежде всего это удобный метод включить уведомления «на время», а потом выключить их закрытием вкладки. В отличии от других способов, данный метод не работает при закрытой вкладке или окне браузера. По поводу включения, и немного о архитектуре — подробнее под катом.",
        "data": "2015-10-21, 15:06",
        "rating": 7
    },
    {
        "title": "Обновление Google Chrome дополнения, поиск и история разбитая по каналам",
        "description": "Самое главное — теперь у дополнения есть дополнительное popup окно. В нём показывается ссылка перехода в личный кабинет и история всех уведомлений.\n\nТакже теперь изменился тип. Был «приложение», а теперь это «дополнение». К сожалению, невозможно обновить с приложения на дополнение. Поэтому нам пришлось залить его заново. Обновиться придется вручную. Мы вкратце расскажем, чем отличается дополнение от приложения, и почему нам пришлось перейти.\n\n\nВот ссылка на новое дополнение.\n\nСтарое можно удалить, оно обновляться не будет, но будет продолжать работать до каких-нибудь глобальных обновлений.\n\nТакже с предыдущего поста о новинках мы добавили выбор канала для просмотра истории, а также поиск по каналам и уведомлениям. А еще мы решили подарить как минимум 100 тысяч уведомлений каждый месяц для каждого канала.\n\nПодробнее под катом.",
        "data": "2015-10-12, 15:39",
        "rating": 5
    },
    {
        "title": "Иногда лучше меньше — почему только Google-авторизация? + канал Rusbase",
        "description": "Недавно на хабре вышла статья на тему Юзабилити форм авторизации и мы решили поделиться своим мнением, почему наша форма авторизации выглядит вот так:\n\nУ нас в системе нет регистрации, нет входа по логину-паролю. Наша конверсия на регистрацию при входе от 34% до 80% в зависимости от источника. И более 80% из тех кто вошел — добавляют устройства и пользуются системой.\n\nПодробнее почему так, под катом.",
        "data": "2015-10-05, 17:09",
        "rating": 9
    },
    {
        "title": "Уведомления доступные каждому. Расширение функций интеграции с RSS + Push из групп Вконтакте",
        "description": "Мы давно не рассказывали о своих нововведениях, настало время рассказать, что мы делали в последнее время. Мы ведем более подробный блог на Spark, поэтому в статье будет краткое описание новостей + ссылка на подробности.\n\nОсновное, что мы хотим вам рассказать это расширенные возможности RSS и подключение группы ВКонтакте (!). Вы можете пушить из Вконтакте важные новости по ключевым словам и ограничивать размер отправляемых сообщений по строкам. Подробнее под катом.",
        "data": "2015-09-23, 22:33",
        "rating": 0
    },
    {
        "title": "Кэширование в Android, Telegram для групп, улучшение callback, multicast, showlist и другие нововведения",
        "description": "Достаточно крупное обновление исправляющее ошибки в андроид клиенте, улучшение безопасности получения ID пользователя, рассылка одного пуша на группу пользователей в канале, а также API для работы со списками пользователей.\nСегодня в рубрике:\nИспользуем PushAll и Telegram при разработке в команде\nИконки сожрали мой трафик — помогите!\nПочему я вижу лишь их кусок?\nЭмоджи убийцы!\nКак объединить тысячу итераций отправки уведомлений в одну (multicast)\nВоруем личные дан Получаем список пользователей, подписанных на канал\nПодписываемся на пуш уведомления ваших друзей (уязвимость)\nНе ждем отправки всех уведомлений, выполняем все в фоне.",
        "data": "2015-07-18, 11:29",
        "rating": 5
    },
    {
        "title": "Push-уведомления через Telegram",
        "description": "25 июня Telegram открыл платформу для ботов. Первая моя мысль была — ведь можно слать через него уведомления! При помощи уведомлений через телеграм можно решить сразу несколько проблем, хотя бы частично:\nПоддержка iOS\nПоддержка Windows Phone\nПолучение уведомлений без установки лишних приложений\n\nТаким образом, PushAll теперь может отправлять уведомления на устройства Android, Chrome и в Telegram через бота.\n\n\n\nПод катом небольшая инструкция по настройке и детали разработки. (небольшая инструкция для тех, кто собрался делать такого же бота)",
        "data": "2015-06-30, 20:49",
        "rating": 16
    },
    {
        "title": "Отслеживаем состояние Push-уведомлений и новости проекта + UPD RSS",
        "description": "За последние несколько дней в PushAll был реализован функционал отслеживания состояния уведомления и получения ленты канала, которым вы владеете.\n\nЧто это нам дает? Теперь, если у вас на сайте есть отправка уведомлений через SMS, вы можете делать так:\nОтправляем Push\nЧерез 30-50 секунд проверяем, пришло ли пользователю уведомление, отреагировал ли он на него\nЕсли не пришло, шлем ему SMS, звоним, шлем на почту и т.д.\n\nТаким образом, можно уменьшить число отправляемых SMS-оповещений в разы, сэкономив этим много денег.\n\nПод катом небольшая документация по использованию и несколько других изменений.",
        "data": "2015-06-26, 16:57",
        "rating": 4
    },
    {
        "title": "Google сломал GCM в Chrome",
        "description": "На Google IO была показана обновленная версия Google Cloud Messaging. Была представлена версия API для iOS, показан отчет по количеству уведомлений, приложений и т.д. публика ликовала. Все было хорошо, пока 2-3 дня назад GCM в хроме начисто не отвалилось. Если точнее, приходит только около 2-10% Push-сообщений.\n\nПроблеме подвержены как дополнения Google Chrome, так и сайты отправляющие Push через Push API используя Service Workers. Наш проект попал прямо по двум фронтами в итоге, приём сообщения работает только в Chrome на Android и через приложение на Android. Ведется разработка реализации на WebSocket для работы при открытой вкладке.\nПодробнее под катом.",
        "data": "2015-06-23, 10:05",
        "rating": 3
    },
    {
        "title": "PushAll может отправлять уведомления в браузер Chrome без установки приложений и дополнений",
        "description": "Каким образом?\n\nGoogle Chrome начиная с версии 42 поддерживает Push API через сервера Google, используя GCM Вы наверняка уже видели эти запросы для доступа к уведомлениям. Если разрешить доступ, сайт сможет отправлять вам уведомления. Эта функция совсем новая, и о ней мало кто знает, однако, по моему мнению, у нее уже есть большие недостатки:\nКаждый сайт запрашивает разрешения в браузере, сложно контролировать, сколько источников сейчас могут присылать тебе уведомления, у каждого висит свой фоновый процесс, который отдельно просыпается, нет никакой истории полученных уведомлений или фильтрации, нет никакой синхронизации подписок между устройствами\nСайтам необходимо отправлять уведомления напрямую на устройства, следить за актуальностью базы устройств, следить за каждым устройством пользователя в отдельности\nДанная возможность работает лишь на сайтах с SSL\n\n\nПромежуточный сервис, который берет на себя все эти функции, может решить возникающие проблемы.",
        "data": "2015-06-12, 18:30",
        "rating": 4
    },
    {
        "title": "Подключение любого сайта к PushAll через RSS. Конвертер новостных лент в Push-уведомления",
        "description": "Введение\n\nСервис создавался как система уведомлений для пользователей с любого сайта, который интегрировал PushAll API.\nОднако не со всеми можно договориться, гиганты вообще не будут обращать долгое время внимание. При этом на данный момент большая часть пользователей, получает именно новостные уведомления с сайтов, а не личные. По этому поводу мне недавно посоветовали интегрировать RSS-рассылки. То есть по факту PushAll становится эдаким RSS-агрегатором, при этом на самом деле обычные пользователи чаще всего не нуждаются в привычных агрегаторах лент — они заходят на сайты самостоятельно и читают новости уже на них.\n\n\n\nВ этом плане PushAll пошел по своему пути — он не собирает все ленты в одну. Он лишь берет ленту, связывает её с каналов и делает рассылку с учетом фильтра. То есть пользователь заинтересованный в статьях и новостях определенных тематик получит сразу об этом уведомление. Менее полезную информацию он может прочесть потом самостоятельно.\n\nПри этом пользователю не обязательно быть администратором сайта, он может быть его читателем и создать специальный канал. В дальнейшем, если правообладатель захочет получить административный доступ к каналу, ему нужно будет обратиться в службу поддержки и предоставить доказательства правообладания. В этом случае, канал будет полностью перенесен к истинному владельцу.",
        "data": "2015-06-09, 20:48",
        "rating": 6
    },
    {
        "title": "Уведомления могут помочь вам узнать вашу аудиторию лучше + новости + СоХабр",
        "description": "Предисловие\n\nНаверняка вы все ещё используете СМС-сообщения или E-mail для уведомления ваших пользователей. Уведомления просто улетают, и вы не знаете, что происходит с ними дальше. В PushAll мною была реализована система сбора данных об уведомлениях. Вы сможете сделать рассылку вашим пользователям в канале, после чего следить за тем, что происходит с уведомлениями:\nСколько человек получило уведомление\nСколько человек открыло уведомление (перешло по ссылке)\nСколько человек просто удалило уведомление из списка\n\nВсе работает благодаря обратной связи о выполняемых действиях на устройстве.",
        "data": "2015-05-24, 22:37",
        "rating": 10
    },
    {
        "title": "PushAll — платформа для рассылки мгновенных уведомлений",
        "description": "Основная идея\n\nPushAll предоставляет платформу для рассылки мгновенных уведомлений в браузер пользователя или в его мобильное устройство, что позволяет ему получать отфильтрованную свежую информацию из интересующих его источников. Интерфейс сайта позволяет пользователю подписаться на новый канал всего в 2 клика, а унифицированное приложение дает возможность получать уведомления с множества источников. Это куда проще, чем скачивать для каждого сайта отдельное приложение. Вместе с этим компании и разработчики могут экономить время и деньги на разработке и поддержке своего приложения.\n\nСама система позволяет легко подписываться и отписываться от тех или иных каналов. Что исключает возможность внезапного спама, как это происходит в случае с такими методами уведомлений как SMS и E-mail.",
        "data": "2015-05-09, 00:07",
        "rating": 4
    }
]