[
    {
        "title": "Распознавание товаров на полках",
        "description": "Текст статьи не удалось получить",
        "data": "2022-12-27, 08:11",
        "rating": 15
    },
    {
        "title": "Как выбрать плату для Computer Vision в 2022",
        "description": "Текст статьи не удалось получить",
        "data": "2022-09-15, 17:21",
        "rating": 22
    },
    {
        "title": "Как улучшить распознавание скелетов в MediaPipe",
        "description": "Текст статьи не удалось получить",
        "data": "2022-05-10, 14:23",
        "rating": 14
    },
    {
        "title": "Что такое «Action Recognition»?",
        "description": "Текст статьи не удалось получить",
        "data": "2022-01-31, 10:38",
        "rating": 27
    },
    {
        "title": "Как нейронные сети заменяют рендеринг",
        "description": "Текст статьи не удалось получить",
        "data": "2021-12-08, 12:18",
        "rating": 21
    },
    {
        "title": "ComputerVision и стиль",
        "description": "Текст статьи не удалось получить",
        "data": "2021-07-19, 11:43",
        "rating": 66
    },
    {
        "title": "Тихая революция и новый дикий запад в ComputerVision",
        "description": "Текст статьи не удалось получить",
        "data": "2021-04-21, 02:14",
        "rating": 103
    },
    {
        "title": "Edge платы для домашнего Computer Vision",
        "description": "Текст статьи не удалось получить",
        "data": "2021-04-13, 06:09",
        "rating": 36
    },
    {
        "title": "Как запихать нейронку в кофеварку",
        "description": "Мир машинного обучения продолжает стремительно развиваться. Всего за год технология может стать мейнстримом, и разительно измениться, придя в повседневность.\n\nЗа прошедший год-полтора, одной из таких технологий, стали фреймворки выполнения моделей машинного обучения. Не то, что их не было. Но, за этот год, те которые были — стали сильно проще, удобнее, мощнее.\n\n\n\nВ статье я попробую осветить всё что повылезало за последнее время. Чтобы вы, решив использовать нейронную сеть в очередном калькуляторе, знали куда смотреть.",
        "data": "2020-10-27, 09:34",
        "rating": 31
    },
    {
        "title": "Одноглазый глубиномер",
        "description": "Текст статьи не удалось получить",
        "data": "2020-09-21, 09:11",
        "rating": 40
    },
    {
        "title": "RPi-няня",
        "description": "Периодически меня подмывает сделать что-то странное. Очевидно бесполезную вещь, которая не оправдывает себя по объему вложенных средств, и через полгода после создания пылиться на полке. Но зато полностью оправдывает себя по количеству эмоций, полученному опыту и новым рассказам. На Хабре даже есть две моих статьи про такие эксперименты: Алкоорган и умная кормушка для птиц.\n\nЧто ж. Пришло время рассказать о новом эксперименте. Как собрал, что из этого вышло и как повторить.\n\n\n\nК новому проекту меня подтолкнуло событие, в каком-то смысле, банальное — родился сын. Я заранее устроил себе отпуск на месяц. Но ребёнок оказался тихим — было свободное время. И спящий рядом деть.\n\nДома много разных embedded-железок для computer vision. В итоге решил сделать видео-няню. Но не такую унылую, которыми завалены все магазины. А что-то поумнее и поинтереснее.",
        "data": "2020-08-28, 10:15",
        "rating": 38
    },
    {
        "title": "Роботы на карантине",
        "description": "Тут недавно мужики на Хабре рассказывали про Flipper и отладку на осциллографе по видеосвязи.\n\nИ это, конечно, победа вне конкурса! Но и у нас был интересный опыт отладки робота, находящегося в 2000 км от нас в лодочном гараже на норвежском побережье. Под катом рассказ о том, как мы делали зрение и правили “облачные мозги” роботам во время карантина удаленно:",
        "data": "2020-08-04, 11:48",
        "rating": 30
    },
    {
        "title": "Самая сложная задача в Computer Vision",
        "description": "Среди всего многообразия задач Computer Vision есть одна, которая стоит особняком. К ней обычно стараются лишний раз не притрагиваться. И, если не дай бог работает, — не ворошить.\nУ неё нет общего решения. Практически для каждого применения существующие алгоритмы надо тюнинговать, переобучать, или судорожно копаться в куче матриц и дебрях логики.\n\nСтатья о том как делать трекинг. Где он используется, какие есть разновидности. Как сделать стабильное решение.",
        "data": "2020-06-15, 11:03",
        "rating": 127
    },
    {
        "title": "Как объяснить роботу свою точку зрения",
        "description": "Когда-нибудь задумывались зачем сегодня нужны роботы? С детства мне казалось, что роботы стоят где-то на современных фабриках, что это где-то далеко от нас. Или в фантастике.\nНо уже нет. Роботы на сегодня — это автоматизация любого рутинного процесса. Их могут ставить и на фермах, и в автомастерских.\n\n\nЕсли раньше цена такой автоматизации была огромной, то сейчас она падает. Становятся доступны более сложные технологические манипуляции. Роборуки — это по сути такой универсальный манипулятор, который не нужно проектировать под каждую задачу, => снижение цены внедрения, ускорение внедрения (хотя роборука может быть дороже чем кусок конвейера, который делает аналогичную операцию).\n\nНо роборука это лишь половина процесса. Вторая половина — научить роборуку думать. И тут до недавних пор ситуация была ужасная. Нет универсальных подходов, которые сможет настроить любой инженер. Надо нанимать программистов/разработчиков/математиков, чтобы они сформулировали проблему, попробовали сделать решение. Конечно, такая ситуация не могла существовать долго. Да и Computer Vision с глубоким обучением подвезли. Так что сейчас начинает появляться какая-то первичная автоматизация не только сторого повторяющихся процессов. Сегодня о ней и поговорим.",
        "data": "2020-02-19, 09:07",
        "rating": 16
    },
    {
        "title": "ML,VR & Robots (и немного облака)",
        "description": "Всем привет!\n\nХочу рассказать об очень не скучном проекте, где пересеклись робототехника, Machine Learning (а вместе это уже Robot Learning), виртуальная реальность и немного облачных технологий. И все это на самом деле имеет смысл. Ведь это и правда удобно — вселяться в робота, показывать, что ему делать, а затем обучать веса на ML сервере по сохраненным данным.\n\nПод катом мы расскажем, как оно сейчас работает, и немного деталей про каждый из аспектов, который пришлось разрабатывать.",
        "data": "2020-02-03, 01:38",
        "rating": 10
    },
    {
        "title": "Добавляем роботу глаза",
        "description": "Роботу иногда нужно что-то хватать. Вот и без глаз робот как без рук. В прямом смысле. Ведь не зная где лежит вкусняшка, робот не сможет дотянуться до ней своими роботизированными рукам. Или другими манипуляторами.\n\nВ данной статье мы разберемся, как откалибровать робота, чтобы иметь возможность переходить между Системой Координат робота и СК 3D-камеры.",
        "data": "2019-12-26, 00:19",
        "rating": 19
    },
    {
        "title": "Машинное зрение и медицина",
        "description": "Прошло лет пять с того момента как нейронные сетки начали втыкать в каждую дырку. Есть масса примеров где всё работает почти идеально — биометрия, распознавание технической информации (номера, коды), классификация и поиск в массиве данных.\n\nЕсть области где всё хуже, но сейчас идёт большой прогресс — речь/распознавание текстов, переводы.\n\n\n\nНо есть области загадочные. Вроде как и прогресс есть. И статьи регулярно выходят. Только вот до практического применения как-то особо и не доходит.\n\nДавайте разберём то, как нейронные сеточки и машинное зрение работает в медицине.",
        "data": "2019-11-07, 01:03",
        "rating": 35
    },
    {
        "title": "Ультимативное сравнение embedded платформ для AI",
        "description": "Нейронные сеточки захватывают мир. Они считают посетителей, контролируют качество, ведут статистику и оценивают безопасность. Куча стартапов, использование в промышленности.\nЗамечательные фреймворки. Что PyTorch, что второй TensorFlow. Всё становиться удобнее и удобнее, проще и проще…\nНо есть одна тёмная сторона. Про неё стараются молчать. Там нет ничего радостного, только тьма и отчаяние. Каждый раз когда видишь позитивную статью — грустно вздыхаешь, так как понимаешь что просто человек что-то не понял. Или скрыл.\nДавайте поговорим про продакшн на embedded-устройствах.",
        "data": "2019-09-23, 19:22",
        "rating": 43
    },
    {
        "title": "Лопнул ли пузырь машинного обучения, или начало новой зари",
        "description": "Недавно вышла статья, которая неплохо показывает тенденцию в машинном обучении последних лет. Если коротко: число стартапов в области машинного обучения в последние два года резко упало.\n\n\nНу что. Разберём «лопнул ли пузырь», «как дальше жить» и поговорим откуда вообще такая загогулина.",
        "data": "2019-06-14, 03:17",
        "rating": 177
    },
    {
        "title": "Краткий гайд по созданию оракулов, богов из машины и ошибкам второго рода",
        "description": "Наверное, в этом тексте для многих не будет новизны. Наверное, другие скажут что такого не бывает в реальной жизни. Но, уже не первое апреля, а всё написанное тут — чистая правда, которая случалась со мной или с людьми вокруг. Возможно что-то из сказанного заставит вас переосмыслить окружающие вас феномены.\n\nЕсли подходить к этим историям формально, то можно сказать что все они порождены тем что люди не учитывают ошибку второго рода. У Юдковского, с коим знакома четверть Хабра — эта ошибка обычно зовётся «Подтверждающее искажение».\n\n\n\nЧто это такое? В двух словах — «человек ищет подтверждение своей модели, а не её опровержение». Единственный шанс объяснить лучше, это примеры-примеры-примеры и опыт. Лишь так можно развить чувство что «что-то тут не так».\n\nМне кажется, что этот короткий рассказ позволит вам посмотреть на ошибки второго рода с совсем другой стороны. Со стороны того, как они уже вошли в нашу жизнь, влияют на практически каждое решение. И помогают нам делать богов из окружающих технологий. В машинном обучении я наталкиваюсь на это каждый день.",
        "data": "2019-04-02, 15:39",
        "rating": 73
    },
    {
        "title": "Правда и ложь систем распознавания лиц",
        "description": "Пожалуй нет ни одной другой технологии сегодня, вокруг которой было бы столько мифов, лжи и некомпетентности. Врут журналисты, рассказывающие о технологии, врут политики которые говорят о успешном внедрении, врут большинство продавцов технологий. Каждый месяц я вижу последствия того как люди пробуют внедрить распознавание лиц в системы которые не смогут с ним работать.\n\n\n\nТема этой статьи давным-давно наболела, но было всё как-то лень её писать. Много текста, который я уже раз двадцать повторял разным людям. Но, прочитав очередную пачку треша всё же решил что пора. Буду давать ссылку на эту статью.\n\nИтак. В статье я отвечу на несколько простых вопросов:\n\nМожно ли распознать вас на улице? И насколько автоматически/достоверно?\nПозавчера писали, что в Московском метро задерживают преступников, а вчера писали что в Лондоне не могут. А ещё в Китае распознают всех-всех на улице. А тут говорят, что 28 конгрессменов США преступники. Или вот, поймали вора.\nКто сейчас выпускает решения распознавания по лицам в чём разница решений, особенности технологий?\n\nБольшая часть ответов будет доказательной, с сылкой на исследования где показаны ключевые параметры алгоритмов + с математикой расчёта. Малая часть будет базироваться на опыте внедрения и эксплуатации различных биометрических систем.\n\nЯ не буду вдаваться в подробности того как сейчас реализовано распознавание лиц. На Хабре есть много хороших статей на эту тему: а, б, с (их сильно больше, конечно, это всплывающие в памяти). Но всё же некоторые моменты, которые влияют на разные решения — я буду описывать. Так что прочтение хотя бы одной из статей выше — упростит понимание этой статьи. Начнём!",
        "data": "2018-07-30, 01:02",
        "rating": 83
    },
    {
        "title": "Человек машине помощник",
        "description": "Этот блог обычно посвящен распознаванию автомобильных номеров. Но, работая над этой задачей, мы пришли к интересному решению, которое можно с легкостью применять для очень широкого круга задач компьютерного зрения. Об этом сейчас и расскажем: как делать систему распознавания, которая вас не подведет. А если подведет, то ей можно подсказать, где ошибка, переобучить и иметь уже чуть более надежное решение, чем прежде. Добро пожаловать под кат!",
        "data": "2018-06-03, 22:05",
        "rating": 26
    },
    {
        "title": "Не сверточные сети",
        "description": "Достоинства, проблемы и ограничения сверточных нейронных сетей (CNN) в настоящее время достаточно неплохо изучены. Прошло уже около 5 лет после признания их сообществом инженеров и первое впечатление «вот теперь решим все задачи», хочется верить, уже прошло. А значит, пришло время искать идеи, которые позволят сделать следующий шаг в области ИИ. Хинтон, например, предложил CapsuleNet.\nВместе с Алексеем Редозубовым, опираясь на его идеи об устройстве мозга, мы тоже решили отступить от мейнстрима. И сейчас у меня есть что показать: архитектуру (идёт заглавной картинкой для привлечения внимания) и исходники на Tensorflow для MNIST.\n\nБолее формально, результат описан в статье на arxiv.",
        "data": "2017-12-25, 19:31",
        "rating": 42
    },
    {
        "title": "Капсульные сети от Хинтона",
        "description": "27 октября 2017 года появилась статья доктора Джофри Хинтона с соавторами из Google Brain. Хинтон — более чем известный ученый в области машинного обучения. Он в свое время разработал математику обратного распространения ошибок, был научным руководителем Яна Лекуна — автора архитектуры сверточных сетей.\n\nХоть презентация была достаточно скромная, корректно говорить о революционном изменении подхода к искусственным нейронным сетям (ИНС). Назвали новый подход «капсульные сети». Пока в российском сегменте интернета мало информации о них, поэтому восполню этот пробел.",
        "data": "2017-12-04, 02:15",
        "rating": 30
    },
    {
        "title": "Можно ли запихнуть распознавание номеров в любой тамагочи?",
        "description": "Про распознавание номеров мы рассказываем на Хабре давным давно. Надеюсь даже интересно. Похоже настало время рассказать как это применяется, зачем это вообще нужно, куда это можно запихнуть. А самое главное — как это изменяется в последние годы с приходом новых алгоритмов машинного зрения.",
        "data": "2017-12-01, 05:50",
        "rating": 24
    },
    {
        "title": "Нейронные сети в детектировании номеров",
        "description": "Распознавание автомобильных номеров до сих пор является самым продаваемым решением на основе компьютерного зрения. Сотни, если не тысячи продуктов конкурируют на этом рынке уже на протяжении 20-25 лет. Отчасти поэтому сверточные нейронные сети (CNN) не бьют прежние алгоритмические подходы на рынке.\n\nНо опыт последних лет говорит, что алгоритмы CNN позволяют делать надежные и гибкие для применения решения. Есть и еще одно удобство: при таком подходе всегда можно улучшить надежность решения на порядок после реального внедрения за счет переобучения. Кроме того, такие алгоритмы отлично реализуются на GPU (графических модулях), которые значительно эффективней с точки зрения потребления электроэнергии, чем обычные процессоры. А платформа Jetson TX от NVidia так просто потребляет очень мало по меркам современных вычислителей. Наглядное «энергетическое превосходство»:",
        "data": "2017-05-29, 01:56",
        "rating": 67
    },
    {
        "title": "Почему супер-мега-про машинного обучения за 15 минут всё же не стать",
        "description": "Вчера я опубликовал статью про машинное обучение и NVIDIA DIGITS. Как и обещал, сегодняшняя статья — почему всё не так уж и хорошо + пример выделения объектов в кадре на DIGITS.\n\nNVIDIA подняла волну пиара по поводу разработанной и имплиментированной в DIGITS сетки DetectNet. Сетка позиционируется как решение для поиска одинаковых/похожих объектов на изображении.",
        "data": "2016-10-18, 19:08",
        "rating": 27
    },
    {
        "title": "Использование сверточных сетей для поиска, выделения и классификации",
        "description": "Недавно ZlodeiBaal опубликовал статью «Нейрореволюция в головах и сёлах», в которой привел обзор возможностей современных нейронных сетей. Самым интересным, на мой взгляд, является подход с использованием сверточных сетей для сегментации изображений, про этот подход и пойдет речь в статье.\n\n\n\nУже давно появилось желание изучить сверточные сети и узнать что-то новое, к тому же под рукой есть несколько последних Tesla K40 с 12Гб памяти, Tesla c2050, обычные видеокарты, Jetson TK1 и ноутбук с мобильной GT525M, интереснее всего конечно попробовать на TK1, так как его можно использовать практически везде, хоть на столб фонарный повесить. Самое первое с чего начал, это распознавание цифр, тут конечно удивить нечем, цифры уже давно неплохо распознаются сетями, но при этом постоянно возникает потребность в новых приложениях, которые должны что-то распознавать: номера домов, номера автомобилей, номера вагонов и т.д. Все бы хорошо, но задача распознавания цифр является лишь частью более общих задач.",
        "data": "2016-02-23, 22:24",
        "rating": 25
    },
    {
        "title": "И ещё раз про распознавание номеров",
        "description": "Весной администрация хабра любезно предоставила нам блог, чтобы мы рассказали о нашем экзерсисе с распознаванием номеров. Всё поддержание этой системы делалось просто из интереса и на энтузиазме, зато позволило пообщаться с интересными людьми, некоторым людям помочь, а самим найти подработку по совершенно другим тематикам.\n\n\n\nВ любых задачах обработки изображений 90% успеха — хорошая база данных. Репрезентативная и большая. Весной мы обещали выложить полную базу изображений того, что нам придёт. Подписка блога заканчивается, поэтому время выполнить обещание (блог может продлят, а может и нет). Наш сервер работал 95% времени, начиная с первого поста. Всё что пришло теперь доступно + мы сделали отдельные базы по вырезанным номерам и нарезанным символам.\n\nПод катом ссылки на базу + её анализ + немного кода + небольшой рассказ о том, что будет сделано дальше с нашим сервером/жизнью проекта.",
        "data": "2014-11-25, 16:18",
        "rating": 35
    },
    {
        "title": "Работа каскада Хаара в OpenCV в картинках: теория и практика",
        "description": "В прошлой статье мы подробно описали алгоритм распознавания номеров (ссылка), который заключается в получении текстового представления на заранее подготовленном изображении, содержащем рамку с номером + небольшие отступы для удобства распознавания. Мы лишь вскользь упомянули, что для выделения областей, где содержатся номера, использовался метод Виолы-Джонса. Данный метод уже описывался на хабре (ссылка, ссылка, ссылка, ссылка). Сегодня мы проиллюстрируем наглядно то, как он работает и коснёмся ранее необсужденных аспектов + в качестве бонуса будет показано, как подготовить вырезанные картинки с номерами на платформе iOS для последующего получения уже текстового представления номера.",
        "data": "2014-07-01, 23:24",
        "rating": 39
    },
    {
        "title": "Автомобильные номера и их применения",
        "description": "В последнее время мы с Vasyutka написали ряд постов (1,2,3,4) про распознавание номеров и про наш взгляд на использование системы распознавания. После публикаций было огромное количество интересных комментариев, писем и идей. Наибольшее количество мыслей и откликов было, безусловно, в стиле: «сделайте обращение в ГИБДД» и «прикрутите отправку сообщений по номерам». Но нашей основной целью было не создание приложения, а создание алгоритма распознавания, которым бы мог воспользоватся любой (хотя приложение потихоньку тоже будем развивать, оставляя исходники открытыми). Поэтому многие из идей мы ещё долго не реализуем. Но это не повод грустить! Сервисы, где всё это уже присутствует существуют. Они не очень известны, но они есть.\n\n\n\nЭтот пост про то, какие проекты социализации и проявления активной гражданской позиции через автомобильный номер существуют в РуНете. Мы с удивлением и любопытством изучали эти проекты, когда нам присылали ссылки или мы натыкались на них. Надеюсь, что вам тоже понравится, а может и пригодится!",
        "data": "2014-06-17, 05:16",
        "rating": 14
    },
    {
        "title": "Распознавание автомобильных номеров в деталях",
        "description": "Настало время подробно рассказать, как работает наша реализация алгоритма распознавания номеров: что оказалось удачным решением, что работало весьма скверно. И просто отчитаться перед Хабра-пользователями — ведь вы с помощью Android приложения Recognitor помогли нам набрать приличного размера базу снимков номеров, снятых совершенно непредвзято, без объяснения как снимать, а как нет. А база снимков при разработке алгоритмов распознавания самое важное!",
        "data": "2014-06-11, 06:09",
        "rating": 69
    },
    {
        "title": "Распознавание номеров: от А до 9. Часть 3",
        "description": "Неделю назад мы опубликовали статью про открытый сервер для распознавания изображений автомобильных номеров. Теперь, как и обещали, статья про то, как отправлять на него свои фотографии с номерами. Наша цель была, как вы помните, вовсе не ругаться друг на друга неприличными словами, а именно сделать функционирующий сервер в интернете, который справляется с фотографиями и отправляет назад результат распознавания.\n\n\n(часть фотографий, присланных в течение недели)",
        "data": "2014-05-20, 19:06",
        "rating": 56
    },
    {
        "title": "Не соблаговолите ли больше не нарушать, сэр (мэм)?",
        "description": "Примерно неделю назад Vasyutka опубликовал пост про распознавание номеров и обещал, что мы выложим софт, который можно будет опробовать. Мы немножко схитрили, не рассказав все подробнее. Ну, а то бы никакой интриги не было! Ядро алгоритма распознавания мы сделали с полгода назад, но тот проект, для которого оно было сделано, не двинулся. Он остановился где-то на альфа-версии. Подумав, и посовещавшись с заказчиком, мы решили, что это нехорошо, когда такой алгоритм пылится на полке и не приносит пользу обществу. С другой стороны выкладывать все исходники распознающей части не хотелось. Тогда и родилась идея, о которой пойдёт речь в этой статье.\n\nРешили мы, собственно, сделать открытый сервер, который бы распознавал номера, приходящие http-запросами. Так как вся идея некоммерческая, то сервер, конечно, слабенький, но на то, чтобы народ игрался, надеюсь, его хватит.\nА вот тут крутой поворот сюжета. Пост этот не про протокол обращения к серверу. Об этом будет следующий пост. Этот пост о программе, которую мы начали делать как пример работы с сервером, но которая вылилась в интересную на наш взгляд концепцию. В статье будет рассказано про Android-приложение, которым можно сфотографировать номер автомобиля… И обругать владельца бранным словом! Ну, или посмотреть статистику того, сколько раз сего автомобилиста обругали.\nТе, кому невтерпёж, смогут расковырять работу с сервером из исходников в конце статьи. Остальных подержим пару дней в напряжении, а потом выложим законченный мануал.",
        "data": "2014-05-12, 21:44",
        "rating": 100
    },
    {
        "title": "Распознавание номеров: от А до 9",
        "description": "Уже пару раз на Хабре возникали дискуссии на тему того, как сейчас работает распознавание номеров. Но статьи, где были бы показаны разные подходы к распознаванию номеров, на Хабре пока не было. Так что здесь попробуем разобраться, как все это работает. А потом, если статья вызовет интерес, продолжим и выложим работающую модель, которую можно будет поисследовать.",
        "data": "2014-05-05, 22:29",
        "rating": 134
    }
]