[
    {
        "title": "Формы и форматы при обучении пользователей основам ИБ на примере темы паролей",
        "description": "Повышение киберграмотности пользователей, кибергигиена, основы безопасного поведения в Сети, повышение осведомлённости сотрудников… и куча других названий, под которыми скрывается боль сотрудников отдела информационной безопасности. Внезапно оказывается, что регламенты и должностные инструкции – это хорошо, но недостаточно. И надо бы как-то ещё научить сотрудников делать хорошо и не делать плохо. Увы серебряной пули здесь нет. Под катом хочу поделиться советами на основе собственного опыта о том, как сеять умное-доброе-вечное.",
        "data": "2023-07-20, 10:42",
        "rating": 2
    },
    {
        "title": "(Не) безопасный дайджест: кража «национальных секретов», неблагонадежный VPN и штраф за любопытство охранников",
        "description": "Текст статьи не удалось получить",
        "data": "2023-06-29, 11:53",
        "rating": 3
    },
    {
        "title": "Как решать вопрос контроля файловых хранилищ – личный опыт",
        "description": "Текст статьи не удалось получить",
        "data": "2023-06-14, 10:39",
        "rating": 4
    },
    {
        "title": "(Не) безопасный дайджест: утечка с пробегом, отказ от ИИ и взлом учетки",
        "description": "Текст статьи не удалось получить",
        "data": "2023-05-31, 09:23",
        "rating": 7
    },
    {
        "title": "«Я заметил, что тут открыто». Как происходят пентесты компаний?",
        "description": "Текст статьи не удалось получить",
        "data": "2023-05-24, 09:19",
        "rating": 9
    },
    {
        "title": "Как Карл данные у Клары крал. Реконструкция ИБ-инцидента на 100+ млн. рублей",
        "description": "Разбор громких инцидентов с Road Show SearchInform на Хабре имеет шансы стать традицией. В прошлом году я представил реконструкцию инцидента, связанного с выносом базы данных за пределы одной финансовой компании. Его главным и единственным организатором был ловкий и умелый инсайдер «Иван Денисович».\nВ этот раз источником вдохновения послужило не менее любопытное дело. Оно также связано с утечкой информации, но уже с другими героями в главных ролях. Решил реконструировать инцидент. Как и в прошлый раз: «все выдумано, а совпадения случайны».\nУчастники: Карл - инсайдер, Клара - жертва, Кораллы - данные почтового ящика Клары.\nПод катом рассказываю, как Карлу удалось украсть «кораллы» и нанести компании ущерб в 100+ млн рублей, каким образом его вычислили и как он оправдывал себя в суде. И самое главное – показываю, какими инструментами компания могла бы упростить себе поиски виновного и предотвратить инцидент.",
        "data": "2023-04-13, 09:53",
        "rating": 5
    },
    {
        "title": "(Не) Безопасный дайджест: если бы в ИБ была «Премия Дарвина» – 2023",
        "description": "Текст статьи не удалось получить",
        "data": "2023-04-01, 10:35",
        "rating": 12
    },
    {
        "title": "Неожиданные находки с DCAP, или как мы разгребали свою файловую систему. Часть 2",
        "description": "Текст статьи не удалось получить",
        "data": "2023-03-23, 10:01",
        "rating": 6
    },
    {
        "title": "Как поменялся российский инфобез за год?",
        "description": "Текст статьи не удалось получить",
        "data": "2023-03-09, 10:40",
        "rating": 5
    },
    {
        "title": "(Не) безопасный дайджест: коварные QR, утечки на миллионы и «откровение» инсайдера",
        "description": "Текст статьи не удалось получить",
        "data": "2023-02-28, 09:00",
        "rating": 6
    },
    {
        "title": "Неожиданные находки с DCAP, или как мы разгребали свою файловую систему. Часть 1",
        "description": "Текст статьи не удалось получить",
        "data": "2023-02-16, 09:31",
        "rating": 6
    },
    {
        "title": "Начальная дипфейкология: как сделать, как распознать (испытано на себе)",
        "description": "Вокруг темы дипфейков множество слухов и домыслов. Мы сами стараемся не попасть впросак, когда комментируем для журналистов эту тему. Например. Можно ли подделать голос в телефонном разговоре, то есть налету? (пока нет) Увеличивается ли число мошенничеств с дипфейками? (Достаточной статистики нет, если неаккуратно оценивать ситуацию, можно тысячи процентов насчитать, всё ж пока исчисляется «от плинтуса»). Можно ли создать дипфейк дендрофекальным способом, работая только с тем, что есть в открытом доступе?\nА вот тут надо проверять, потому что однозначного ответа без дополнительных «но» нет. В качестве начальных условий поставил такие: можно ли сделать качественный дипфейк (видео и аудио), не особо вникая в вопрос? Результаты под катом.\nА еще бонусом, на основе полученных результатов, – разобрал ролик под названием «10 лучших Дипфейк видео». На их примере предлагаю и вам поупражняться в поиске признаков подделки.",
        "data": "2023-02-07, 11:35",
        "rating": 21
    },
    {
        "title": "(Не) безопасный дайджест post New Year: корпоративный крот, «временные» сбои и мегаслив Mail.ru",
        "description": "Текст статьи не удалось получить",
        "data": "2023-01-30, 09:14",
        "rating": 4
    },
    {
        "title": "BEC-атака века. Как корпорации поделились миллионами с киберпреступником",
        "description": "Текст статьи не удалось получить",
        "data": "2023-01-10, 12:00",
        "rating": 10
    },
    {
        "title": "(не) Безопасный дайджест New Year Edition: гаджеты-ябеды, утечки персданных и уличная социнженерия",
        "description": "Текст статьи не удалось получить",
        "data": "2022-12-26, 09:27",
        "rating": 9
    },
    {
        "title": "Учитель и панк: история Алексея Дрозда, начИБ «СёрчИнформ»",
        "description": "Текст статьи не удалось получить",
        "data": "2022-12-22, 08:18",
        "rating": 8
    },
    {
        "title": "(не) Безопасный дайджест: потерянные учетки, компенсация за мегасливы и утечки «с ветерком»",
        "description": "Текст статьи не удалось получить",
        "data": "2022-11-29, 08:51",
        "rating": 2
    },
    {
        "title": "Борьба с инсайдерством как борьба с сомалийскими пиратами",
        "description": "Текст статьи не удалось получить",
        "data": "2022-11-28, 08:42",
        "rating": 4
    },
    {
        "title": "Много ИБ-статистики. Как перевернулся мир ИБ за три года?",
        "description": "Текст статьи не удалось получить",
        "data": "2022-11-21, 08:59",
        "rating": 3
    },
    {
        "title": "(не) Безопасный дайджест: космическая социнженерия, сервера нараспашку и атаки на гигантов",
        "description": "Текст статьи не удалось получить",
        "data": "2022-10-31, 10:46",
        "rating": 3
    },
    {
        "title": "Несколько способов забить гвозди микроскопом, или как контролировать аддоны в браузере с помощью DLP и DCAP",
        "description": "Не прошло и года как даже НКЦКИ предупредил пользователей о потенциальной опасности браузерных расширений. В связи с известными событиями и возросшей угрозой атак российским пользователям рекомендовали отказаться, или хотя бы минимизировать установку плагинов в браузеры.\nНапример, НКЦКИ рассказал о вреде аддона «картинка в картинке»: через это расширение, по данным ведомства, проходят массированные кибератаки на российские информационные системы. И если одни аддоны пробивают бэкдоры для хакеров, то другие неплохо справляются сами: вычитывают пароли и логины, платежные данные, метаданные с устройства – одним словом, шпионят – а то и вовсе несут в себе вредоносный код, который включает устройство в ботнет или заражает шифровальщиками и прочим ВПО.\nЕсли без шуток, предупреждение НКЦКИ как минимум не лишнее. Другой вопрос, что проблема этого «слона в комнате» была на повестке задолго до турбулентности в геополитике. Например, в позапрошлом году исследователи обнаружили самую масштабную в Google Chrome кампанию по установке шпионского ПО. Пользователи скачивали вредоносы вместе с различными расширениями для браузера, всего прошло более 32 млн загрузок.\nКстати, в том же 2020-м и у меня про возможность контроля браузерных расширений спросили на одном из весенних вебинаров. Тогда ответ вылился в «записки сумасшедшего», описывающие несколько способов. И вот, подобно смотрящему на часы коту из мема «Пора», настало время поделиться наработками. Надеюсь, они вам будут полезны.",
        "data": "2022-10-20, 09:56",
        "rating": 6
    },
    {
        "title": "Герой или «козел отпущения» для ИБ-сообщества? Рассказываем историю одного начальника службы безопасности Uber",
        "description": "Текст статьи не удалось получить",
        "data": "2022-10-07, 08:52",
        "rating": 6
    },
    {
        "title": "(не) Безопасный дайджест: атака «от скуки», любовь к штрафам и этичный взлом",
        "description": "Текст статьи не удалось получить",
        "data": "2022-09-30, 09:06",
        "rating": 5
    },
    {
        "title": "Регистрация на Road Show SearchInform стартует",
        "description": "Текст статьи не удалось получить",
        "data": "2022-08-31, 08:43",
        "rating": 3
    },
    {
        "title": "(Не) безопасный дайджест: чем пахнут утечки, дипфейк в Zoom и дворянство за тысячу евро",
        "description": "Текст статьи не удалось получить",
        "data": "2022-08-26, 10:57",
        "rating": 5
    },
    {
        "title": "Будни отдела внедрения: «Миллиард вопросов, приходят каждый день. Нужно собраться и узнать все на свете»",
        "description": "Текст статьи не удалось получить",
        "data": "2022-08-24, 10:53",
        "rating": 1
    },
    {
        "title": "(не) Безопасный дайджест: иск за сливы, коварный фишинг и рекордная утечка персданных",
        "description": "Текст статьи не удалось получить",
        "data": "2022-08-03, 14:25",
        "rating": 5
    },
    {
        "title": "Как мошенники зарабатывают миллионы на афере «разделка свиней»",
        "description": "Текст статьи не удалось получить",
        "data": "2022-08-03, 13:17",
        "rating": 23
    },
    {
        "title": "(не) Безопасный дайджест: рассылка персданных, взломанные госсервисы и фермеры под угрозой",
        "description": "Текст статьи не удалось получить",
        "data": "2022-07-01, 08:57",
        "rating": 3
    },
    {
        "title": "(не) Безопасный дайджест: секрет на миллион, месть админа и список добрых дел от хакеров",
        "description": "Текст статьи не удалось получить",
        "data": "2022-06-01, 10:09",
        "rating": 4
    },
    {
        "title": "Сгорел сарай, гори и хата, или Месть британского сисадмина",
        "description": "Текст статьи не удалось получить",
        "data": "2022-05-30, 08:38",
        "rating": 57
    },
    {
        "title": "(не) Безопасный дайджест: криптокража века, пасхальное мошенничество и атаки на звезд",
        "description": "Текст статьи не удалось получить",
        "data": "2022-04-29, 17:08",
        "rating": 1
    },
    {
        "title": "SIEM-терапия: защититься, импортозаместиться, сэкономить",
        "description": "Текст статьи не удалось получить",
        "data": "2022-04-14, 08:44",
        "rating": 7
    },
    {
        "title": "(не) Безопасный дайджест: если бы в ИБ была «Премия Дарвина» — 2022",
        "description": "Текст статьи не удалось получить",
        "data": "2022-04-01, 11:39",
        "rating": 5
    },
    {
        "title": "(не) Безопасный дайджест: «улетные» пароли, страсти по Xbox и «сцена после титров»",
        "description": "Текст статьи не удалось получить",
        "data": "2022-03-29, 11:16",
        "rating": 5
    },
    {
        "title": "Женская доля: топ-5 крутых взлетов девушек в ИБ",
        "description": "Текст статьи не удалось получить",
        "data": "2022-03-08, 11:44",
        "rating": -1
    },
    {
        "title": "Два дня из жизни «Ивана Денисовича»: как инсайдер вынес базу за периметр компании",
        "description": "Как-то раз попалось мне на глаза любопытное судебное дело, связанное с утечкой информации. Инцидент был интересен тем, что опровергал сразу несколько мифов о корпоративной информационной безопасности:\n1.     за слив информации можно получить только условный срок;\n2.     сумма штрафа, если его вообще дадут, будет символической;\n3.     инсайдеры не выдумывают каких-либо хитростей для выноса информации, предпочитая действовать напролом.\nРешил реконструировать этот инцидент, основываясь на материалах дела. Поэтому «всё выдумано, а совпадения случайны». Тем не менее, под катом яркая история о том, как сотрудник с условным ИО «Иван Денисович» смог вынести информацию за периметр немалой (на самом деле очень крупной) компании, каким образом его вычислили и чем доказали в суде виновность. Для тех, кто больше предпочитает смотреть, есть видео-версия.\nТакже бонусом покажу, как можно было предотвратить «вынос тела», не нахватав при этом ложных сработок.",
        "data": "2022-02-03, 10:23",
        "rating": 22
    },
    {
        "title": "(Не) безопасный дайджест post New Year: атака на Tesla, похищенные учетки в FIFA и Google Maps в поисках крестного отца",
        "description": "Текст статьи не удалось получить",
        "data": "2022-01-31, 09:25",
        "rating": 6
    },
    {
        "title": "(не) Безопасный дайджест New Year Edition: атака на принтеры, корпоративный шпионаж и похищенные YouTube-каналы",
        "description": "Текст статьи не удалось получить",
        "data": "2021-12-30, 11:15",
        "rating": 3
    },
    {
        "title": "Начинаем переводить фреймворк ИБ-специальностей NICE (National Initiative for Cybersecurity Education)",
        "description": "Текст статьи не удалось получить",
        "data": "2021-12-27, 14:08",
        "rating": 4
    },
    {
        "title": "«Переходить в информационную безопасность из ИТ было самым правильным решением, хотя непростым – я айтишник чистой воды»",
        "description": "Текст статьи не удалось получить",
        "data": "2021-12-22, 08:58",
        "rating": 1
    },
    {
        "title": "(не) Безопасный дайджест: клининг-шпионаж, спам-рассылка ФБР и криптовзлом ради ника",
        "description": "Текст статьи не удалось получить",
        "data": "2021-12-03, 14:25",
        "rating": 4
    },
    {
        "title": "Путь в ИТ: разработчик с 30-летним опытом о карьере, олдскульном программировании, переписывании чужого кода и правилах",
        "description": "Текст статьи не удалось получить",
        "data": "2021-12-02, 13:00",
        "rating": 11
    },
    {
        "title": "Нас мало, но мы в тельняшках! Празднуем День защиты информации и делимся статистикой по рынку ИБ-кадров",
        "description": "Текст статьи не удалось получить",
        "data": "2021-11-30, 15:14",
        "rating": 4
    },
    {
        "title": "Системы большие и маленькие: парадокс «четвёртого измерения» в эволюции SIEM",
        "description": "Текст статьи не удалось получить",
        "data": "2021-11-23, 08:28",
        "rating": 4
    },
    {
        "title": "(не) Безопасный дайджест Halloween Edition: «воскресшие» учётки, похититель душ и похороны Facebook",
        "description": "Текст статьи не удалось получить",
        "data": "2021-10-31, 19:45",
        "rating": 5
    },
    {
        "title": "(не) Безопасный дайджест: обиженные бывшие, фейки на миллион и DDoS-атака века",
        "description": "Текст статьи не удалось получить",
        "data": "2021-10-07, 09:00",
        "rating": 4
    },
    {
        "title": "Сливы процветают. Эксперт-«параноик» Майкл Баззель о защите личных данных",
        "description": "Текст статьи не удалось получить",
        "data": "2021-09-27, 08:32",
        "rating": 11
    },
    {
        "title": "Есть контакт – как написать коннектор в SIEM самому",
        "description": "Текст статьи не удалось получить",
        "data": "2021-09-20, 08:25",
        "rating": 4
    },
    {
        "title": "Все оттенки инсайдерства",
        "description": "Текст статьи не удалось получить",
        "data": "2021-09-08, 09:51",
        "rating": 2
    },
    {
        "title": "(не) Безопасный дайджест: хакер-инсайдер, шпионы в Google и мегаслив паспортов",
        "description": "Текст статьи не удалось получить",
        "data": "2021-08-31, 08:20",
        "rating": 8
    },
    {
        "title": "Как стать пентестером, если ты ноль в IT – четыре истории из жизни «взломщицы человеческих голов»",
        "description": "Текст статьи не удалось получить",
        "data": "2021-08-04, 08:30",
        "rating": 7
    },
    {
        "title": "(не) Безопасный дайджест: корпоративный сталкинг, троян в правительстве и социнженерия наоборот",
        "description": "Текст статьи не удалось получить",
        "data": "2021-07-29, 10:20",
        "rating": 3
    },
    {
        "title": "Немного мыслей о будущем DCAP, или Станут ли они однажды частью ОС",
        "description": "Текст статьи не удалось получить",
        "data": "2021-07-12, 12:46",
        "rating": 4
    },
    {
        "title": "(не) Безопасный дайджест: атаки на титанов, парольное изобилие и слежка на грани фола",
        "description": "Текст статьи не удалось получить",
        "data": "2021-07-05, 08:18",
        "rating": 4
    },
    {
        "title": "(не) Безопасный дайджест: Colonial Pipeline, пароли 18+ и взломанные госсервисы",
        "description": "Текст статьи не удалось получить",
        "data": "2021-06-07, 09:20",
        "rating": 7
    },
    {
        "title": "Как ловили хакера и инсайдера во Всемирном банке",
        "description": "Текст статьи не удалось получить",
        "data": "2021-05-31, 09:01",
        "rating": 15
    },
    {
        "title": "Конференция для руководителей отделов безопасности в финсекторе – уже 1 июня",
        "description": "Текст статьи не удалось получить",
        "data": "2021-05-19, 08:56",
        "rating": 3
    },
    {
        "title": "(не) Безопасный дайджест: псевдоутечки, налоговый дипфейк и атака на сыр",
        "description": "Текст статьи не удалось получить",
        "data": "2021-05-04, 08:37",
        "rating": 7
    },
    {
        "title": "Блокировки хорошие и не очень",
        "description": "Текст статьи не удалось получить",
        "data": "2021-04-20, 09:01",
        "rating": 7
    },
    {
        "title": "FileAuditor на СХД Huawei",
        "description": "Текст статьи не удалось получить",
        "data": "2021-04-19, 15:38",
        "rating": 6
    },
    {
        "title": "Что мы узнали из нового отчета ФинЦЕРТа",
        "description": "Текст статьи не удалось получить",
        "data": "2021-04-05, 17:19",
        "rating": 3
    },
    {
        "title": "(не) Безопасный дайджест: если бы в ИБ была «Премия Дарвина» — 3",
        "description": "Текст статьи не удалось получить",
        "data": "2021-04-01, 09:49",
        "rating": 5
    },
    {
        "title": "Мы с серьезным приглашением",
        "description": "Текст статьи не удалось получить",
        "data": "2021-03-26, 14:05",
        "rating": 3
    },
    {
        "title": "(не)Безопасный дайджест: потерянные миллионы и телефонные мошенники",
        "description": "Текст статьи не удалось получить",
        "data": "2021-03-04, 12:18",
        "rating": 2
    },
    {
        "title": "Наглядно о фишинге в 2020 году на примере зоны RU",
        "description": "Текст статьи не удалось получить",
        "data": "2021-02-11, 12:53",
        "rating": 9
    },
    {
        "title": "Борьба с инсайдерской угрозой на примере Among Us",
        "description": "Текст статьи не удалось получить",
        "data": "2021-02-08, 08:23",
        "rating": 6
    },
    {
        "title": "Чем опасен ТГ-бот, позволяющий подменять Caller-ID",
        "description": "Сегодня в СМИ ворвалась новость про бот в Telegram для телефонных звонков с функцией подмены обратного номера. На Хабре тоже уже появилась. Ну а так как я и есть Алексей Дрозд, подумал, что вам может быть интересно узнать немного подробностей про функционал бота и про угрозы, которые он несёт.",
        "data": "2021-02-04, 13:36",
        "rating": 43
    },
    {
        "title": "(не)Безопасный дайджест: пароли по дефолту, персданные в подарок и зарплата для фишеров",
        "description": "Текст статьи не удалось получить",
        "data": "2021-02-01, 11:55",
        "rating": 9
    },
    {
        "title": "(не) Безопасный дайджест: новые мегаутечки и один пароль на всех",
        "description": "Текст статьи не удалось получить",
        "data": "2020-12-30, 08:34",
        "rating": 11
    },
    {
        "title": "Почему платить за удаление украденных данных – это безумие",
        "description": "Текст статьи не удалось получить",
        "data": "2020-12-02, 10:26",
        "rating": 10
    },
    {
        "title": "(не) Безопасный дайджест: сливы COVID-пациентов и незваный гость на министерской встрече в Zoom",
        "description": "Текст статьи не удалось получить",
        "data": "2020-11-30, 12:09",
        "rating": 8
    },
    {
        "title": "Изголодались по безопасности: 12% компаний будут создавать отдел ИБ «с нуля» — выводы пандемии",
        "description": "Текст статьи не удалось получить",
        "data": "2020-11-12, 15:10",
        "rating": 4
    },
    {
        "title": "Будни ИБ-аутсорсера: Выводы, которые я сделал из работы с заказчиками",
        "description": "Текст статьи не удалось получить",
        "data": "2020-11-05, 08:29",
        "rating": 4
    },
    {
        "title": "(не) Безопасный дайджест: саботаж на Tesla, больничный вымогатель и «продавец душ»",
        "description": "Текст статьи не удалось получить",
        "data": "2020-11-03, 08:27",
        "rating": 11
    },
    {
        "title": "Байки из жизни пентестеров, или Чем они рискуют, пытаясь взломать вашу компанию",
        "description": "Текст статьи не удалось получить",
        "data": "2020-09-07, 12:41",
        "rating": 9
    },
    {
        "title": "Минуту внимания, мы засекали",
        "description": "Текст статьи не удалось получить",
        "data": "2020-09-04, 08:22",
        "rating": 3
    },
    {
        "title": "Не идите в киберпреступники, это скука смертная",
        "description": "Мы, как и многие из вас, читаем по работе десятки англоязычных текстов. Некоторые из них настолько интересны, что хочется поделиться. Решили время от времени публиковать переводы – кому-то они могут оказаться полезными.\n\nНачнем со статьи Брайана Кребса из блога Krebs on Security. Он изучил 25-страничный труд Центра киберпреступности Кембриджского университета о том, что составляет основу работы хакеров и насколько она в реальности привлекательна. Текст приводим с небольшими сокращениями, которые не влияют на смысл. Статья помогает снять «розовые очки» при взгляде на мир киберпреступности.\n\n\n\nНаш начальник службы ИБ Алексей Дрозд (aka labyrinth) дал по ходу текста свои дополнения и комментарии. Ведь хоть киберпреступность и не ограничена отдельными странами, различия по разные стороны океана все же имеются. Вы можете развернуть или скрыть ремарки, чтобы читать только перевод оригинального текста.",
        "data": "2020-08-10, 09:51",
        "rating": 17
    },
    {
        "title": "Как безопасники боролись с мамонтами, или ИТ- и ИБ 25 лет назад и сейчас",
        "description": "В июне нашей команде и компании исполнилось 25 лет. В юбилей принято вспоминать былое, делать выводы и строить планы на будущее. Но делать стандартное интервью нам не хотелось. Хотелось, чтобы получился разговор двух людей, которые знают сферу ИТ, могут вспомнить «олдскульные ИБ-истории» и поспорить на тему «а вот если бы «ось пополам» обогнала в свое время майкрософт…»\n\nЗахотели – сделали. Алексей Дрозд (aka @Labyrinth) поговорил с Львом Матвеевым, инженером-программистом в прошлом, основателем и владельцем компании «СёрчИнформ» в настоящем. Разговор получился о том, как зарождалась ИТ-отрасль на постсоветском пространстве, чем нынешние программисты отличаются от «вчерашних», о поводах для гордости и уроках неудач.\n\nТекст большой, но да пусть вас это не напугает. Для пугливых – ориентируйтесь на заголовки.",
        "data": "2020-07-28, 10:22",
        "rating": 5
    },
    {
        "title": "Аутсорсинг ИБ, внутренняя безопасность. Куда податься заказчику",
        "description": "Сегодня решили поговорить о том, готовы ли компании отдавать на аутсорсинг внутреннюю безопасность. Многие годы считалось, что нет. Но ситуация меняется. В этом посте не будем говорить про «за и против аутсорсинга», а сделаем обзор, на что может рассчитывать заказчик, если у него уже появилась потребность как-то решать проблему утечек информации.\n\nСразу оговоримся, мы собирали информацию о тех услугах, которые:\n\nА) подрядчики сами называют аутсорсингом;\nБ) аутсорсингом не называются, но по факту решают какой-то вопрос, который мог бы решить специалист в штате (при его наличии).\n\nПоехали.",
        "data": "2020-07-07, 08:45",
        "rating": 4
    },
    {
        "title": "Странная «фича» в почте mail.ru",
        "description": "TL;DR Если в ящике mail.ru вы смотрите аттач к письму в браузере, то для формирования превьюшки копия документа «улетает» на IP Майкрософт в Редмонд.\n\nХотелось бы конечно заголовок по кликбейтнее, а-ля «Mail.ru пересылает все ваши письма в США!» или «Microsoft знает содержимое всех вложений на вашем ящике!». Но давайте к фактам и конкретике. Отдельно хотелось бы поблагодарить О.Ю. Анциферова (ex-Dr.PornCop из «лампового» Хакера), который первым обратил внимание на «интересное» поведение почты.",
        "data": "2020-06-10, 21:15",
        "rating": 44
    },
    {
        "title": "Контроль данных в покое с помощью DCAP-системы",
        "description": "DLP-системы неплохо справляются с защитой от утечек данных, когда дело касается данных в движении. Сложности начинаются, когда мы хотим охватить оставшиеся 2 типа: данные в покое и данные в работе. Ниже речь пойдёт о первом из них. Под катом рассказ о том, какие задачи наших клиентов мы решили, создав DCAP-систему. Немного кейсов, немного интерфейса, немного планов на будущее.",
        "data": "2020-06-08, 09:20",
        "rating": 8
    },
    {
        "title": "Ликбез для родителей: как уберечь детей от опасности в интернете",
        "description": "Этот пост рассчитан на неспециалистов в области ИТ и ИБ, и приурочен к наступающему Дню защиты детей. Мы попросили ИБ-эксперта Алексея Дрозда (aka @labyrinth) написать статью для родителей о том, какие опасности грозят детям в сети, как родителям их уберечь, когда интернет стал неотъемлемой частью жизни. Слово Алексею.\n\nПоднимая вопросы безопасности детей в интернете, часто говорят о том, что разрешать и запрещать ребенку. Увы, часто родители сами являются причиной бед своих детей, бесконтрольно выставляя на показ их жизнь в соцсетях.\n\nНо давайте по порядку. Под катом доступным языком рассказывается об угрозах, которым подвергаются дети в Сети. Описываются последствия. Приводятся примеры. И конечно, даются практические советы – как защититься, не нарваться и предупредить.",
        "data": "2020-05-29, 13:29",
        "rating": 17
    },
    {
        "title": "Переход на удаленку: бизнес-процессы спасли, что с безопасностью?",
        "description": "В середине апреля мы опросили руководителей и ИБ-специалистов компаний, насколько легко, дорого им дался перевод коллективов в хоум-офисы. Кратким резюме может быть такое: бизнес-процессы выстояли, люди адаптировались, вопросы безопасности – не до них пока. Те же вопросы задали и за рубежом. Под катом – сравнение цифр.",
        "data": "2020-04-24, 13:22",
        "rating": 0
    },
    {
        "title": "Пять стадий принятия неизбежного, или Как мы разрабатывали программу для автоматизированного профайлинга",
        "description": "Привет, на связи Алексей Филатов (aka afilatov123). В 2017 году меня пригласили в команду «СёрчИнформ» для запуска нового программного решения. Точнее так – для наращивания возможностей флагманского продукта – DLP-системы. Рынку мало того, что софт уже умеет (предотвращать утечки информации и корпоративное мошенничество). Заказчики хотят, чтобы программа умела предсказывать пользовательское поведение: «вот этот сотрудник готовится к увольнению, а значит может...» или «человек испытывает стресс и вероятно совершит ошибку». И предсказания эти должны быть сделаны с высокой точностью и в автоматизированном формате.\n\nДля решения этой задачи вендоры как правило идут по пути UEBA (или UBA). Но мы пошли своим и начали создавать автоматизированный профайлинг.\n\n\n\nПод катом – история того, какой путь мы проделали, чтобы продукт состоялся.",
        "data": "2020-04-17, 18:30",
        "rating": 5
    },
    {
        "title": "Открываем доступ к практическому курсу по работе с DLP-системой",
        "description": "Чисто практический пост. Не будем повторять известное про сложившуюся ситуацию, возможности попробовать новые форматы работы, про выделить время на учебу – вы сами знаете. Сразу к делу. Мы расчехлили наш курс для ИБ-аналитиков по работе с DLP-системой. Начинаем с понедельника, 6 апреля, и вплоть до 20-го – каждый будний день в 11:00 по московскому времени. Продолжительность: час-полтора. Для заинтересованных подробное расписание и ссылка на регистрацию под катом.",
        "data": "2020-04-03, 10:42",
        "rating": 5
    },
    {
        "title": "Если бы в ИБ была «Премия Дарвина», или 7 историй про глупость, халтуру, доверчивость и их последствия",
        "description": "Есть в нашей команде люди, в задачу которых входит мониторить ИБ-новости. В день они перепахивают кучу материалов на русском, английском, испанском и еще паре-тройке языков. Дайджест разлетается по отделам: кому посмотреть, нет ли среди пострадавших знакомых компаний, кому – в качестве иллюстрации к статье, примера к обучению или вебинару. Но для некоторых историй у нас особая папочка. «Гениальные» в своей незатейливости мошеннические схемы или удивительные по наивности проколы – к 1 апреля мы решили поскрести по сусекам и отобрали несколько историй, фигуранты которых достойны приза ИБ-версии «Премии Дарвина».",
        "data": "2020-04-01, 18:05",
        "rating": 51
    },
    {
        "title": "Из пилотов в тестировщики: как бывший военный построил запасной аэродром в IT",
        "description": "Меня зовут Сергей, я специалист отдела тестирования «СёрчИнформ». До «СёрчИнформ» работал сисадмином, а еще раньше – был военным летчиком. Собственно, историю перехода из профессии в профессию, которую многие знакомые считают радикальной, я и хочу рассказать. Сразу оговорюсь, радикальным этот карьерный поворот кажется только со стороны. Для меня история вполне закономерная. Но начну сначала.",
        "data": "2020-03-31, 09:13",
        "rating": 40
    }
]