[
    {
        "title": "Можно ли собрать полноценный интернет-магазин на бесплатной версии PHPShop?",
        "description": "Текст статьи не удалось получить",
        "data": "2023-07-18, 14:11",
        "rating": 7
    },
    {
        "title": "Медоблака. Как облачные технологии помогают развивать медицину",
        "description": "Наверное, всем знаком анекдот, в котором врач на приеме просит пациента немного подождать, пока он гуглит симптомы. «Так может я сам погуглю?», — спрашивает пациент. «А вот не нужно заниматься самолечением!», — строго отвечает доктор. Как говорится, в каждой шутке есть только доля шутки. IT меняет все сферы нашей жизни, в том числе, и медицину, а с развитием облачных технологий это влияние стало еще более заметным. О том, как облачные сервисы помогают в лечении и поддержке здоровья людей — сегодняшняя статья.",
        "data": "2023-07-11, 14:55",
        "rating": 14
    },
    {
        "title": "Обзор дата-центра в Турции – Star of Bosphorus",
        "description": "Недавно наши специалисты разместили и подключили оборудование в современном дата-центре в Турции. Новая локация теперь доступна в панели управления, и теперь есть возможность создавать виртуальные машины в Стамбуле. Центр обработки данных Star of Bosphorus занимает огромную площадь в 45 000 кв. м и имеет сертификацию Uptime Institute Tier III Design & Resort.\n\nПод катом расскажем, что привлекло нас в этом дата-центре и почему был выбран именно он, какие особенности есть у этой «Турецкой звезды», какое серверное оборудование было размещено в кластере, как мы подключали оборудование и покажем сетевую схему.",
        "data": "2023-07-06, 14:17",
        "rating": 14
    },
    {
        "title": "PrestaShop: обзор и возможности платформы",
        "description": "Текст статьи не удалось получить",
        "data": "2023-07-05, 14:51",
        "rating": 15
    },
    {
        "title": "Как шашки изменили мир и позволили зародиться искусственному интеллекту",
        "description": "Когда человек играет в компьютерные игры, объясняя это саморазвитием, его снисходительно называют геймером. Когда в игры играет сам компьютер с той же самой целью, это называют машинным обучением и искусственным интеллектом. Логические настольные игры — действительно один из лучших способов «прокачки» самообучающихся систем. О том, кто придумал эту технологию, и причем здесь шашки, мы расскажем в сегодняшней статье.",
        "data": "2023-06-28, 14:53",
        "rating": 17
    },
    {
        "title": "Как я устанавливал и настраивал OpenCart: краткий мануал",
        "description": "Когда передо мной в очередной раз возникла задача собрать небольшой интернет-магазин, я решил провести эксперимент: отойти от привычной связки WordPress + WooCommerce и попробовать специализированный «магазинный» движок, заточенный конкретно под электронную торговлю. Выбор пал на OpenCart. Я устанавливал стандартную английскую версию с последующей руссификацией, хотя рациональнее, наверное, было сразу скачать русскую версию. По результатам эксперимента я написал небольшой мануал для начинающих по развертыванию и базовой настройке интернет-магазина на OpenCart: надеюсь, эта инструкция будет полезна тем, кто сталкивается с этой CMS впервые.",
        "data": "2023-06-23, 14:01",
        "rating": 18
    },
    {
        "title": "Система распознавания COVID-19 по голосовым признакам",
        "description": "Исследователи и медики признают ценность голоса как биометрического параметра, который может отражать не только индивидуальные особенности человека, но и его здоровье. Несмотря на то, что пандемия COVID-19 уже закончилась, болеть ковидом люди не перестали. Поэтому разработка и применение голосовых систем для распознавания заболевания может позволить быстрее диагностировать болезнь при появлении ее симптомов.\n\nТрадиционные методы диагностики Covid-19, такие как ПЦР-тесты и анализы на антитела, обеспечивают точные результаты, но они требуют времени, ресурсов и инфраструктуры. Голосовая система распознавания, с другой стороны, основывается на анализе изменений в голосе и речи, которые могут быть связаны с присутствием вируса.\n\nУчась в Университете ИТМО, в рамках проекта я создал систему распознавания COVID-19, которая анализирует способности голосовых биометрических признаков в выявлении заболевания. В статье разберу подробнее, какие методы я использовал и, как это вообще работает.",
        "data": "2023-06-20, 15:44",
        "rating": 5
    },
    {
        "title": "В изоляции. История появления и развития контейнеров",
        "description": "У всего на свете есть своя история. В некоторых случаях она полна неожиданных поворотов, как сюжет детективного романа, в других довольно-таки проста и незатейлива. Имеется история и у двух самых популярных систем контейнеризации: Docker и Kubernetes. О появлении и эволюции развития этих востребованных технологий рассказывает сегодняшняя статья.",
        "data": "2023-06-15, 14:00",
        "rating": 24
    },
    {
        "title": "Три кита. Краткая история трех популярных CMS и попытка заглянуть в будущее",
        "description": "Во второй половине «девяностых» индустрия «сайтостроения» переживала расцвет. Каждая компания стремилась заявить о себе в интернете, каждый пользователь мечтал завести личную «домашнюю страничку». На помощь веб-мастерам приходили всевозможные программы вроде FrontPage и Dreamweaver, но большинство сайтов все еще представляли собой набор статических HTML-страниц, иногда — с вкраплением CSS. Чуть позже появилась технология Server Side Includes, позволявшая динамически собирать сайт на сервере из стандартных блоков: «шапки», панели меню, «подвала» и, собственно, полезного содержимого. После этого оставался только один шаг до внедрения баз данных и систем управления контентом, значительно упростивших жизнь как разработчикам, так и владельцам ресурсов.",
        "data": "2023-06-01, 13:27",
        "rating": 29
    },
    {
        "title": "Подробная история развития облачных технологий",
        "description": "Многие родившиеся в XXI веке люди считают, что облачные технологии появились при их поколении. На самом деле, история «облаков» насчитывает уже как минимум шесть десятилетий, причем в ней случались как периоды застоя, так и этапы бурного развития. Основу для них заложили, как это происходило с целым рядом других технологических инноваций, военные. И все-таки, при каких обстоятельствах зародились облачные технологии и как они развивались? Об этом — в нашей сегодняшней статье.",
        "data": "2023-04-20, 08:53",
        "rating": 20
    },
    {
        "title": "Прототехноблогер. История человека, придумавшего блогинг, подкастинг и RSS",
        "description": "Среди профессий, так или иначе связанных с IT, все чаще упоминаются блогеры. И распространенное в сообществе высококвалифицированных технических специалистов снисходительное отношение к этой сфере деятельности совершенно не оправдано: в конце концов, «Хабр» — это тоже коллективный блог, и здесь точно есть люди, для которых написание увлекательных и интересных текстов — основная работа. Говорят, первый в истории техноблогер появился еще в 1994 году, и именно он положил начало профессии, позволяющей кое-кому зарабатывать миллионы. А еще этого человека называют пионером подкастинга, программистом, писателем и предпринимателем, одним из соавторов формата RSS и основателем нескольких успешных стартапов. Речь идет о Дэйве Винере.",
        "data": "2023-04-13, 12:35",
        "rating": 23
    },
    {
        "title": "Радья Перлман. Мать Интернета. Протокол STP",
        "description": "В мировой IT-индустрии известно много разработчиков, изобретателей и исследователей, и большинство из них — это мужчины. А ведь женщины наравне с ними вносили вклад в развитие технологий, например, всем известная Ада Лавлейс, которая написала первую в историю программу, или Хеди Ламарр, придумавшая технологию для работы Wi-Fi, или Грейс Хоппер – разработала первый компилятор, а Карен Спарк продумала концепцию поисковой системы.\n\nЖенщин в IT, о которых стоит знать, существует еще много. Среди них хочу выделить американского программиста и сетевого инженера – Радья Джой Перлман. Она известна как «Мать Интернета» благодаря своему изобретению протокола STP (Spanning Tree Protocol или протокол связующего дерева). Усовершенствованный другими программистами, протокол используется в компьютерных сетях до сих пор. Наработки Перлман легли в основу и других протоколов передачи цифровых данных — таких как TRILL и IS-IS.",
        "data": "2023-03-31, 19:42",
        "rating": 10
    },
    {
        "title": "Уильям Джолиц: создатель первой версии BSD",
        "description": "Сегодня, 22 февраля, день рождения Уильяма (Билла) Фредерика Джолица – создателя первой версии BSD – 386BSD (Jolix). Эта операционная система стала отправной точкой для NetBSD и FreeBSD. Уильям с детства был талантливым инженером и программистом, поэтому неудивительно, что он был частью развития BSD систем.\n\nВ этой статье расскажу о его первых проектах, стажировке в НАСА, о событии, приблизившем его к смерти, и истории появления той самой ОС 386BSD. Отмечу, что материал основан на некрологе о жизни Уильяма Джолица, написанном его женой Линн Грир Джолиц и размещенном на сайте www.386bsd.org.",
        "data": "2023-02-22, 16:00",
        "rating": 14
    },
    {
        "title": "Наливное яблочко. Винтажный Apple iBook G3 под управлением Mac OS 9",
        "description": "Все-таки в продукции Apple есть какая-то магия. Особенно — в винтажных устройствах, много лет назад снятых с производства. Недавно нам в руки попал очень интересный ноутбук, выпущенный в самом начале «нулевых»: Apple iBook на базе процессора PowerPC G3. Мы решили не только рассказать о конструкции этого девайса, но и установить на него классическую Mac OS 9, которая использовалась на всех персоналках и лаптопах Apple до появления OS X.",
        "data": "2023-02-08, 17:28",
        "rating": 24
    },
    {
        "title": "Погнался за девушкой, а стал middle-разработчиком",
        "description": "Привет Хабр!\n\nВ этой статье хочу рассказать о своем опыте обучения на fullstack-разработчика и поделиться лайфхаками для поиска работы в IT как в России, так и за рубежом.\n\nЯ middle-разработчик в компании SimpleOne – это ESM-платформа для автоматизации бизнес-процессов. Здесь будет начало моего пути, несколько советов для тех, кто только собирается войти в эту сферу, мои фейлы (куда без них) и полезные материалы, которые мне помогли выучится и получить работу. Да, этот материал не будет наполнен кодом и техническими элементами, но надеюсь, кому-то он будет полезен чувствовать себя более уверенно на своем пути в IT и поможет адекватно подготовиться к поиску работы.",
        "data": "2023-01-27, 14:56",
        "rating": 2
    },
    {
        "title": "О чем говорят сертификаты дата-центров",
        "description": "Далеко не все дата-центры проходят сертификацию Tier, поэтому в этой статье будут разобраны и другие стандарты и сертификаты, показывающие надежность ЦОД. Почему мед организациям нужно обращать внимание на HIPAA, какие требования PCI DSS должны соблюдать дата-центры, что подтверждают стандарты ISO и в чем отличия отчетов SOC 1 от SOC 2.\n\nНадеюсь, эта статья поможет лучше разобраться, что означают эти аббревиатуры и почему на них стоит обращать внимание при выборе ЦОД.",
        "data": "2023-01-25, 18:58",
        "rating": 14
    },
    {
        "title": "Кен Томпсон: живая легенда",
        "description": "Людей, внесших значительный вклад в развитие мировой IT-индустрии и вошедших благодаря этому в историю, можно пересчитать по пальцам. Один из них — Кеннет Лейн Томпсон, один из разработчиков Unix, операционных систем Plan 9 и Inferno, создатель языка программирования B, соавтор языка Go. Томпсон принимал участие в конструировании шахматного компьютера Belle, первой машины, достигшей уровня игры мастера с рейтингом USCF 2250. Она пять раз выигрывала чемпионат Северной Америки по компьютерным шахматам ACM и чемпионат мира по компьютерным шахматам 1980 года. В 1983 году Томпсон разделил со своим давним другом и коллегой Деннисом Ритчи премию Тьюринга, неофициально признанную «нобелевкой» в мире компьютерных наук.",
        "data": "2023-01-13, 10:57",
        "rating": 44
    },
    {
        "title": "(Анонс) GlobalGameJam 2023",
        "description": "Каждый год в конце января проходит ежегодный Global Game Jam. И этот год не станет исключением.\n\n\n\nОднако, с прошлых лет ситуация сильно поменялась. Под катом больше деталей о предстоящем мероприятии, моя диванная аналитика, ништяки, и подборка советов будущим перводжеммерам :)",
        "data": "2023-01-12, 11:43",
        "rating": 10
    },
    {
        "title": "Товарищ майор в клетке или как я изолировал Яндекс Браузер (для использования СБОЛа)",
        "description": "Текст статьи не удалось получить",
        "data": "2022-12-19, 08:53",
        "rating": 63
    },
    {
        "title": "Сравниваем инструменты мониторинга IT-инфраструктуры Zabbix, Icinga, Prometheus",
        "description": "Текст статьи не удалось получить",
        "data": "2022-12-14, 14:37",
        "rating": 11
    },
    {
        "title": "Как мы подключали и тестировали дата-центр в Канаде. Обзор",
        "description": "Текст статьи не удалось получить",
        "data": "2022-12-05, 13:29",
        "rating": 8
    },
    {
        "title": "Может ли робот быть художником?",
        "description": "Текст статьи не удалось получить",
        "data": "2022-11-02, 16:47",
        "rating": 7
    },
    {
        "title": "Микросервисы и N-уровневая архитектура",
        "description": "Текст статьи не удалось получить",
        "data": "2022-10-17, 16:29",
        "rating": -1
    },
    {
        "title": "IDE и редакторы кода для разработчиков. Подборка",
        "description": "Текст статьи не удалось получить",
        "data": "2022-10-14, 15:05",
        "rating": -4
    },
    {
        "title": "Микросервисная архитектура, ее паттерны проектирования и особенности",
        "description": "Текст статьи не удалось получить",
        "data": "2022-10-12, 19:15",
        "rating": 10
    },
    {
        "title": "Управление облаком с помощью API и CLI. Основы",
        "description": "Текст статьи не удалось получить",
        "data": "2022-10-07, 17:06",
        "rating": 3
    },
    {
        "title": "Первый облачный. Как создавался первый в России облачный провайдер",
        "description": "Текст статьи не удалось получить",
        "data": "2022-10-04, 12:54",
        "rating": 7
    },
    {
        "title": "Стратегии тестирования микросервисов",
        "description": "Текст статьи не удалось получить",
        "data": "2022-09-28, 13:37",
        "rating": 13
    },
    {
        "title": "Это база. Сетевая модель OSI. Истоки",
        "description": "Текст статьи не удалось получить",
        "data": "2022-09-22, 18:42",
        "rating": 11
    },
    {
        "title": "Настоящее и будущее облачного стриминга",
        "description": "Текст статьи не удалось получить",
        "data": "2022-09-17, 17:15",
        "rating": 7
    },
    {
        "title": "Обзор серверов Gooxi SL101. Опыт установки и первые впечатления",
        "description": "Текст статьи не удалось получить",
        "data": "2022-09-15, 16:34",
        "rating": 8
    },
    {
        "title": "Цена ошибки. Каковы последствия самых нашумевших ошибок в программах?",
        "description": "Текст статьи не удалось получить",
        "data": "2022-09-06, 18:05",
        "rating": 11
    }
]