[
    {
        "title": "Почему шифрование контейнеров хорошо для NFV и Edge Computing",
        "description": "Текст статьи не удалось получить",
        "data": "2023-07-16, 14:16",
        "rating": 4
    },
    {
        "title": "Device Twins и подвеска автомобиля: найдите 10 совпадений",
        "description": "Текст статьи не удалось получить",
        "data": "2023-07-08, 17:28",
        "rating": 1
    },
    {
        "title": "Digital Twins и Device Twins: в чем разница и что общего?",
        "description": "Текст статьи не удалось получить",
        "data": "2023-07-05, 21:19",
        "rating": 3
    },
    {
        "title": "Device Twins в 5G и Edge Computing",
        "description": "Текст статьи не удалось получить",
        "data": "2023-06-30, 14:12",
        "rating": 1
    },
    {
        "title": "Облака и безопасность",
        "description": "Текст статьи не удалось получить",
        "data": "2023-06-07, 14:46",
        "rating": 0
    },
    {
        "title": "Цифровые двойники устройств",
        "description": "Текст статьи не удалось получить",
        "data": "2023-05-29, 09:38",
        "rating": -2
    },
    {
        "title": "Криптография для Интернета вещей",
        "description": "Текст статьи не удалось получить",
        "data": "2023-05-24, 20:48",
        "rating": 8
    }
]