[
    {
        "title": "Влияние нефункциональных требований на разработку программного обеспечения",
        "description": "Текст статьи не удалось получить",
        "data": "2023-07-14, 18:19",
        "rating": 1
    },
    {
        "title": "Как, сменив архитектуру, мы оптимизировали расходы на трафик в AdTech",
        "description": "Текст статьи не удалось получить",
        "data": "2023-06-16, 17:50",
        "rating": 3
    },
    {
        "title": "О несоответствии в AdTech, и как мы с ним боролись",
        "description": "Текст статьи не удалось получить",
        "data": "2023-06-02, 15:12",
        "rating": 4
    },
    {
        "title": "Как мы запускали SSP-систему, боролись с высокими нагрузками и прокачивали навыки",
        "description": "Текст статьи не удалось получить",
        "data": "2023-02-16, 12:11",
        "rating": 1
    },
    {
        "title": "Как мы исправили древний сервис и ускорили вдвое поставку обновлений",
        "description": "Текст статьи не удалось получить",
        "data": "2023-01-30, 17:40",
        "rating": 6
    }
]