[
    {
        "title": "Уникальный AV-концентратор от Yealink. Комплексное решение для ВКС",
        "description": "Текст статьи не удалось получить",
        "data": "2023-03-29, 11:24",
        "rating": 7
    },
    {
        "title": "Обзор новой камеры Yealink UVC86: наведение на голос и режим лектора",
        "description": "Текст статьи не удалось получить",
        "data": "2022-07-12, 14:42",
        "rating": 7
    },
    {
        "title": "Обзор обновлений VINTEO — премиального решения для видеоконференцсвязи",
        "description": "Текст статьи не удалось получить",
        "data": "2022-06-23, 13:32",
        "rating": 5
    },
    {
        "title": "Замена ZOOM и MS Teams: облачное решение ВКС Yealink Cloud",
        "description": "Текст статьи не удалось получить",
        "data": "2022-05-05, 16:18",
        "rating": 8
    },
    {
        "title": "Новое слово в расчётах систем видеоконференцсвязи — часть №3: точный подбор микрофонов без пилотного тестирования",
        "description": "Текст статьи не удалось получить",
        "data": "2022-04-08, 15:53",
        "rating": 6
    },
    {
        "title": "Новое слово в расчётах систем видеоконференцсвязи — часть №2: расчёт диагонали ТВ и VR-визуализация 360˚",
        "description": "Текст статьи не удалось получить",
        "data": "2022-03-22, 10:36",
        "rating": 8
    },
    {
        "title": "Бесплатные лицензии от ведущих российских вендоров видеоконференцсвязи",
        "description": "Текст статьи не удалось получить",
        "data": "2022-03-05, 11:03",
        "rating": 8
    },
    {
        "title": "Новое слово в расчётах систем видеоконференцсвязи — часть №1: подбираем видеокамеру, используя 3D-моделирование",
        "description": "Текст статьи не удалось получить",
        "data": "2022-02-15, 08:02",
        "rating": 9
    },
    {
        "title": "Лучшее российское решение для онлайн-обучения — Webinar.ru представляет on-premise версию своего сервиса",
        "description": "Текст статьи не удалось получить",
        "data": "2022-01-28, 13:11",
        "rating": 8
    },
    {
        "title": "Уникальная ВКС-камера от Yealink — оптимальное решение для ZOOM/Skype/Teams",
        "description": "Текст статьи не удалось получить",
        "data": "2021-12-02, 09:15",
        "rating": 7
    },
    {
        "title": "Решение ВКС на 360 градусов для ультра компактных переговорных комнат",
        "description": "Текст статьи не удалось получить",
        "data": "2021-09-29, 17:30",
        "rating": 10
    },
    {
        "title": "Панорамное решение ВКС для ультра компактных переговорных комнат",
        "description": "Текст статьи не удалось получить",
        "data": "2021-08-27, 10:35",
        "rating": 10
    },
    {
        "title": "Работа SIP/H.323-терминала ВКС с ZOOM и Skype в USB-режиме для ПК",
        "description": "Текст статьи не удалось получить",
        "data": "2021-07-19, 09:05",
        "rating": 8
    },
    {
        "title": "Видеоконференцсвязь Yealink — интеграция с MS Teams и S4B",
        "description": "Акция, запущенная весной 2020 года, позволила многим компаниям познакомится с профессиональным решением для видеоконференцсвязи Yealink Meeting Server. В статье Обучение, переговоры, консультации удалённо — Часть 3: Yealink Meeting Server и 4 специальных предложения были описаны условия и сроки проведения той акции.\nВ новом году мы повторяем часть предпринятых в прошлом году шагов, чтобы продолжить знакомство с программным решением Yealink Meeting Server и создать комфортные условия для пилотирования решения и планирования бюджета:\n\nБесплатно до конца августа 2021 года. Вы получаете дистрибутив Yealink Meeting Server (YMS) и лицензию, включающую: 100 конкурентных симметричных подключений, 100 участников-зрителей и сервис записи/трансляции.\nГарантия 3 года. Стандартный сервисный контракт (гарантия и техническая поддержка) на ПО YMS и оборудование Yealink в период акции составит не 1 год, как раньше, а целых 3 года.\n1 доллар = 75 рублей. До конца лета 2021 года, рублёвая стоимость на оборудование и программное обеспечение Yealink будет зафиксирована по курсу 1:75.\n\nВажное замечание: условия акции, описанные в этой статье, распространяются только на запросы по адресу yealink@prof-av.ru с указанием в теме письма названия акции!\n\nПилотное тестирование поможет ближе познакомиться с функционалом YMS, а эта статья поможет раскрыть тонкости интеграции Yealink Meeting Server с программными решениями Microsoft.",
        "data": "2021-04-05, 09:11",
        "rating": 9
    },
    {
        "title": "VINTEO Server — корпоративная видеоконференцсвязь высшего класса. Установка, настройка, полное описание",
        "description": "В прошлой статье, Обучение, переговоры, консультации удалённо — Часть 2: Vinteo Server — 3 месяца бесплатной видеоконференцсвязи, я немного описал особенности и функционал уникального российского решения ВКС Vinteo Server.\nЭта статья является подробным руководством по установке и настройке сервера Vinteo на Вашей аппаратной платформе. Если Ваша компания в период принудительной удалёнки отчаялась в выборе оптимального корпоративного сервиса видеоконференцсвязи, то самое время протестировать российское решение ВКС премиального уровня Vinteo.\n\nК тому же, продолжается акция «3 месяца бесплатной видеоконференцсвязи», описанная в прошлой статье.\n\nСервер Vinteo – это программное ядро системы видеоконференцсвязи и коммуникаций. Решение поддерживает все открытые стандарты связи, включая H.323, SIP и WebRTC, и обеспечивает протокольную и функциональную совместимость с доступным на рынке оборудованием ВКС от ведущих вендоров в данной области. Vinteo позволяет не только организовать сеть конференцсвязи с нуля, но также расширить возможности уже имеющейся в инфраструктуре системы ВКС любого вендора.\n\nОдними из уникальных особенностей решения Vinteo являются персональные раскладки для каждого участника, а также функция синхронного перевода.",
        "data": "2020-11-16, 14:25",
        "rating": 9
    },
    {
        "title": "Обучение, переговоры, консультации удалённо — Часть 1: Mind Server и его бесплатная версия",
        "description": "В качестве вступления — приглашаю всех причастных в хаб Видеоконференцсвязь — в ближайшее время, полагаю, здесь будет публиковаться много интересных статей.\n\nВ свете последних событий многие компании, причастные к отрасли видеоконференцсвязи, начали бурную рекламную компанию своих продуктов и решений. И выглядит это, порой, не очень красиво: «Только на период пандемии — бесплатно пользуйтесь нашим сервисом...» Всё бы ничего, только такие компании искусственно создают ажиотаж, так как предлагают к эксклюзивному использованию и без того бесплатные версии своих продуктов. Не виню — время такое, лишь бы с пользой для народа.\n\nКак только я услышал о карантине и увидел всевозможные акции бесплатных сервисов, я сразу обратился к своим давним парнёрам — одному из ведущих разработчиков ПО для ВКС в России, компании Майнд. Я решил, что подобная маркетинговая активность им не помешает, но получив отказ был немного обескуражен. Оказалось, что за последние дни нагрузка на облачный сервис Майнд выросла настолько, что вычислительных ресурсов перестало хватать на обработку огромного количества подключений. И это без всякой рекламы, поэтому рекомендовать облачные решения в этой статье я не буду.\n\nВ этой статье я напомню о скромном факте — особенности локального решения для видеоконференцсвязи Mind Server, о котором я уже рассказывал в прошлых статьях:\nПрофессиональная ВКС доступна как никогда. Mind Server — новая версия, новые цены\nВидеоконференцсвязь Mind — оптимальный выбор для бизнеса\nРечь идёт о бессрочной возможности пользоваться On-Premise версией Mind Server в закрытой сети совершенно бесплатно.",
        "data": "2020-03-17, 17:11",
        "rating": 14
    },
    {
        "title": "Профессиональная ВКС доступна как никогда. Mind Server — новая версия, новые цены",
        "description": "Отечественное решение видеоконференцсвязи (ВКС) Mind Server давно пользуется популярностью в России и не только. Это профессиональная система для проведения конференций и вебинаров в локальной сети или через открытый интернет. В Mind Server обеспечена поддержка аппаратных терминалов SIP/H.323, WebRTC-подключений и мобильных клиентов, а также реализована запись конференций, демонстрация контента и рабочего стола, интеграция со Skype for Business и многое другое.\n\nНесколько лет назад я публиковал статью, посвящённую этому продукту: Видеоконференцсвязь Mind — оптимальный выбор для бизнеса. Функциональные возможности и интерфейс сервиса настолько полноценны, что за годы почти не претерпели существенных изменений. Но это не говорит о том, что продукт не развивался — сразу под катом я опишу основные улучшения по сравнению с прошлой версией.\n\nА сейчас, прежде чем перейти к описанию Mind Server, я ещё раз хочу напомнить о важном событии: на Хабре появился отдельный хаб, посвящённый решениям видеоконференцсвязи и я приглашаю всех вовлечённых в эту обширную и актуальную тему подписываться на хаб Видеоконференцсвязь.\n\nКраткое содержание статьи:\n\n10 Ключевых изменений в новой версии Mind Server\nУстановка и базовая настройка\nИнтерфейсы администратора и пользователя\nЦена решения\nMCU Mind «из коробки»\nДистрибутив и безлимитный ключик на 1 месяц в подарок",
        "data": "2019-09-06, 09:20",
        "rating": 11
    },
    {
        "title": "Функция наведения камеры по голосу стала доступней — универсальное решение SmartCam A12 Voice Tracking",
        "description": "Тема отслеживания говорящего участника видеоконференции, за последние несколько лет, сильно набрала обороты. Технологии позволили реализовать сложные алгоритмы обработки аудио/видео-информации в реальном времени, что побудило компанию Polycom, почти 10 лет назад, представить миру первое массовое решение с интеллектуальным автоматическим отслеживанием докладчика. Несколько лет им удавалось оставаться единственными обладателями подобного решения, но Cisco не заставили себя долго ждать, и вывели на рынок свой вариант интеллектуальной двухкамерной системы, которая составила честную конкуренцию решению от Polycom. Много лет этот сегмент ВКС был ограничен возможностями нескольких проприетарных продуктов, но эта статья посвящается первому универсальному решению наведения камеры по голосу, совместимому как с аппаратной, так и с программной инфраструктурой ВКС.\nПрежде чем перейти к описанию решений и демонстрации возможностей, я хочу отметить важное событие:\nЯ удостоен чести представить хабра-сообществу новый хаб, посвящённый решениям видеоконференцсвязи (ВКС). Теперь, благодаря совместным усилиям (моим и НЛО), Видеоконференцсвязь имеет свой дом на Хабре, и я приглашаю всех вовлечённых в эту обширную и актуальную на сегодняшний день тему подписываться на новый хаб.",
        "data": "2019-07-11, 09:17",
        "rating": 11
    },
    {
        "title": "Онлайн-конструктор переговорной комнаты — подбор оптимального решения ВКС",
        "description": "Три года назад мы опубликовали статью Оборудование ВКС для переговорных комнат. Она стала результатом труда и сборником экспертизы не одного человека, а нескольких компаний, специализирующихся многие годы на интеграции сложных решений видео-конференц-связи. На первый взгляд, ВКС и телефония — имеют много общего: общие задачи, схожий состав оборудования и аналогичная архитектура решений. Но, в реальности, с точки зрения интегратора — расчет и реализация проекта по видео-конференц-связи существенно отличается от телефонизации.\n\nВКС по-прежнему требует наличие экспертизы и, зачастую, проектного подхода, в то время как телефония всё больше приобретает вид «коробочных» решений.\n\nИ основная сложность заключается как раз в решениях для переговорных комнат и конференц-залов, нежели в оборудовании для персонального использования. С выбором веб-камеры и гарнитуры сейчас трудно ошибиться, другое дело большие помещения с акустическими и оптическими особенностями. А оборудование ВКС для переговорных комнат обладает таким количеством характеристик, что их значение и роль для многих пользователей остаётся загадкой.\n\nИ если даже разобраться в них подробней, часто у заказчика возникают вопросы типа:\n\nПочему я не могу поставить в этой переговорной комнате обычную веб-камеру?\nНасколько эта камера сможет увеличить председателя?\nА если мы телевизор придвинем к столу, ближние участники попадут в кадр?\nХватит ли чувствительности этого спикерфона на нашу комнату?\n\nДаже обладая пониманием параметров комнаты и оборудования, непросто совместить их в визуальный образ, не прибегая к реальной установке оборудования в комнате.",
        "data": "2019-07-01, 10:05",
        "rating": 19
    },
    {
        "title": "Кластер системы видеоконференцсвязи на базе Yealink Meeting Server",
        "description": "Эта статья является продолжением цикла публикаций, посвященного комплексному решению ВКС Yealink Meeting Server (YMS).\n\nВ прошлой статье Yealink Meeting Server 2.0 — новые возможности видеоконференцсвязи мы описали существенный прорыв в функционале решения:\n\nдобавился собственный сервис записи конференций, интегрированный в YMS\nпоявился новый тип лицензии — Broadcast, который позволяет оптимизировать стоимость асимметричных конференций\nобеспечена интеграция с решением Skype for Business и Teams\n\nВ этой статье мы рассмотрим возможность каскадирования YMS — установку и настройку системы в режиме «кластер».",
        "data": "2019-06-19, 12:35",
        "rating": 14
    },
    {
        "title": "SATA SSD Enterprise в 2-контроллерных СХД Infortrend — замер производительности",
        "description": "В прошлых статьях: СХД Infortrend — альтернатива А-брендам и СХД Infortrend EonStor DS2024G2 делался акцент на одно из преимуществ систем хранения Infortrend — поддержка Enterprise SATA SSD в 2-контроллерных системах.\nВ комментариях читателей возник резонный вопрос: «Насколько отличается производительность SATA-дисков при работе напрямую и через MUX-плату?» В этой статье приводятся результаты тестирования SAN Infortrend DS 2012RE2, на которой был собран RAID10 из 6 Enterprise SSD Intel с интерфейсом SATA. Для тестов использовали 3 способа подключения дисков:\n\nПрямое подключение (1-контроллерный вариант)\nПодключение через MUX 3G (2-контроллерный вариант)\nПодключение через MUX 6G (2-контроллерный вариант)",
        "data": "2019-03-01, 11:23",
        "rating": 13
    },
    {
        "title": "Yealink Meeting Server 2.0 — новые возможности видеоконференцсвязи",
        "description": "В прошлой статье: Yealink Meeting Server — комплексное решение для видеоконференцсвязи мы описали функционал первой версии Yealink Meeting Server (далее YMS), её возможности и структуру.\nВ результате, мы получили от Вас множество запросов на тестирование этого продукта, часть которых выросли в комплексные проекты по созданию или модернизации ВКС-инфраструктуры.\nНаиболее часто встречающийся сценарий предполагал замену прежнего MCU на сервер YMS, при сохранении существующего парка терминальных устройств, а расширение с помощью терминалов Yealink.\n\nОсновных причин тому три:\n\nМасштабируемость существующего MCU невозможна или неоправданно дорога.\n«Накопленный долг» за техническую поддержку соизмерим со стоимостью современного ВКС-решения «под ключ».\nПроизводитель уходит с рынка и поддержка перестаёт осуществляться вообще.\n\nМногие из Вас, кто сталкивался с модернизацией Polycom, например, или поддержкой LifeSize, поймут о чём идёт речь.\n\nНовый функционал Yealink Meeting Server 2.0, а также обновление модельного ряда терминальных клиентов Yealink не позволяет уместить всю информацию в рамках одной статьи. Поэтому я планирую сделать серию небольших публикаций на следующие темы:\n\nОбзор YMS 2.0\nКаскадирование серверов YMS\nИнтеграция YMS и S4B\nНовые терминалы Yealink\nМногокамерное решение для крупных конференц-залов",
        "data": "2019-01-31, 09:13",
        "rating": 16
    },
    {
        "title": "Обзор и тестирование СХД Infortrend EonStor DS2024 2-го поколения",
        "description": "В статье «СХД Infortrend — альтернатива А-брендам. Обзор и тестирование» мы описали функционал и производительность одной из самых популярных на тот момент SAN Infortrend — DS 3012T. К преимуществам СХД Infortrend, по итогам прошлой статьи, мы отнесли поддержку классических Enterprise-дисков (не брендированных) и обеспечение работы SATA-дисков в 2-контроллерных системах. Эти факты делают данные системы хранения уникальными, т.к. используя SATA SSD Enterprise, можно построить бюджетную систему хранения с высокими показателями производительности и отказоустойчивости.\n\nВ этой статье мы рассмотрим 24-дисковую модель SAN 2000-ой серии, и уделим больше внимания интерфейсу управления Infortrend SANWatch.",
        "data": "2018-05-18, 14:24",
        "rating": 14
    },
    {
        "title": "Yealink Meeting Server — комплексное решение для видеоконференцсвязи",
        "description": "В ранних статьях, посвящённых программным ВКС-серверам, я описывал различные решения для видеоконференцсвязи на базе программных продуктов отечественной разработки. Сегодняшняя статья посвящается программному ВКС-серверу от компании Yealink — Yealink Meeting Server (YMS). Отличительной особенностью данного решения является бесшовная интеграция с аппаратными терминалами ВКС данного производителя.\n\nПоследние годы кодеки Yealink активно конкурируют в своём сегменте рынка с продукцией Polycom, Cisco и прочих крупных вендоров. Но замещение было лишь по клиентской части, так как у Yealink не было собственного сервера ВКС, и для построения законченного решения приходилось интегрировать терминалы Yealink с программными или аппаратными MCU сторонних производителей.\n\nВ прошлом году Yealink представил собственный программный сервер видеоконференцсвязи, который поддерживает не только собственное оборудование, но также совместим с большинством моделей кодеков ведущих мировых производителей.",
        "data": "2018-04-27, 09:58",
        "rating": 14
    },
    {
        "title": "Вдвое мощней за те же деньги! Intel Xeon E5 против E3-серии",
        "description": "Не так давно мы публиковали статью Сравнение производительности процессоров Intel разных поколений, в которой представлены результаты тестирования 8-ядерных процессоров Intel Xeon E5. С тех пор, по акции, было продано несколько сотен серверов на базе процессоров V1/V2, которые стали достойным аналогом E5-2620V4/2630V3 в таких задачах как: сервер баз данных, терминальный сервер, видеонаблюдение и пр. Но, к сожалению, модельный ряд был ограничен только 2-процессорными платформами, что накладывало дополнительную финансовую нагрузку при использовании 1-процессорных конфигураций. Большое количество запросов побудило нас разработать бюджетную модель 1-процессорного сервера/рабочей станции, которая должна существенно выигрывать по производительности у платформ на базе Xeon E3/Core i7, и при этом конкурировать с ними по цене.",
        "data": "2018-03-16, 08:33",
        "rating": 11
    },
    {
        "title": "Система мониторинга PERFEXPERT — решение проблем производительности СУБД",
        "description": "Специализированный программный комплекс «PERFEXPERT» – самостоятельный программный продукт, позволяющий без вмешательства в работу баз данных и обслуживающих их программ в режиме реального времени собирать, протоколировать и визуально отображать сведения о нагрузке на систему баз данных MS SQL, оценивать эффективность их работы и выявлять причины низкой производительности.\n\nВ начале лета разработчик этого программного продукта компания SOFTPOINT и производитель серверного оборудования компания STSS запустили акцию: при покупке любого сервера или СХД клиент получает Сертификат на бесплатное тестирование ПО диагностики СУБД PERFEXPERT сроком на 3 месяца. Акция продлится до конца лета.\n\nУчитывая положительный результат акции, мы решили расширить круг её охвата. С сегодняшнего дня, в течение 3 месяцев, любой читатель этой статьи получает 2 недели тестирования PERFEXPERT в своей инфраструктуре СУБД.",
        "data": "2017-08-10, 11:09",
        "rating": 9
    },
    {
        "title": "СХД Infortrend — альтернатива А-брендам. Обзор и тестирование",
        "description": "Системы хранения данных все чаще используются в IT-инфраструктуре сегмента малого и среднего бизнеса. Рабочие места мигрируют в виртуальную среду, а для хранения данных уже не достаточно обычной «файловой помойки» в виде старого железа набитого дисками. Поэтому для многих небольших компаний рано или поздно встаёт вопрос выбора Enterprise СХД начального уровня. Задачи перед системой хранения становятся типовые: обеспечить необходимую производительность, отказоустойчивость и совместимость с существующей IT-инфраструктурой. Но, к сожалению, решающим фактором выбора является обоснованность стоимости решения.\n\nУ производителей первого эшелона есть подходящие продукты, отвечающие всем требованиям к функционалу и уровню сервиса. Но вот с совместимостью и стоимостью владения подобных решений есть определённые трудности. Поэтому данная статья посвящена альтернативе А-брендам — системе хранения данных Infortrend.\n\nInfortrend — это представитель Тайваньских производителей с узкой специализацией на системы хранения данных. За более чем 20-летний период работы по проектированию и производству собственных СХД, Infortrend создал продукт, успешно конкурирующий с представителями крупных мировых брендов.",
        "data": "2017-07-27, 08:38",
        "rating": 14
    },
    {
        "title": "Первая российская материнская плата массового сегмента",
        "description": "Как мы уже писали, степень локализации отечественной серверной продукции массового сегмента выражена в большей степени в предоставлении различного рода услуг, нежели чем в производстве комплектующих. Комплектующие для серверов традиционно производятся в Китае, к какому бренду они не принадлежали бы. У одной российской компании была попытка создания полностью отечественной платформы, но продукт получился нишевой, так как платформа обладала характеристиками избыточными для классического применения серверов.\n\nНо вот, в начале года мы получили образец серверной 2-процессорной материнской платы, разработанной и произведённой на территории России. Эта модель вызвала интерес в первую очередь из-за того, что по характеристикам и стоимости полностью подходила для массового применения. Обзору и тестированию первой российской материнской платы Rikor R-BD-E5R-V4-16.EA и посвящается эта статья.",
        "data": "2017-07-10, 11:10",
        "rating": 54
    },
    {
        "title": "Новый Intel NUC 7-го поколения — обзор, сравнение, тестирование",
        "description": "Компактные мини-ПК на базе Intel NUC за последнее время нашли широкое применение в различных IT-областях. Производительные процессоры Intel Core i3/i5/i7 в сочетании с миниатюрным форм-фактором позволяют использовать такие устройства в качестве домашнего или офисного компьютера, клиентского терминала или специализированного мультимедиа-устройства. Например, наша компания на базе Intel NUC построила линейку программных терминалов для видеоконференцсвязи. Мы рассказывали об использовании этих терминалов в статье \"Оборудование ВКС для переговорных комнат\".\n\nИ вот появилась новая линейка мини-устройств на базе мобильных процессоров Intel Core 7-го поколения. Цена аналогична 6-му поколению, характеристики на первый взгляд почти идентичны.\nДля того, чтобы разобраться в отличительных особенностях и преимуществах новой платформы, был проведен ряд типовых тестов, результаты которых приведены под катом.",
        "data": "2017-04-26, 09:40",
        "rating": 42
    },
    {
        "title": "Сравнение производительности процессоров Intel разных поколений",
        "description": "Почти каждый год на рынок выходит новое поколение центральных процессоров Intel Xeon E5. В каждом поколении попеременно меняются сокет и технологический процесс. Ядер становится всё больше и больше, а тепловыделение понемногу снижается. Но возникает естественный вопрос: «Что даёт новая архитектура конечному пользователю?»\n\nДля этого я решил протестировать производительность аналогичных процессоров разных поколений. Сравнивать решил модели массового сегмента: 8-ядерные процессоры 2660, 2670, 2640V2, 2650V2, 2630V3 и 2620V4. Тестирование с подобным разбросом поколений является не совсем справедливым, т.к. между V2 и V3 стоит разный чипсет, память нового поколения с большей частотой, а самое главное — нет прямых ровесников по частоте среди моделей всех 4-х поколений. Но, в любом случае, это исследование поможет понять в какой степени выросла производительность новых процессоров в реальных приложениях и синтетических тестах.",
        "data": "2017-03-02, 10:03",
        "rating": 40
    },
    {
        "title": "Оборудование ВКС для переговорных комнат",
        "description": "Как уже отмечалось много раз, за последнее время рынок видео-конференц-связи (ВКС) стремительно смещается в сторону программных решений. В статьях о подобных реализациях (Mind и Yealink) я подробно описал функционал, настройку и стоимость решения, но вопросу оборудования для ВКС было уделено незначительное внимание. Это не справедливо — каким бы ни был удобным и качественным сервис ВКС, при неудачно подобранном оборудовании для персональных рабочих мест или переговорных комнат, Вы не сможете оценить все достоинства программного решения.\n\nВ случае с продуктами представителей аппаратных решений, мы имеем готовые комплекты для переговорных — так называемые терминалы, которые включают кодек ВКС, спикерфон и камеру. В случае с программной реализацией, мы можем использовать как готовые аппаратные терминалы, так и различное ВКС-оборудование с программным клиентом на базе ПК.\n\nВыбор этого оборудования весьма велик, и подбор может занять немало времени: важно учитывать особенности переговорной комнаты, её размер, форму и вместимость.\n\nВ этой статье я опишу типовые задачи по оборудованию переговорных комнат и решения на основе конкретных примеров.",
        "data": "2016-06-29, 11:39",
        "rating": 7
    },
    {
        "title": "Сервер приложений 1С на Linux",
        "description": "В последнее время, всё чаще и чаще меня начинает душить жаба.\nБольшая, зелёная, она угнездилась где-то внутри и формирует категорическое нежелание платить за что либо, даже если это не мои личные деньги! Не платить вообще, или же по максимуму минимизировать затраты там, где это возможно.\nИ если ко всему прочему, необходимо организовать работу с 1С в малой или средней компании, при ограниченном бюджете, то напрашивается желание собрать сервер из того что есть и накатить на него что-нибудь бесплатное.\nЭто всё к тому, что совсем необязательно покупать для 1С-сервера, лицензии от MS Windows Server+Terminal Cals и MS SQL сервер. Также необязательно рассматривать различные утилиты бэкапа и прочего софта реализующего все фишки работы терминального сервера 1С.\n\nСравнение платного и бесплатного софта (без учета железа) взято по большей части отсюда, по примеру данной статьи и на данный момент выглядит так:\nНаименование Стандартное лицензирование (руб.) Вариант Linux + Postgres SQL (руб.)\nЛицензии Windows\nWindows Server 2012 Std. 45012 0\nMS Windows Terminal Services Client Access License 2012 Single Language 1-device NoLevel OLP 102960 (20x78) 0\nЛицензии 1С\n1С: Предприятие 8.3.Лицензия на сервер (x86-64) 86400 86400\n1С: Предприятие 8.3 Клиентская лицензия на 20 рабочих мест 78000 78000\nЛицензии SQL\nЛицензия на сервер MS SQL Server Standard 2012 Runtime для пользователей 1С: Предприятие 8 13381 0\nКлиентский доступ на 20 рабочих мест к MS SQL Server 2012 Runtime для 1С: Предприятие 8 117748 0\nИтого 443501 164400\nЭкономия 0 279101",
        "data": "2016-05-10, 10:14",
        "rating": 25
    },
    {
        "title": "Серверный шкаф с интеллектуальным активным шумоподавлением",
        "description": "Не секрет, что серверное оборудование, как правило, устанавливается в стойку/шкаф, которые, в свою очередь, размещаются в специально выделенном месте.\nСистема охлаждения серверного оборудования проектируется исходя из требований к эффективности отвода тепла из корпуса, а такой параметр как уровень шума в расчет не берётся. Поэтому установка серверного шкафа или стойки вблизи с рабочими местами сотрудников исключена.\nВ основном, оборудование размещают в удалённых дата-центрах, локальных серверных или любом другом помещении предприятия, которое должно быть изолировано от рабочего пространства офиса и обеспечивать необходимый внутренний температурный режим.\nВ больших и средних организациях проблем с выделением помещения под серверную комнату не возникает. Да и в маленьких офисах можно встретить серверную «кладовку» размером два на полтора метра.\nНо что делать, если IT-инфраструктура включает существенное кол-во стоечного оборудования, а места для серверной, по каким-либо причинам, не предусмотрено? Как решить вопрос размещения серверного шкафа в офисном помещении без ущерба для комфорта рабочего процесса сотрудников компании? Или же стоит задача демонстрации на выставочных мероприятиях стоечного оборудования или комплексных инфраструктурных решений. При установке классического шкафа/стойки, комфортно вести переговоры вблизи подобного стенда не получится.\nДля решения подобных задач разработан уникальный серверный шкаф Silentium AcoustiRACK ACTIVE, который позволяет обеспечить отвод до 8 кВт тепла, минимизируя при этом шум, издаваемый установленным в нём оборудованием. Решение не ново, но все же я хочу посвятить ему эту статью, т.к. шкаф уже есть в лаборатории STSS и я проверил его способности на реальных задачах.\nСекрет заключён не только в конструкции шкафа: стеклопакет в передней двери, шумоизоляция всех стенок, заглушек и задней двери безусловно снижают звукопроводимость. Но в шкафу должны быть отверстия для беспрепятственного прохода воздушного потока, обеспечивающего эффективное охлаждение оборудования. Как быть с подавлением шума, выходящего через них?\nДля этих задач разработаны уникальные вентиляторные блоки, оснащённые интеллектуальной акустической системой активного шумоподавления.\nПринцип работы заключается в анализе через встроенный микрофон общего шума оборудования и собственных вентиляторов, и формировании противофазного акустического сигнала, который компенсирует этот шум.",
        "data": "2016-04-19, 08:44",
        "rating": 9
    },
    {
        "title": "Бесплатный кластер (Proxmox + Nexenta)",
        "description": "Наверное многие из нас, решая задачу организации небольшой IT-инфраструктуры, сталкивались с проблемой выбора гипервизора. Каким функционалом должен обладать софт и сколько за это стоит платить? А будет ли та, или иная часть решения совместима с тем, что уже есть?\nИ как бы, всё это погонять на стенде, чтобы убедиться в правильности выбора?\nС учетом курса одной, всем известной валюты, хочется чего-то простого, без излишеств и, по возможности, бесплатного. Тем более, когда речь идет о малой или средней компании (стартапе), ограниченной в бюджете.\n\nЧто нам требуется?\n\n\n\nСовместимый с оборудованием гипервизор\nКластер, с доступом к админке через веб-интерфейс\nHigh Availability для виртуальных машин в кластере\nФункция бэкапа и восстановления из коробки\nДоступность для понимания и работы среднему администратору (вчерашнему школьнику-студенту).\n\nИз Open-Source решений, наиболее простым в установке и настройке является Proxmox. Чтобы не оскорблять любителей oVirt и пр. (это не рекламная статья), оговорюсь, что изначальное требование к простоте установки и администрирования, на мой взгляд, у Proxmox все же более выражено. Также, повторюсь, у нас не ЦОД, а всего лишь кластер из 2-3 нод для небольшой компании.\nВ качестве гипервизоров он использует KVM и LXC, соответственно держит KVM ОС (Linux, *BSD, Windows и другие) с минимальными потерями производительности и Linux без потерь.",
        "data": "2016-03-22, 09:03",
        "rating": 10
    },
    {
        "title": "Видеоконференцсвязь Mind — оптимальный выбор для бизнеса",
        "description": "На сегодняшний день видеоконференцсвязью (ВКС) никого не удивишь. Бесплатные видеозвонки доступны практически всем. Даже сервисы для обмена текстовыми сообщениями постепенно получили функционал сначала звонка, а затем и видеочата. Существуют также бесплатные приложения с базовым функционалом для объединения нескольких участников в видеоконференцию. Но есть ряд минусов подобного общения: качество связи иногда оставляет желать лучшего, сервис находится в облаке и, следовательно, конфиденциальность и бесперебойность переговоров не гарантирована, функционал минимален и не позволяет решить большинство поставленных задач.\nДля того, чтобы обеспечить качественную коммуникацию и решение бизнес-процессов, организации используют профессиональные решения ВКС.",
        "data": "2016-02-29, 09:27",
        "rating": 21
    },
    {
        "title": "Тестируем российскую серверную платформу E-Class от «Т-Платформы»",
        "description": "В предыдущей статье об отечественных производителях серверного оборудования я попытался раскрыть особенности всего цикла производства и сборки серверов. Результаты прошлого голосования показали, что Вы больше доверяете продукции A-брендов. Но, как известно, мало кто производит комплектующие самостоятельно — для этого есть уже проверенные мировые производители. А одним из основных отличий A-брендов, помимо сервиса, является разработка уникального дизайна корпуса, системной платы, дискретных контроллеров, написание собственного BIOS и FW.\nВ одном из проектов компании STSS по поставке серверного оборудования, я столкнулся с серверной платформой, спроектированной у нас, в России.\nЭту статью я хочу посвятить как раз этой отечественной разработке от компании «Т-Платформы».\nСерверная платформа E-Class основана на передовой системной плате V210 под процессоры Intel Xeon E5-2600V3.\nОна разработана в России с перспективой переноса производства электронных плат на территорию РФ. Системная плата обеспечивает высокий уровень информационной безопасности благодаря возможности установки модулей доверенной загрузки в форм-факторе mPCIe, которые отвечают требованиям ФСТЭК и ФСБ для защиты информации, составляющей коммерческую или государственную тайну.",
        "data": "2015-12-21, 08:58",
        "rating": 7
    },
    {
        "title": "Отечественный производитель серверов = самосбор?",
        "description": "С давних пор ведётся «холивар» на тему как называть российские компании, которые занимаются сборкой компьютерного и серверного оборудования — производителями или «самосборщиками»? Одни считают, что если сервер или ПК собран на конвейерном или стапельном производстве, прошёл тестирование и имеет гарантию на готовое изделие, а не на отдельные компоненты от производителя комплектующих — то такую компанию можно смело называть производителем. Другие, напротив, считают производителями только те компании, которые паяют платы, а все остальные — просто самосбор.\nЕсли углубиться в вопрос и рассмотреть примеры мировых брендов, то эта грань окажется не такой явной, как кажется на первый взгляд. Мало кто из мировых производителей серверного оборудования самостоятельно выполняет полный цикл производства. В основном, это ограничивается разработкой дизайна и/или использованием ресурсов ODM-производителей — Foxconn, Quanta, Mitac, Chenbro, Supermicro и прочих.\nНа данный момент прочно закрепились олигополии практически во всех сферах производства компьютерных и серверных комплектующих. Производителям серверного оборудования бессмысленно и экономически не выгодно изобретать «велосипед заново».",
        "data": "2015-12-09, 09:23",
        "rating": 5
    },
    {
        "title": "Видеонаблюдение и аналитика Macroscop в деталях",
        "description": "Видеонаблюдение стало неотъемлемой частью нашей жизни. В течение дня мы попадаем в объективы десятков камер видеонаблюдения и уже не замечаем этого.\n\nСпектр решений для видеонаблюдения широк, и включает как простые регистраторы, так и решения на базе серверов, с использованием профессионального ПО. Причём каждое из решений занимает свою нишу и решает задачи разного уровня сложности.\n\nПростые регистраторы малоинтересны для подробного изучения, т.к. имеют базовые возможности: запись по движению и просмотр архива. Профессиональные решения видеонаблюдения имеют более богатый функционал: различные детекторы, счётчики, аналитические модули и интеллектуальный поиск в архиве. Одним из ведущих отечественных разработчиков в этой области является компания Macroscop.\n\nИз-за растущего спроса на решения на базе программного обеспечения Macroscop, для удобства подбора конфигурации, мы открыли новую модель сервера для видеонаблюдения STSS Flagman VX123M.4-012LH. В конфигураторе сервера можно выбрать все необходимые лицензии.\n\nДля понимания возможностей Macroscop, определения уровня нагрузки этого ПО на аппаратную часть решения, было проведено тестирование. Особый интерес у меня вызывали интеллектуальный поиск в архиве и аналитика.",
        "data": "2015-11-17, 09:25",
        "rating": 7
    },
    {
        "title": "Тестируем NVIDIA GRID + VMware Horizon",
        "description": "На сегодняшний день уже есть масса статей о тестировании технологии виртуализации графических рабочих мест с помощью технологии NVIDIA GRID. Были реализации и на Citrix, и на VMware.\n\nНо объективного сравнения в лоб с локальной производительностью Quadro я не нашёл.\n\nУ нас в конфигураторе давно открыты модели серверов с поддержкой технологии GRID, ведь карты GRID (ранее VGX) появились уже давно.\n\nПервые тесты не оправдали ожиданий, я ждал когда допилят драйверы, и постепенно перестал следить за прогрессом в этой области.\n\nИдея тестирования этой технологии вернулась в момент реализации одного проекта, когда клиенту потребовалось оптимизировать существующий парк серверов под виртуализацию рабочих мест, использующих специализированный 3D-софт.\nСерверы были следующей конфигурации:\n\n— Корпус CSE-745TQ\n— Материнская плата X9DR3-F\n— ЦП 2шт E5-2650\n— ОЗУ 128Гб\n— 8 SAS-дисков в RAID5\n\nОборудовали серверы картами GRID K2. В качестве гипервизора выбрали VMware. Установили специализированное ПО на виртуальные машины и провели тестирование.\n\nВо время работы бенчмарка заказчика, я наблюдал беспрецедентную для виртуальной среды производительность 3D-графики. Полученные результаты побудили меня продолжить исследование. Для дальнейших тестов GRID я решил использовать SPECviewperf, как достаточно объективный бенчмарк.\n\nТакже захотелось оценить общую стоимость решения для сравнения с реализацией на базе персональной рабочей станции.\nК счастью, на складе нашлись карты Quadro K5000 и Quadro K420.\n\nДля начала, провел тесты локально на Windows 7 — получил результаты производительности Quadro K5000 и K420. Так как карта GRID K2 включает в себя 2 чипа, аналогичных чипу K5000, эти данные мне понадобятся для сравнения производительности виртуальных машин в различных режимах деления графических процессоров.",
        "data": "2015-10-28, 09:36",
        "rating": 10
    }
]