[
    {
        "title": "Shift Left: красивый отчет или реальность?",
        "description": "Текст статьи не удалось получить",
        "data": "2023-07-13, 08:58",
        "rating": 4
    },
    {
        "title": "Как устранить пробелы в DAST-тестировании с помощью инструментации",
        "description": "Текст статьи не удалось получить",
        "data": "2023-07-05, 13:17",
        "rating": 5
    },
    {
        "title": "Permissions в Android: как не допустить ошибок при разработке",
        "description": "Текст статьи не удалось получить",
        "data": "2023-06-15, 10:12",
        "rating": 8
    },
    {
        "title": "Supply Chain Security: Chainloop. краткий обзор решения",
        "description": "Текст статьи не удалось получить",
        "data": "2023-06-08, 14:00",
        "rating": 3
    },
    {
        "title": "Как ловко и оперативно обрабатывать уязвимости",
        "description": "Текст статьи не удалось получить",
        "data": "2023-06-01, 10:37",
        "rating": 1
    },
    {
        "title": "Burp Suite — сканирование веб-приложений на основе JWT",
        "description": "Текст статьи не удалось получить",
        "data": "2023-05-17, 15:03",
        "rating": 3
    },
    {
        "title": "Соревнования Capture The Flag (CTF) и все, что вы о них еще не знали",
        "description": "Текст статьи не удалось получить",
        "data": "2023-05-11, 08:55",
        "rating": 9
    },
    {
        "title": "Безопасность контейнеризированных приложений в рамках DevSecOps: какие практики использовать и с чего начать",
        "description": "Текст статьи не удалось получить",
        "data": "2023-04-27, 14:00",
        "rating": 7
    },
    {
        "title": "OWASP ZAP — поддержка Session Management на основе заголовков",
        "description": "Текст статьи не удалось получить",
        "data": "2023-04-19, 14:56",
        "rating": 2
    },
    {
        "title": "Безопасная разработка по-русски: зачем мы создали собственный фреймворк, и чего нам не хватало в зарубежных моделях",
        "description": "Текст статьи не удалось получить",
        "data": "2023-04-14, 13:00",
        "rating": 4
    },
    {
        "title": "Шорт-лист мифов о безопасности мобильных приложений и неприкрытая правда",
        "description": "Текст статьи не удалось получить",
        "data": "2023-04-04, 09:09",
        "rating": 7
    },
    {
        "title": "Как создать техническую документацию, которая точно будет работать",
        "description": "Текст статьи не удалось получить",
        "data": "2023-03-14, 12:15",
        "rating": 0
    },
    {
        "title": "DevSecOps и практики разработки защищенного ПО в контексте современных вызовов",
        "description": "Текст статьи не удалось получить",
        "data": "2022-12-01, 11:39",
        "rating": 3
    },
    {
        "title": "Практика динамического анализа. Особенности реализации и нюансы при встраивании в процесс",
        "description": "Текст статьи не удалось получить",
        "data": "2022-08-22, 15:37",
        "rating": 3
    },
    {
        "title": "BSIMM: вдумчиво о плюсах и минусах",
        "description": "Текст статьи не удалось получить",
        "data": "2022-08-03, 13:30",
        "rating": 1
    },
    {
        "title": "Один в поле не воин. Полезные интеграции для инструментов анализа мобильных приложений",
        "description": "Текст статьи не удалось получить",
        "data": "2022-06-27, 09:07",
        "rating": 6
    },
    {
        "title": "Нелегкий путь к динамическому анализу мобильных приложений",
        "description": "Текст статьи не удалось получить",
        "data": "2022-05-24, 11:14",
        "rating": 6
    },
    {
        "title": "Найти всё, что скрыто. Поиск чувствительной информации в мобильных приложениях",
        "description": "Текст статьи не удалось получить",
        "data": "2022-05-16, 12:02",
        "rating": 2
    },
    {
        "title": "Знай свои секреты. Поиск и автоматическая проверка секретов сторонних сервисов",
        "description": "Текст статьи не удалось получить",
        "data": "2022-05-05, 11:14",
        "rating": 2
    },
    {
        "title": "И снова про App Transport Security: что это и зачем",
        "description": "Текст статьи не удалось получить",
        "data": "2022-04-25, 09:00",
        "rating": 5
    },
    {
        "title": "Держи свой трафик в тайне. SSL Pinning — ещё раз о том же самом",
        "description": "Текст статьи не удалось получить",
        "data": "2022-04-18, 09:00",
        "rating": 20
    },
    {
        "title": "Подборка материалов по мобильной безопасности «Awesome Mobile Security»",
        "description": "Текст статьи не удалось получить",
        "data": "2022-04-11, 15:38",
        "rating": 5
    },
    {
        "title": "Наиболее распространенные уязвимости в мобильных приложениях",
        "description": "Текст статьи не удалось получить",
        "data": "2022-04-05, 16:00",
        "rating": 17
    },
    {
        "title": "DevSecOps by Swordfish Security. Часть вторая",
        "description": "Текст статьи не удалось получить",
        "data": "2021-12-21, 16:26",
        "rating": 3
    },
    {
        "title": "DevSecOps by Swordfish Security. Часть первая",
        "description": "Текст статьи не удалось получить",
        "data": "2021-12-21, 11:49",
        "rating": 5
    },
    {
        "title": "Оценочный уровень доверия (ОУД4) и ГОСТ Р ИСО/МЭК 15408-3-2013. Разработчик",
        "description": "Текст статьи не удалось получить",
        "data": "2021-07-26, 10:25",
        "rating": 3
    },
    {
        "title": "Развитие механизмов безопасности Android (от версии к версии)",
        "description": "Текст статьи не удалось получить",
        "data": "2021-06-28, 19:34",
        "rating": 15
    },
    {
        "title": "Оценочный уровень доверия (ОУД4) и ГОСТ Р ИСО/МЭК 15408-3-2013. Введение",
        "description": "Текст статьи не удалось получить",
        "data": "2021-02-18, 10:00",
        "rating": 5
    },
    {
        "title": "CodeQL: SAST своими руками (и головой). Часть 1",
        "description": "Текст статьи не удалось получить",
        "data": "2021-02-09, 16:03",
        "rating": 6
    },
    {
        "title": "Лучшие практики при написании безопасного Dockerfile",
        "description": "В данной статье мы рассмотрим небезопасные варианты написания собственного Dockerfile, а также лучшие практики, включая работу с секретами и встраивание инструментов статического анализа. Тем не менее для написания безопасного Dockerfile наличия документа с лучшими практиками мало. В первую очередь требуется организовать культуру написания кода. К ней, например, относятся формализация и контроль процесса использования сторонних компонентов, организация собственных Software Bill-of-Materials (SBOM), выстраивание принципов при написании собственных базовых образов, согласованное использование безопасных функций, и так далее. В данном случае отправной точкой для организации процессов может служить модель оценки зрелости BSIMM. Однако в этой статьей пойдет речь именно о технических аспектах.",
        "data": "2021-01-14, 10:11",
        "rating": 73
    },
    {
        "title": "Интеграция Netsparker с AD через Keycloak",
        "description": "Текст статьи не удалось получить",
        "data": "2020-12-16, 12:56",
        "rating": 6
    },
    {
        "title": "Анонс: Ломаем приложение в Docker и строим безопасный пайплайн в Gitlab",
        "description": "Текст статьи не удалось получить",
        "data": "2020-11-18, 10:46",
        "rating": 4
    },
    {
        "title": "Just for fun: Сколько «живет» iOS до Jailbreak",
        "description": "Текст статьи не удалось получить",
        "data": "2020-10-30, 12:25",
        "rating": 5
    },
    {
        "title": "Способы и примеры внедрения утилит для проверки безопасности Docker",
        "description": "Привет, Хабр!\n\nВ современной реальности из-за возрастающей роли контейнеризации в процессах разработки не на последнем месте стоит вопрос обеспечения безопасности различных этапов и сущностей, связанных с контейнерами. Осуществление проверок в ручном режиме является трудоёмким занятием, поэтому было бы неплохо сделать хотя бы начальные шаги к автоматизации этого процесса.\n\nВ этой статье я поделюсь готовыми скриптами для внедрения нескольких утилит обеспечения безопасности Docker и инструкцией, как развернуть небольшой демо-стенд для проверки этого процесса. Материалами можно воспользоваться, чтобы поэкспериментировать с тем, как организовать процесс тестирования безопасности образов и инструкций Dockerfile. Понятно, что инфраструктура разработки и внедрения у всех разные, поэтому ниже я приведу несколько возможных вариантов.",
        "data": "2020-10-21, 17:05",
        "rating": 15
    },
    {
        "title": "Как написать правила для Checkmarx и не сойти с ума",
        "description": "Текст статьи не удалось получить",
        "data": "2020-10-01, 08:38",
        "rating": 10
    },
    {
        "title": "От Threat Modeling до безопасности AWS: 50+ open-source инструментов для выстраивания безопасности DevOps",
        "description": "Текст статьи не удалось получить",
        "data": "2020-09-14, 10:06",
        "rating": 19
    },
    {
        "title": "DevSecOps: принципы работы и сравнение SCA. Часть первая",
        "description": "Значимость анализа сторонних компонентов ПО (англ. Software Composition Analysis — SCA) в процессе разработки растет по мере выхода ежегодных отчетов об уязвимостях open source библиотек, которые публикуются компаниями Synopsys, Sonatype, Snyk, White Source. Согласно отчету The State of Open Source Security Vulnerabilities 2020 число выявленных уязвимостей в open source в 2019 выросло почти в 1.5 раза в сравнении с предыдущим годом, в то время как компоненты с открытым кодом используются от 60% до 80% проектов. Если обратиться к независимому мнению, то процессы SCA являются отдельной практикой OWASP SAMM и BSIMM в качестве показателя зрелости, а в первой половине 2020 года OWASP выпустила новый стандарт OWASP Software Component Verification Standard (SCVS), предоставляющий лучшие практики по проверке сторонних компонент в цепочке поставок ПО.",
        "data": "2020-08-26, 14:23",
        "rating": 16
    }
]