[
    {
        "title": "Конкурентный анализ приложений из App Store на основе открытых данных",
        "description": "Текст статьи не удалось получить",
        "data": "2022-01-14, 16:08",
        "rating": 14
    },
    {
        "title": "Загрузка, парсинг и визуализация данных без программирования",
        "description": "Текст статьи не удалось получить",
        "data": "2021-12-10, 11:14",
        "rating": 21
    },
    {
        "title": "Как я «напрограммировал» себе скилл рисования диаграмм в скетч-стиле",
        "description": "Текст статьи не удалось получить",
        "data": "2021-11-11, 20:50",
        "rating": 157
    },
    {
        "title": "«BI or not to BI»: небольшая история разработки небольшого BI-сервиса",
        "description": "Текст статьи не удалось получить",
        "data": "2021-11-09, 10:01",
        "rating": 30
    }
]