[
    {
        "title": "Тестирование собственного NAS. Какие тесты нужны?",
        "description": "Текст статьи не удалось получить",
        "data": "2023-07-06, 15:19",
        "rating": 15
    },
    {
        "title": "Джойстик, тачпад, кнопки — делаем USB контроллер ввода на RP2040",
        "description": "Текст статьи не удалось получить",
        "data": "2023-04-21, 07:50",
        "rating": 23
    },
    {
        "title": "Steer-by-wire: как разработать безопасный руль по проводам и нужно ли это делать?",
        "description": "Текст статьи не удалось получить",
        "data": "2023-04-18, 18:00",
        "rating": 17
    },
    {
        "title": "Цель есть, пришло время подумать о том, какой софт поставить на NAS",
        "description": "Текст статьи не удалось получить",
        "data": "2023-04-10, 15:49",
        "rating": 12
    },
    {
        "title": "Разработка NAS — цели и этапы",
        "description": "Текст статьи не удалось получить",
        "data": "2023-03-25, 18:24",
        "rating": 20
    },
    {
        "title": "Концепт-кары. Пыль в глаза или производственная необходимость?",
        "description": "Текст статьи не удалось получить",
        "data": "2023-03-19, 18:00",
        "rating": 5
    },
    {
        "title": "Как сделать простой UPS для NAS",
        "description": "Текст статьи не удалось получить",
        "data": "2023-03-05, 17:14",
        "rating": 80
    },
    {
        "title": "Что такое свой NAS и как его начать делать?",
        "description": "Современный и доступный NAS - понятие довольно растяжимое. Для чего он нужен - для дома или офиса, его размеры, мобильность, стоимость, программное обеспечение, все эти и другие вопросы так или иначе определяют конкретную модель и сферу применения. Рассмотрим то, что будет интересно всем - это системы хранения для дома или малых рабочих групп. Причем существуют не только ограничения по стоимости и локальной доступности, но также и простое желание собрать что-то своими руками. Мы постарались разобраться в ситуации, проанализировать существующие решения и, возможно, предложить свой вариант развития, который будет интересен и тем, кто хочет купить готовое решение, и тем, кто смотрит на NAS как на потенциальное устройство для самостоятельной сборки от железа до софта.",
        "data": "2023-01-31, 17:28",
        "rating": 16
    },
    {
        "title": "Автомобильный руль. За что мы будем держаться через 10 лет?",
        "description": "Текст статьи не удалось получить",
        "data": "2023-01-24, 17:00",
        "rating": 2
    },
    {
        "title": "Телематическая система автомобиля",
        "description": "Текст статьи не удалось получить",
        "data": "2022-12-20, 22:22",
        "rating": 6
    },
    {
        "title": "IVI системы в 2022: какие они сегодня и какими станут завтра",
        "description": "Текст статьи не удалось получить",
        "data": "2022-12-05, 20:37",
        "rating": 7
    }
]