[
    {
        "title": "Организуем фестиваль для хакеров",
        "description": "Текст статьи не удалось получить",
        "data": "2023-07-18, 16:18",
        "rating": 20
    },
    {
        "title": "Звучащий код — пишем музыку на языке ByteBeat",
        "description": "Текст статьи не удалось получить",
        "data": "2023-06-25, 01:17",
        "rating": 25
    }
]