[
    {
        "title": "Релиз SDK UNIGINE 2.17: Direct X 12 & Vulkan, динамическое глобальное освещение, оптимизации, интеграция с Photon",
        "description": "Текст статьи не удалось получить",
        "data": "2023-07-21, 13:22",
        "rating": 2
    },
    {
        "title": "Тусовка профессионалов разработки игр, VR 3D-графики — UNIGINE Open Air 2023",
        "description": "Текст статьи не удалось получить",
        "data": "2023-06-06, 16:52",
        "rating": 1
    },
    {
        "title": "Как делаются симуляторы",
        "description": "Текст статьи не удалось получить",
        "data": "2023-04-19, 12:42",
        "rating": 15
    },
    {
        "title": "Делаем волюметрические облака в UNIGINE",
        "description": "Текст статьи не удалось получить",
        "data": "2023-03-10, 15:08",
        "rating": 14
    },
    {
        "title": "Первая С++ стажировка в UNIGINE: post-mortem. Горящие глаза, короткие сроки и happy end",
        "description": "Текст статьи не удалось получить",
        "data": "2023-01-13, 14:00",
        "rating": 2
    },
    {
        "title": "UNIGINE 2.16.1 — Screen-Space Haze Global Illumination, улучшенный API импорта, усовершенствования для VR",
        "description": "Текст статьи не удалось получить",
        "data": "2022-12-16, 13:53",
        "rating": 9
    },
    {
        "title": "Игровая камера: сборник приемов",
        "description": "Текст статьи не удалось получить",
        "data": "2022-11-16, 13:38",
        "rating": 62
    },
    {
        "title": "UNIGINE 2.16: Asset Store, Vulkan и DX12, Даблы и Марс в Community, интеграция с ROS, .NET 6, новый менеджер окон",
        "description": "Текст статьи не удалось получить",
        "data": "2022-10-14, 15:19",
        "rating": 15
    },
    {
        "title": "Разработчики в неестественной среде обитания, или как прошел UNIGINE Open Air 2022. Фотоотчет",
        "description": "Текст статьи не удалось получить",
        "data": "2022-08-24, 16:16",
        "rating": 1
    },
    {
        "title": "Кривые в компьютерной графике. Урок 1: Анимации",
        "description": "Текст статьи не удалось получить",
        "data": "2022-08-09, 15:06",
        "rating": 13
    },
    {
        "title": "Технологии UNIGINE 2: визуальный редактор материалов",
        "description": "Текст статьи не удалось получить",
        "data": "2022-07-26, 16:08",
        "rating": 8
    },
    {
        "title": "Основы линейной алгебры для 3D-приложений. Урок 3",
        "description": "Текст статьи не удалось получить",
        "data": "2022-07-07, 12:46",
        "rating": 4
    },
    {
        "title": "UNIGINE Open Air 2022: тусовка профессионалов разработки игр, VR и 3D-графики",
        "description": "Текст статьи не удалось получить",
        "data": "2022-07-06, 14:24",
        "rating": 2
    },
    {
        "title": "Технологии UNIGINE 2: облака",
        "description": "Текст статьи не удалось получить",
        "data": "2022-06-29, 21:06",
        "rating": 32
    },
    {
        "title": "Основы линейной алгебры для 3D-приложений. Урок 2",
        "description": "Текст статьи не удалось получить",
        "data": "2022-06-23, 12:58",
        "rating": 19
    },
    {
        "title": "Математика для 3D-приложений. Урок 1",
        "description": "Текст статьи не удалось получить",
        "data": "2022-06-14, 14:30",
        "rating": 22
    },
    {
        "title": "Переход на UNIGINE с Unreal Engine 4: гайд для программистов",
        "description": "Текст статьи не удалось получить",
        "data": "2022-06-09, 16:32",
        "rating": 11
    },
    {
        "title": "Переход на UNIGINE с Unreal Engine 4: гайд для 3D-художников",
        "description": "Текст статьи не удалось получить",
        "data": "2022-06-02, 14:50",
        "rating": 7
    },
    {
        "title": "Технологии UNIGINE 2: система воды",
        "description": "Текст статьи не удалось получить",
        "data": "2022-05-27, 13:08",
        "rating": 17
    },
    {
        "title": "Быстрый переход на UNIGINE с Unreal Engine 4: первые шаги",
        "description": "Текст статьи не удалось получить",
        "data": "2022-05-24, 15:13",
        "rating": 6
    },
    {
        "title": "Автоматическая генерация уровней детализации: must-have для realtime-рендеринга",
        "description": "Текст статьи не удалось получить",
        "data": "2022-05-20, 11:51",
        "rating": 3
    },
    {
        "title": "Переход на UNIGINE с Unity: гайд для программистов",
        "description": "Текст статьи не удалось получить",
        "data": "2022-05-17, 14:16",
        "rating": 10
    },
    {
        "title": "Что вы не знали о бенчмарках от UNIGINE: 8 малоизвестных фактов",
        "description": "Текст статьи не удалось получить",
        "data": "2022-05-12, 12:39",
        "rating": 6
    },
    {
        "title": "Переход на UNIGINE с Unity: гайд для 3D-художников",
        "description": "Текст статьи не удалось получить",
        "data": "2022-05-05, 13:36",
        "rating": 0
    },
    {
        "title": "Цифровое искусство и ностальгия: что создают на UNIGINE 3D-художники",
        "description": "Текст статьи не удалось получить",
        "data": "2022-04-29, 12:59",
        "rating": 4
    },
    {
        "title": "Быстрый переход на UNIGINE с Unity: первые шаги",
        "description": "Текст статьи не удалось получить",
        "data": "2022-04-26, 08:57",
        "rating": 10
    },
    {
        "title": "10 лет Oil Rush: как не сгореть, создавая игру на собственном движке",
        "description": "Текст статьи не удалось получить",
        "data": "2022-04-22, 15:23",
        "rating": 31
    },
    {
        "title": "Летайте самолетами UNIGINE: новый авиатренажер для МАКС-2017",
        "description": "Сразу о главном: в этом году мы впервые едем на МАКС-2017 как участники и покажем еще один авиатренажер на платформе UNIGINE 2 Sim. Будем там все дни с 18 по 23 июля с командой разработчиков, некоторых вы уже знаете по истории про бенчмарк Superposition. Так что если вы хотели поговорить с этими парнями из UNIGINE — вот вам повод. А заодно научитесь летать на самолете-амфибии Бе-200 и тушить горящую тайгу как пилоты МЧС. Так что две причины прийти на наш стенд у вас уже есть!\n\n\n\nПодробности, хайрезы из нового проекта и секретные фотографии, как водится, под катом.",
        "data": "2017-07-12, 14:58",
        "rating": 33
    },
    {
        "title": "UNIGINE С++ School: бесплатный онлайн-курс для продвинутых",
        "description": "В феврале мы запустили бесплатный онлайн-курс программирования на С++, рассчитанный на продвинутых разработчиков. Цели было в основном две — сделать так, чтобы в мире было больше хороших программистов, а заодно набрать себе пополнение в команду. Идея взлетела: участвовать в первом наборе захотело 185 человек из 57 городов и 8 стран. В курсанты попало 30 из них, но со словами «неинтересно» ушёл только 1. Остальные по итогам курса сообщили, что было в целом круто и они с пользой провели время.\n\n\n\nОбкатав всю затею и учебный процесс на начальном бета-наборе, мы решили повторить курс ещё раз. Набор уже во всю идёт, подать заявку можно до понедельника, 26 июня. Чему, как и кто учит — рассказываем внутри.",
        "data": "2017-06-21, 14:42",
        "rating": 18
    },
    {
        "title": "Стресс-тест команды: как сделать GPU бенчмарк и не перегреться",
        "description": "Привет, Хабр! Мы вернулись в блог с историей про свежий релиз. Команда UNIGINE в апреле выпустила новый GPU-бенчмарк Superposition с VR фичами. Мы набили новых шишек, изобрели пару десятков внезапных спасительных решений и новую технологию в 3D-графике.\n\nВнутри поста много красивого рендера, несколько драм с техническим уклоном, 4,5 художника, злые модераторы Valve, расстроенные AMD, NVIDIA и Intel и коммиты из операционной. Заходите!",
        "data": "2017-05-11, 11:53",
        "rating": 40
    },
    {
        "title": "UNIGINE Open Air 2013. Фотоотчет",
        "description": "240 участников, 2 дня, 12 лекций, 3 ведра виски, 63 килограмма шашлыков, 5 кВт звука – под Томском прошел UNIGINE Open Air 2013. Это конференция под открытым небом, посвященная технологиям 3D-графики и разработке компьютерных игр.",
        "data": "2013-08-07, 16:33",
        "rating": 25
    },
    {
        "title": "UNIGINE Open Air 2013: про разработку игр и 3D-технологии под открытым небом (Томск, 20-21 июля)",
        "description": "Совершенно внезапно в прошлом году мы решили провести опен-эйр про разработку игр в Томске. Мы, конечно, подозревали, что тема будет очень востребована, но результат превзошел наши ожидания: несмотря на поздний анонс, собралось почти 200 человек из самых разных городов, даже был разработчик из киевского отделения Ubisoft.\n\n\n\nВ общем, в этом году мы решили повторить, да и вообще сделать мероприятие ежегодным. Послушать интересное и поговорить про технологии 3D-графики и разработку игр можно будет 20-21 июля на солнечной поляне под Томском: 2013.openair.unigine.com\n\nНа UNIGINE Open Air соберутся разработчики игр и 3D-приложений из Томска, Новосибирска, Красноярска, Омска, Барнаула, Бийска и других сибирских городов. Кстати, уже знакомые читателям нашего блога авторы статьи про процедурную генерацию (часть 1, часть 2), технические художники UNIGINE, на мероприятии тоже будут делиться своим опытом.",
        "data": "2013-07-05, 18:50",
        "rating": 21
    },
    {
        "title": "Применение процедурных генераторов в создании контента для real-time 3D приложений: Часть 2. Valley Benchmark",
        "description": "Бенчмарк Valley\n\n\nЭто вторая и заключительная часть статьи, посвященной процедурным методам производства контента для 3D приложений. Первую часть Вы можете найти здесь.\n\nВ этой части, так же как и в предыдущей, приводятся ссылки на скачивание созданных нами исходных материалов, которые можно свободно использовать (с изменениями или без) в своих проектах, но только не продавать/распространять в чистом виде и/или в составе каких-либо библиотек.\n\nНапоминаем, что все эти исходные файлы не подвергались никакой специальной подготовке, обработке или оптимизации, чтобы не приукрашивать реальную ситуацию (довольно часто в процессе работы приходится жертвовать универсальностью/удобством создаваемых решений в пользу сэкономленного времени).\n\nВ этот раз речь пойдёт о том, какими средствами и приёмами мы пользовались при создании бенчмарка Valley, чтобы в максимально сжатые сроки произвести большое количество фотореалистичного контента.",
        "data": "2013-07-01, 11:16",
        "rating": 133
    },
    {
        "title": "Применение процедурных генераторов в создании контента для real-time 3D приложений: Часть 1. Oil Rush",
        "description": "Игра Oil Rush\n\n\nВ данной статье, состоящей из двух частей, речь пойдёт об использовании возможностей процедурных генераторов при создании контента для компьютерной игры Oil Rush и бенчмарка Valley (выйдет в феврале), разработанных на нашем собственном движке Unigine.",
        "data": "2013-02-04, 19:32",
        "rating": 237
    },
    {
        "title": "Вместо предисловия",
        "description": "Здравствуй, Хабрахабр!\nМы открываем блог компании UNIGINE, где будем рассказывать о своем опыте разработки программного обеспечения для real-time 3D графики, создания игр, решения технических, творческих, кадровых и других задач.\n\nРазного опыта за семь лет существования компании у нас накопилось немало. Мы разработали 3D движок для систем виртуальной реальности, игр, учебных, военных, медицинских и других симуляторов.",
        "data": "2013-02-04, 19:31",
        "rating": 61
    }
]