[
    {
        "title": "Как оседлать бесконечный поток дел",
        "description": "Текст статьи не удалось получить",
        "data": "2023-05-25, 16:39",
        "rating": 18
    },
    {
        "title": "Как мы с Jasmin SMS Gateway боролись (и победили)",
        "description": "Текст статьи не удалось получить",
        "data": "2023-03-30, 12:58",
        "rating": 6
    },
    {
        "title": "Автоматический подбор параметров для Spark-приложений на примере spark.executor.memory",
        "description": "Текст статьи не удалось получить",
        "data": "2022-11-24, 11:41",
        "rating": 3
    },
    {
        "title": "Автоматический подбор параметров для Spark-приложений",
        "description": "Текст статьи не удалось получить",
        "data": "2022-10-27, 11:12",
        "rating": 9
    },
    {
        "title": "Переход от Платформы работы с данными к Платформе конфиденциальных вычислений",
        "description": "Текст статьи не удалось получить",
        "data": "2022-08-01, 12:43",
        "rating": 3
    },
    {
        "title": "«Kubernetes как часть data platform»",
        "description": "Текст статьи не удалось получить",
        "data": "2022-06-14, 17:03",
        "rating": 1
    }
]