[
    {
        "title": "Изобретение неодимового магнита: как Масато Сагава и Джон Кроат изменили современный мир",
        "description": "Текст статьи не удалось получить",
        "data": "2023-07-21, 16:46",
        "rating": 87
    },
    {
        "title": "Одноплатный компьютер с 3G «за косарь». Что Orange Pi предлагает по цене ящика пива?",
        "description": "Каждый год выпускается с десяток новых моделей одноплатных компьютеров. Свежие девайсы представляют как старые и уважаемые фирмы по типу Raspberry Pi, Orange Pi или Banana Pi, так и относительные новички на рынке — Repka Pi, или, например, Lctech Pi. Одноплатники работают на достаточно большом парке железа: кто-то использует чипы AllWinner, кто-то Amlogic, кто-то Broadcom, а кто-то… мобильные! Пару лет назад Orange Pi отличились выпуском нескольких одноплатников на базе чипсетов очень бюджетных мобильников 2013-2015 годов — 2G IoT и 3G IoT. На данный момент, выпуск 3G IoT завершен, а компания предлагает купить абсолютно новый одноплатник с 3G, Bluetooth, Wi-Fi, GPS, поддержкой Linux и Android всего за 1.000 рублей (500 само устройство и 500 доставка). На что оно способно и стоит ли его брать — узнаем в статье!",
        "data": "2023-07-20, 15:00",
        "rating": 40
    },
    {
        "title": "Как работает механизм освобождения памяти гостевой ОС на платформе vStack",
        "description": "Продолжаем рассказывать о возможностях нашей платформы. Сегодня демонстрируем, как в vStack реализован механизм VM ballooning для освобождения оперативной памяти гостевой ОС и гипервизора. На видео мы разбираем работу механизма освобождения памяти гостевой ОС и гипервизора платформы vStack и делимся краткой выжимкой в текстовом виде.  \nДля примера мы взяли типичную ситуацию с довольно распространенной ОС Ubuntu 2004 c 16 Гб памяти. Первоначальное распределение памяти выглядит так: используется 123 Мб, 15 Гб находится в кэше. Это плохое соотношение для виртуальной инфраструктуры, так как кэширование обеспечивается нижними слоями, и такой объем памяти для кэширования здесь попросту не нужен. Поэтому мы записали видео, на котором показываем процесс высвобождения этой памяти на гиперконвергентной платформе vStack. Для этого мы используем механизм ballooning, который есть практически во всех инструментах построения виртуальных инфраструктур. \nПроцесс освобождения памяти особенно удобно демонстрировать в vStack, так как у платформы понятный и эстетичный интерфейс с наглядными графиками.",
        "data": "2023-07-20, 14:25",
        "rating": 3
    },
    {
        "title": "Как работает бэкап виртуальной машины vStack",
        "description": "Текст статьи не удалось получить",
        "data": "2023-04-17, 20:09",
        "rating": 6
    },
    {
        "title": "Как мы накладные расходы на виртуализацию понижали",
        "description": "Текст статьи не удалось получить",
        "data": "2023-04-14, 17:30",
        "rating": -10
    },
    {
        "title": "Как мы отключали узлы кластера vStack для демонстрации отказоустойчивости",
        "description": "Текст статьи не удалось получить",
        "data": "2023-04-04, 18:59",
        "rating": 12
    },
    {
        "title": "OpenSource против «кровавого энтерпрайза» или откуда берутся проблемы с feature request",
        "description": "Текст статьи не удалось получить",
        "data": "2023-03-28, 20:13",
        "rating": 2
    }
]