[
    {
        "title": "Мониторинг: смысл, цели и универсальные рецепты",
        "description": "Текст статьи не удалось получить",
        "data": "2023-01-20, 13:50",
        "rating": 8
    },
    {
        "title": "Как войти в блокчейн через JavaSсript: создаем свой DeFi-проект на базе JS SDK смарт-контрактов Waves Enterprise",
        "description": "Текст статьи не удалось получить",
        "data": "2022-11-22, 11:18",
        "rating": 5
    },
    {
        "title": "Как устроена федеральная система дистанционного электронного голосования в России",
        "description": "Текст статьи не удалось получить",
        "data": "2022-10-27, 14:36",
        "rating": 3
    },
    {
        "title": "Как развернуть свою блокчейн-платформу на базе технологий Web3 Tech",
        "description": "Текст статьи не удалось получить",
        "data": "2022-09-27, 12:46",
        "rating": 5
    },
    {
        "title": "Расширяем область применения PageObject: что такое Testing entity Definition Object (TDO)",
        "description": "Текст статьи не удалось получить",
        "data": "2022-08-04, 14:28",
        "rating": 0
    },
    {
        "title": "Как войти в блокчейн-разработку через Java и Kotlin: представляем JVM SDK смарт-контрактов",
        "description": "Текст статьи не удалось получить",
        "data": "2022-07-21, 12:01",
        "rating": 10
    },
    {
        "title": "Смарт-контракты в виде докер-сервисов: как они работают у нас",
        "description": "Текст статьи не удалось получить",
        "data": "2022-06-29, 15:27",
        "rating": 7
    },
    {
        "title": "Как интегрировать авторизацию через Госуслуги (ЕСИА) с помощью Docker и Typescript",
        "description": "Текст статьи не удалось получить",
        "data": "2022-05-20, 16:09",
        "rating": 2
    },
    {
        "title": "Как мы выбирали консенсус для энтерпрайз-блокчейна",
        "description": "Текст статьи не удалось получить",
        "data": "2022-05-06, 12:37",
        "rating": 1
    },
    {
        "title": "Proof-of-work — лучший выбор консенсуса для Bitcoin",
        "description": "Текст статьи не удалось получить",
        "data": "2022-04-21, 11:11",
        "rating": -3
    },
    {
        "title": "Блокчейн в корпоративной архитектуре: дань моде или необходимость?",
        "description": "Текст статьи не удалось получить",
        "data": "2022-03-31, 16:44",
        "rating": 0
    },
    {
        "title": "Блокчейн для бизнеса: как он устроен и почему именно так",
        "description": "Текст статьи не удалось получить",
        "data": "2022-01-16, 13:01",
        "rating": 6
    },
    {
        "title": "Честное онлайн-голосование: миф или реальность?",
        "description": "Текст статьи не удалось получить",
        "data": "2021-05-27, 20:42",
        "rating": 7
    }
]