[
    {
        "title": "Озвучка самокатов, часть 1: зачем нам пьезокерамика и как ее готовить",
        "description": "Текст статьи не удалось получить",
        "data": "2023-06-29, 15:10",
        "rating": 8
    },
    {
        "title": "Бекенд на AWS Lambda за 60 минут",
        "description": "Текст статьи не удалось получить",
        "data": "2023-04-18, 13:20",
        "rating": 13
    },
    {
        "title": "Как спрогнозировать спрос на самокаты и не захламить город, версия Whoosh",
        "description": "Текст статьи не удалось получить",
        "data": "2023-03-03, 14:55",
        "rating": 12
    },
    {
        "title": "Двое на самокате, не считая кучи разных датчиков: как мы учились определять поездки вдвоем",
        "description": "Текст статьи не удалось получить",
        "data": "2022-12-26, 12:26",
        "rating": 125
    },
    {
        "title": "Софт, хард и два колеса: как мы строили IT-инфраструктуру в Whoosh",
        "description": "Текст статьи не удалось получить",
        "data": "2022-12-20, 14:16",
        "rating": 14
    }
]