[
    {
        "title": "10 курсов, которые помогут “ворваться” в тестирование и остаться там",
        "description": "Текст статьи не удалось получить",
        "data": "2023-07-20, 16:54",
        "rating": 2
    },
    {
        "title": "Три месяца ошибок, или как я создала чек-лист для проверки ТЗ",
        "description": "Текст статьи не удалось получить",
        "data": "2023-06-29, 18:44",
        "rating": 6
    },
    {
        "title": "ClickHouse в ритейловом проекте",
        "description": "Текст статьи не удалось получить",
        "data": "2023-06-26, 09:48",
        "rating": 6
    },
    {
        "title": "Как ChatGPT учил меня в Dota 2 играть",
        "description": "Текст статьи не удалось получить",
        "data": "2023-06-22, 17:58",
        "rating": 4
    },
    {
        "title": "Как мы выстраиваем риск-ориентированную модель информационной безопасности",
        "description": "Текст статьи не удалось получить",
        "data": "2023-06-20, 18:00",
        "rating": 1
    },
    {
        "title": "А/Б тесты с метрикой отношения. Дельта-метод",
        "description": "Текст статьи не удалось получить",
        "data": "2023-06-08, 11:19",
        "rating": 9
    },
    {
        "title": "Как мы спасли от выгорания нанимающих аналитиков в X5 Tech",
        "description": "Текст статьи не удалось получить",
        "data": "2023-06-05, 16:46",
        "rating": 6
    },
    {
        "title": "Наш путь в управлении потоком продуктовых задач. От стикеров в Miro до системных изменений на основе данных",
        "description": "Текст статьи не удалось получить",
        "data": "2023-06-01, 09:00",
        "rating": 4
    },
    {
        "title": "RPA в Х5: когда каждый в Матрице – избранный",
        "description": "Текст статьи не удалось получить",
        "data": "2023-05-18, 16:47",
        "rating": 13
    },
    {
        "title": "Как организовать самостоятельные дальние походы без гида. Личный опыт",
        "description": "Текст статьи не удалось получить",
        "data": "2023-03-28, 18:00",
        "rating": 47
    },
    {
        "title": "Гайд по написанию пользовательских историй и критериев приёмки",
        "description": "Текст статьи не удалось получить",
        "data": "2023-03-21, 18:02",
        "rating": 9
    },
    {
        "title": "CJM как способ взглянуть на очевидные вещи по-новому",
        "description": "Текст статьи не удалось получить",
        "data": "2023-03-16, 12:02",
        "rating": 9
    },
    {
        "title": "Next Step: от сервис-менеджера к директору домена",
        "description": "Текст статьи не удалось получить",
        "data": "2023-03-13, 11:45",
        "rating": 0
    },
    {
        "title": "Как мы распараллелили CatBoost на Spark",
        "description": "Текст статьи не удалось получить",
        "data": "2023-02-16, 17:44",
        "rating": 5
    },
    {
        "title": "Как устроена аутентификация в Micronaut: гайд по настройке",
        "description": "Текст статьи не удалось получить",
        "data": "2023-02-08, 14:35",
        "rating": 10
    },
    {
        "title": "Создание собственного корпоративного шрифта. Зачем он нужен и какой путь мы прошли",
        "description": "Текст статьи не удалось получить",
        "data": "2023-02-02, 10:48",
        "rating": 6
    },
    {
        "title": "Как мы «уволили» старые процессы планирования и «наняли» новые: опыт разработки собственного инструмента",
        "description": "Текст статьи не удалось получить",
        "data": "2023-01-26, 14:18",
        "rating": 4
    },
    {
        "title": "Позиции восприятия и их применение в дизайне",
        "description": "Текст статьи не удалось получить",
        "data": "2023-01-19, 10:51",
        "rating": 6
    },
    {
        "title": "Если бы Остер раздавал советы автоматизаторам. Часть 2",
        "description": "Текст статьи не удалось получить",
        "data": "2023-01-12, 11:50",
        "rating": 7
    },
    {
        "title": "Обзор пакетов SciPy, Pyomo и CVXPY для решения задач условной оптимизации",
        "description": "Текст статьи не удалось получить",
        "data": "2022-12-28, 20:09",
        "rating": 6
    },
    {
        "title": "Если бы Остер раздавал советы автоматизаторам. Часть 1",
        "description": "Текст статьи не удалось получить",
        "data": "2022-12-27, 15:48",
        "rating": 11
    },
    {
        "title": "Как мы переходили на новую версию крупнейшей платформы электронного документооборота своими силами",
        "description": "Текст статьи не удалось получить",
        "data": "2022-12-26, 18:37",
        "rating": 1
    },
    {
        "title": "Как мы создавали мобильное приложение «Х5 Недвижимость», или любовь не с первого касания",
        "description": "Текст статьи не удалось получить",
        "data": "2022-12-22, 15:29",
        "rating": 5
    },
    {
        "title": "Проверка корректности А/Б тестов",
        "description": "Текст статьи не удалось получить",
        "data": "2022-12-19, 16:32",
        "rating": 13
    },
    {
        "title": "Greenplum Backup в Ceph: история миграции",
        "description": "Текст статьи не удалось получить",
        "data": "2022-12-13, 09:28",
        "rating": 7
    },
    {
        "title": "Матрицы. Перезагрузка: помогли Х5 Tech внедрить единую систему оценки компетенций",
        "description": "Текст статьи не удалось получить",
        "data": "2022-12-08, 11:06",
        "rating": 1
    },
    {
        "title": "Как составить резюме Junior-аналитику, чтобы на него обратили внимание: секреты от Х5 Tech",
        "description": "Текст статьи не удалось получить",
        "data": "2022-11-24, 19:00",
        "rating": 1
    },
    {
        "title": "ТОП-10 онлайн-ресурсов для прокачки навыков фронтендера",
        "description": "Текст статьи не удалось получить",
        "data": "2022-11-18, 16:26",
        "rating": 2
    },
    {
        "title": "Выгрузка HDFS FSImage в Hive для мониторинга и аналитики: руководство к действию",
        "description": "Текст статьи не удалось получить",
        "data": "2022-11-11, 17:48",
        "rating": 6
    },
    {
        "title": "Next Step: как перейти из продакта в Data Science",
        "description": "Текст статьи не удалось получить",
        "data": "2022-10-13, 19:00",
        "rating": 1
    },
    {
        "title": "Кто такой дата-аналитик в X5 Tech",
        "description": "Текст статьи не удалось получить",
        "data": "2022-09-12, 18:00",
        "rating": 1
    },
    {
        "title": "Быстро. Качественно. Недорого",
        "description": "Текст статьи не удалось получить",
        "data": "2022-09-06, 09:09",
        "rating": 2
    },
    {
        "title": "Оптимизационные задачи в ритейле",
        "description": "Текст статьи не удалось получить",
        "data": "2022-08-31, 18:47",
        "rating": 13
    },
    {
        "title": "SAP CAR: миграция чекового хранилища",
        "description": "Текст статьи не удалось получить",
        "data": "2022-08-29, 12:52",
        "rating": -1
    },
    {
        "title": "Параллельные вычисления в Apache Spark",
        "description": "Текст статьи не удалось получить",
        "data": "2022-08-23, 12:42",
        "rating": 7
    },
    {
        "title": "Бутстреп и А/Б тестирование",
        "description": "Текст статьи не удалось получить",
        "data": "2022-08-02, 16:59",
        "rating": 12
    },
    {
        "title": "Умная кухня",
        "description": "Текст статьи не удалось получить",
        "data": "2022-06-01, 12:55",
        "rating": 0
    },
    {
        "title": "О чём говорили на митап по Keycloak от X5 Tech",
        "description": "Текст статьи не удалось получить",
        "data": "2022-03-03, 16:21",
        "rating": 1
    },
    {
        "title": "HowTo: деплой Apache Cassandra DB и компонентов для её мониторинга",
        "description": "Текст статьи не удалось получить",
        "data": "2022-03-01, 16:27",
        "rating": 1
    },
    {
        "title": "Школа аналитиков данных",
        "description": "Текст статьи не удалось получить",
        "data": "2022-02-26, 15:38",
        "rating": 2
    },
    {
        "title": "Неполное руководство по DevOps",
        "description": "Текст статьи не удалось получить",
        "data": "2022-02-18, 18:00",
        "rating": 9
    },
    {
        "title": "Цифровая команда Food.ru — как мы строим собственное медиа",
        "description": "Текст статьи не удалось получить",
        "data": "2022-02-15, 17:39",
        "rating": 4
    },
    {
        "title": "Actions: как в GitHub, но в GitLab",
        "description": "Текст статьи не удалось получить",
        "data": "2022-02-14, 16:08",
        "rating": 13
    },
    {
        "title": "Успешное АБ-тестирование: о чём говорили на Data Driven Meetup #2",
        "description": "Текст статьи не удалось получить",
        "data": "2022-02-11, 18:41",
        "rating": 2
    },
    {
        "title": "Митап по Keycloak от X5 Tech",
        "description": "Текст статьи не удалось получить",
        "data": "2022-02-09, 16:41",
        "rating": 0
    },
    {
        "title": "Tech Radar X5: какие инструменты и технологии мы используем при разработке",
        "description": "Текст статьи не удалось получить",
        "data": "2022-01-24, 11:36",
        "rating": 4
    },
    {
        "title": "Автоматизация обработки клиентских обращений",
        "description": "Текст статьи не удалось получить",
        "data": "2022-01-19, 18:40",
        "rating": 1
    },
    {
        "title": "Bare-metal kubernetes-кластер на своём локальном компьютере",
        "description": "Текст статьи не удалось получить",
        "data": "2022-01-14, 16:05",
        "rating": 12
    },
    {
        "title": "Регламенты не работают. Или как мы изобретали производственный framework для ИТ-команды 3000+ человек",
        "description": "Текст статьи не удалось получить",
        "data": "2021-12-24, 17:31",
        "rating": 1
    },
    {
        "title": "Название статьи не удалось получить",
        "description": "Текст статьи не удалось получить",
        "data": "2021-12-23, 15:58",
        "rating": 24
    },
    {
        "title": "Стратификация. Как разбиение выборки повышает чувствительность A/B теста",
        "description": "Текст статьи не удалось получить",
        "data": "2021-12-17, 17:55",
        "rating": 9
    },
    {
        "title": "ЗаETLье или Особенности рыбалки в Озере данных",
        "description": "Текст статьи не удалось получить",
        "data": "2021-12-14, 05:01",
        "rating": 5
    },
    {
        "title": "Управление B2B продуктом: по следам митапа",
        "description": "Текст статьи не удалось получить",
        "data": "2021-12-09, 15:29",
        "rating": 0
    },
    {
        "title": "Как устроена разработка в экспресс-доставке «Перекрёстка»",
        "description": "Текст статьи не удалось получить",
        "data": "2021-12-06, 20:27",
        "rating": 1
    },
    {
        "title": "MLflow: вывод моделей в продакшн и инструмент MLOps",
        "description": "Текст статьи не удалось получить",
        "data": "2021-12-03, 16:17",
        "rating": 1
    },
    {
        "title": "Agile vs Waterfall: о чём говорили аналитики на Х5Meetup",
        "description": "Текст статьи не удалось получить",
        "data": "2021-11-24, 17:12",
        "rating": 0
    },
    {
        "title": "Нагрузочное тестирование: как прошли выступления X5 QA meetup #2 и о чём мы говорили",
        "description": "Текст статьи не удалось получить",
        "data": "2021-11-23, 18:33",
        "rating": 1
    },
    {
        "title": "X5 B2B Products meetup",
        "description": "Текст статьи не удалось получить",
        "data": "2021-11-18, 18:51",
        "rating": 1
    },
    {
        "title": "IT Analyst Online Meetup: особенности работы аналитика в разных моделях разработки",
        "description": "Текст статьи не удалось получить",
        "data": "2021-11-10, 12:34",
        "rating": 1
    },
    {
        "title": "Нельзя просто взять и влиться в data-driven — на что обратить внимание при внедрении такого подхода",
        "description": "Текст статьи не удалось получить",
        "data": "2021-11-09, 10:12",
        "rating": 5
    },
    {
        "title": "QA meetup 2: нагрузочное тестирование",
        "description": "Текст статьи не удалось получить",
        "data": "2021-11-02, 18:12",
        "rating": -1
    },
    {
        "title": "«Эти глаза напротив»: история внедрения биометрического решения в X5 Group",
        "description": "Текст статьи не удалось получить",
        "data": "2021-10-27, 17:57",
        "rating": 0
    },
    {
        "title": "Собеседование на позицию Data Engineer в X5: чего ждать и как лучше подготовиться (часть 2)",
        "description": "Текст статьи не удалось получить",
        "data": "2021-10-22, 13:08",
        "rating": 0
    },
    {
        "title": "Построение архитектуры проекта при работе с PySpark",
        "description": "Текст статьи не удалось получить",
        "data": "2021-09-21, 18:34",
        "rating": 1
    },
    {
        "title": "Экспресс-поддержка",
        "description": "Текст статьи не удалось получить",
        "data": "2021-09-16, 10:42",
        "rating": 0
    },
    {
        "title": "Как и для чего мы сделали «Перчатку» — приложение для сотрудников «Перекрёстка» с элементами соцсети",
        "description": "Текст статьи не удалось получить",
        "data": "2021-09-13, 14:14",
        "rating": 6
    },
    {
        "title": "Тестировщик на прокачку: как X5 Group обучает SDET-специалистов",
        "description": "Текст статьи не удалось получить",
        "data": "2021-08-31, 16:47",
        "rating": 4
    },
    {
        "title": "Собеседование на позицию Data Engineer в Х5: чего ждать и как лучше подготовиться",
        "description": "Текст статьи не удалось получить",
        "data": "2021-08-12, 15:58",
        "rating": 2
    },
    {
        "title": "«Выручай-рейсы» в X5 Transport. Как мы сократили затраты на доставку путем автоматизации «пересменки» водителей",
        "description": "Текст статьи не удалось получить",
        "data": "2021-08-05, 13:11",
        "rating": 2
    },
    {
        "title": "Касса самообслуживания в телефоне —экспресс-скан",
        "description": "Текст статьи не удалось получить",
        "data": "2021-07-21, 12:42",
        "rating": 9
    },
    {
        "title": "SOA для проектного управления. С оркестром",
        "description": "Текст статьи не удалось получить",
        "data": "2021-07-01, 12:18",
        "rating": -2
    },
    {
        "title": "Аналитик на прокачку",
        "description": "Текст статьи не удалось получить",
        "data": "2021-06-25, 13:31",
        "rating": 4
    },
    {
        "title": "Автозаказ: как сделать так, чтобы нужные продукты сами попадали на полки 17 000 магазинов по всей стране",
        "description": "Текст статьи не удалось получить",
        "data": "2021-06-17, 17:25",
        "rating": 0
    },
    {
        "title": "Почему в X5 Group выделили Data Engineering в отдельный центр компетенций",
        "description": "Текст статьи не удалось получить",
        "data": "2021-06-16, 18:31",
        "rating": 0
    },
    {
        "title": "Как MCS и Х5 построили частное облако в энтерпрайзе, чтобы быстро получать готовые сервисы",
        "description": "Castle in the sky by PiotrDura\n\nПубличное и частное облако одного провайдера — два разных продукта или одна и та же платформа, просто развернутая на разном оборудовании? На примере решения для Х5 Retail Group я, Илья Болучевский, технический директор Mail.ru Private Cloud, расскажу, в чем отличия и как построен процесс внедрения облака вендора в корпоративную инфраструктуру.\n\nНаше частное облако, по сути, состоит из готовых компонентов, которые мы используем в нашем первом продукте — публичном облаке: клиенты выбирают, что хотят забрать в свою инфраструктуру, а мы помогаем внедрить и эксплуатировать решение.\n\nКажется, что все просто: модульный подход, сборка из готовых компонентов, внедрение с экспертами. На самом деле частное облако никогда нельзя поставить «из коробки»: требуется кастомизация под корпоративные требования и интеграция с внутренними системами. Это долгий и сложный путь, который команде клиента приходится проходить вместе с нами.\n\nВ Х5 частное облако — одну из самых дорогих инфраструктур — выбрали, чтобы в три раза ускорить вывод новых продуктов на рынок и получить доступ к новым технологиям, не нарушая стандартов корпоративной безопасности.\nНиже о том, как двум опытным командам MCS и Х5 удалось построить гибкую облачную платформу во внутреннем контуре заказчика в предельно сжатые сроки, какие сложности и подводные камни ожидали нас на этом пути и как данное решение помогает компании достичь поставленных целей.",
        "data": "2021-06-07, 11:25",
        "rating": 29
    },
    {
        "title": "Продолжаем знакомство с APIM Gravitee",
        "description": "Текст статьи не удалось получить",
        "data": "2021-05-27, 20:08",
        "rating": 0
    },
    {
        "title": "Хватит это терпеть: как мы обновили архитектуру системы мониторинга автотранспорта на 15 000 машин и 17 000 магазинов",
        "description": "Текст статьи не удалось получить",
        "data": "2021-03-25, 18:24",
        "rating": 14
    },
    {
        "title": "Платформа по работе с обращениями клиентов в «Пятёрочке»",
        "description": "Текст статьи не удалось получить",
        "data": "2021-03-04, 19:00",
        "rating": 2
    },
    {
        "title": "Что такое системы API Management",
        "description": "Текст статьи не удалось получить",
        "data": "2021-02-19, 17:18",
        "rating": 3
    },
    {
        "title": "Как тебе такое, Джефф Безос?",
        "description": "Текст статьи не удалось получить",
        "data": "2021-02-16, 14:40",
        "rating": 80
    },
    {
        "title": "Одна Kafka хорошо, а несколько — лучше",
        "description": "Текст статьи не удалось получить",
        "data": "2021-01-26, 18:41",
        "rating": 8
    },
    {
        "title": "Коллектор логов на старом железе или встречайте Vector 32bit",
        "description": "В любой большой компании, и X5 не исключение, имеется «старое железо» которое успешно работает и работает хорошо, но приходит время и с него тоже необходимо начать забирать логи и метрики. В нашем случае это машины c x86_32 Debian 9.5 и 512Мб оперативной памяти.",
        "data": "2020-12-14, 22:42",
        "rating": 9
    },
    {
        "title": "RealTime доставка сообщений на фронт",
        "description": "Уверен каждый web-разработчик сталкивался с задачей оперативного обновления WEB UI по событию на back-end. Классический пример – web-чат (если вы уже написали свой огненный web-чат дальше можете не читать, скорее всего все нижесказанное вам уже известно).",
        "data": "2020-12-10, 12:32",
        "rating": 0
    },
    {
        "title": "Экстракция данных из SAP HCM в non-SAP хранилища данных",
        "description": "Как известно, компания SAP предлагает полный спектр программного обеспечения, как для ведения транзакционных данных, так и для обработки этих данных в системах анализа и отчетности. В частности платформа SAP Business Warehouse (SAP BW) представляет собой инструментарий для хранения и анализа данных, обладающий широкими техническими возможностями. При всех своих объективных преимуществах система SAP BW обладает одним значительным недостатком. Это высокая стоимость хранения и обработки данных, особенно заметная при использовании облачной SAP BW on Hana.\n\nА что если в качестве хранилища начать использовать какой-нибудь non-SAP и желательно OpenSource продукт? Мы в Х5 Retail Group остановили свой выбор на GreenPlum. Это конечно решает вопрос стоимости, но при этом сразу появляются вопросы, которые при использовании SAP BW решались практически по умолчанию.",
        "data": "2020-09-23, 16:10",
        "rating": 4
    },
    {
        "title": "Как сократить издержки на автотестах",
        "description": "Автотесты — модная, но довольно затратная история. Автоматизаторы стоят дороже, чем ручные тестировщики, а сами автотесты требуют больше времени на разработку, причем разрабатывается не функционал продукта, а его проверка, которая окупается не явно и не сразу. Требует затрат и поддержка автотестов. Однако каждую из этих статей расходов можно минимизировать, сделав автотестирование намного эффективнее.\n\nМеня зовут Мария Снопок, я менеджер направления автоматизации в Отделе тестирования Департамента разработки и сопровождения продуктов больших данных X5 Retail Group. В этой статье я расскажу о нашем опыте внедрения автотестов и сокращении связанных с ними издержек. Надеюсь, эта информация окажется полезной для команд, которые сталкиваются с трудностями при переходе на автоматизированное тестирование.",
        "data": "2020-08-19, 12:27",
        "rating": 9
    },
    {
        "title": "HR-аналитика: как правильно применять метод 360",
        "description": "Сегодня свыше 90 процентов компаний из Fortune 500 используют 360 performance review (обзор качества работы) для оценки компетенций сотрудников. Этот метод анализа завоевал популярность, так как позволяет получить сбалансированное понимание о человеке, избегая субъективных мнений (насколько это вообще возможно в такой непростой сфере, как работа с людьми). Результаты исследования базируются на мнениях руководителя, коллег, подчиненных, а также на самооценке самого сотрудника. Важно понимать, что анализ 360 проводится на основе ценностей и компетенций компании, то есть затрагивает не бизнес-результаты (что и сколько было достигнуто), а то, как это было сделано.\n\nМетод 360 performance review используется и в Х5 Retail Group. Сегодня мы расскажем о практических наработках BigData X5 для углубленной HR-аналитики.",
        "data": "2020-08-10, 16:59",
        "rating": 0
    },
    {
        "title": "«Walking in my shoes» — стоп, а они маркированные?",
        "description": "С 2019 года в России действует закон об обязательной маркировке. Закон распространяется не на все группы товаров, и сроки вступления в силу обязательной маркировки для товарных групп разные. Первыми под обязательную маркировку попадают табак, обувь, лекарства, позднее добавятся и другие товары, например, духи, текстиль, молоко. Это законодательное нововведение побудило к разработке новых ИТ-решений, которые позволят отследить всю цепочку жизни товара с момента производства до покупки конечным потребителем, всем участникам процесса: как само государство, так и все организации, реализующие товары с обязательной маркировкой.\n\nВ Х5 система, которая будет отслеживать товары с маркировкой и обмениваться данными с государством и поставщиками, получила название “Маркус”. Расскажем по порядку как и кто ее разрабатывал, какой у нее стек технологий, и почему нам есть чем гордиться.",
        "data": "2020-07-06, 09:55",
        "rating": 9
    },
    {
        "title": "Как мы автоматизировали маркетинг Perekrestok.ru",
        "description": "В мае 2020 года онлайн-супермаркет «Перекресток» принимал 11 тысяч заказов в день или 7,6 заказов в минуту, а ведь история этого направления началась всего 3 года назад — в апреле 2017. Приход Перекрестка в онлайн стал частью цифровой трансформации нашего бизнеса: мы хотели лучше понимать своих клиентов и подстраиваться под их предпочтения (которые склонны меняться, и это надо учитывать). Поэтому e-commerce было решено выделить в самостоятельное направление, а из привычного онлайн-супермаркета создать полноценный интернет-магазин под зонтичным брендом. И, конечно, особое место в таком процессе занимает автоматизация, в том числе прямых коммуникаций с клиентами. К концу прошлого года автоматические рассылки приносили чуть меньше половины дохода директ-маркетинга, письма открывал каждый пятый получатель, а самое конверсионное письмо (Брошенная корзина с промокодом) приводило к покупке в одном случае из 12.",
        "data": "2020-06-23, 15:33",
        "rating": 12
    },
    {
        "title": "Как система анализа задержек на кассах помогает экономить время обслуживания покупателей",
        "description": "Проект, который дает возможность «ускорить очереди» на кассах в магазинах является в первую очередь социально значимым. Команда разработчиков #ITХ5 в декабре 2019 года смогла найти и запатентовать решение, которое сокращает время обслуживания на кассе, оптимизирует технические операции и влияет на такие важные показатели компании, как NPS и товарооборот. В результате успешных результатов своего исследования X5 Retail Group получила патент на автоматическую систему анализа задержек на кассах. Изобретение позволяет узнать заранее и предотвратить 98% неполадок и сбоев в кассовом обслуживании, и, соответственно, сэкономить сотни миллионов рублей на оптимизации IT-процессов в магазинах сети.",
        "data": "2020-06-11, 14:46",
        "rating": 1
    },
    {
        "title": "Хакатон DataMonetize: легкий способ подружить ритейл и BigData",
        "description": "Привет, Хабр! Х5 Retail Group совместно с Russian Hackers проводит онлайн-хакатон по data science в ритейле с 18 по 21 июня. Цель — найти новые идеи по использованию больших данных в ритейле, что позволит улучшить качество обслуживания клиентов, оптимизировать процессы в сети, развивать и расширять бизнес.\n\nУ X5 Retail Group — тысячи магазинов и десятки тысяч товарных позиций, звеньев логистических цепей, миллионы покупателей и неисчислимое количество транзакций. Все это — Big Data, и мы очень-очень надеемся на то, что хакатон поможет найти новые способы использования данных в ритейле. Все как всегда — очень нужны новые и классные идеи. Под катом — интервью с Михаилом Неверовым, Head of Product в департаменте монетизации Big Data в X5 Retail Group. Он рассказывает о том, как работают с большими данными в ритейле. Ну а потом — описание хакатона со ссылочкой на регистрацию.",
        "data": "2020-06-03, 13:20",
        "rating": 14
    },
    {
        "title": "Лучше своими руками: как мы сделали мобильное приложение Perekrestok.ru inhouse",
        "description": "Привет! Меня зовут Мария Тимофеева, я директор по продукту онлайн-супермаркета Perekrestok.ru. К выходу нашего нового мобильного приложения мы решили рассказать, как делали текущую версию, сколько багов собрали и как пришли к выводу, что в нашем случае inhouse-разработка оказывается полезнее для продукта.\n\nВ этом посте мы в общих чертах затронем особенности разработки приложений на аутсорсе и inhouse, а также поговорим о деталях работы платформы. Затем постараемся в новых статьях вернуться и рассказать про наш дизайн, устройство бэкенда и разработку версий для iOS и Android.",
        "data": "2020-05-27, 18:27",
        "rating": 15
    },
    {
        "title": "Кремниевая долина по-русски. Как #ITХ5 работается в Иннополисе",
        "description": "В самом маленьком по численности населения городе России расположился настоящий отечественный IT-кластер, где уже сейчас трудятся одни из лучших специалистов в сфере информационных технологий. Иннополис был основан в 2012 году, а спустя три года приобрел статус города. Он стал первым городом в новейшей истории России, создаваемым с нуля. В числе резидентов техногорода — Х5 Retail Group, у которой здесь располагается центр разработки. Несмотря на то, что компания в Иннополисе всего год, планы у команды достаточно грандиозные. По количеству сотрудников (больше 100 человек) и эффективности работы Х5 уже сравнялась с рядом коллег, находящихся в Иннополисе гораздо дольше.",
        "data": "2020-05-19, 18:39",
        "rating": 7
    },
    {
        "title": "Как организовать тестирование, чтобы ускорить и стабилизировать релизы продукта. Часть 2",
        "description": "У тестировщика много возможностей повысить качество продукта и сделать работу команды комфортнее. Главное – обсуждать любые изменения с коллективом и внедрять только то, что удобно и полезно для всех.\n\nМеня зовут Виктория Дежкина, я отвечаю за тестирование ряда продуктов в Дирекции больших данных X5 Retail Group. В прошлой части статьи я начала рассказывать о том, как мы меняли процессы в команде продукта «Система автоматизации закупок торговой сети». Релизы продукта постоянно задерживались на несколько дней и часто выходили «сырыми». Мы изменили порядок выкладки кода и планирования задач, что позволило сократить релизный цикл на несколько дней, но нам еще предстояло выработать оптимальный формат постановки и приемки задач, установить точки тестирования в релизном цикле и научиться приоритизировать задачи по исправлению дефектов.",
        "data": "2020-05-15, 18:51",
        "rating": 9
    },
    {
        "title": "Как организовать тестирование, чтобы ускорить и стабилизировать релизы продукта. Часть 1",
        "description": "Если командная работа не согласована, между отдельными участниками процесса и целыми командами постоянно будут происходить столкновения, а продукты компании или микросервисы внутри одного продукта будут мешать друг другу при использовании общих ресурсов и инфраструктуры. Результатом будут постоянные поломки, конфликты и снижение темпов работы. Быстрые и предсказуемые релизы в таких условиях будут недостижимы.\n\nМеня зовут Виктория Дежкина, я занимаюсь тестированием в Департаменте разработки и сопровождения продуктов больших данных X5 Retail Group. Я расскажу, как мы изменили процесс тестирования в одной из наших продуктовых команд, чтобы ускорить подготовку релизов практически вдвое и избавить команду от стресса. Теперь этот подход к тестированию мы внедряем и в других продуктах компании.",
        "data": "2020-05-14, 17:07",
        "rating": 7
    },
    {
        "title": "Дорогая, мы убиваем бюрократию: как цифровизация меняет диалог поставщиков и X5",
        "description": "Когда у тебя 5 тысяч поставщиков, огромный документооборот и бизнес в масштабах страны, привычная схема сбора данных отнимает драгоценное время. Время – деньги, как известно, поэтому мы в X5 постоянно думаем над тем, как оптимизировать процесс обмена мастер-данных с поставщиками, и уже добились хорошего результата. В прошлый раз мы рассказывали как оптимизировали листинг товаров, добавив в цепочку еще одно подразделение. Сегодня мы расскажем о новом портале для поставщиков и почему мы видим за этим будущее.",
        "data": "2020-04-22, 14:38",
        "rating": 8
    },
    {
        "title": "УдАленка: как в Х5 планировали перейти на дистанционный формат работы",
        "description": "А потом действительно перешли\n\nХ5 не сегодня задумалась о переводе сотрудников на удаленный формат работы – еще в 2019 году мы проводили пилот, который показал отличные результаты и планировался в «роллаут», ведь удаленка — одна из важных опций и возможностей работы в цифровой компании. Мы готовили инфраструктуру, покупали лицензии, тестировали эффективность работы. Но в середине марта все изменилось: всего за несколько дней мы должны были сделать так, чтобы тысячи наших коллег смогли практически без каких-либо инфраструктурных ограничений работать из дома.\nСпойлер: у нас получилось. Так мы поняли, что мы настоящая цифровая компания, способная к любым технологическим свершениям.",
        "data": "2020-04-06, 18:27",
        "rating": 7
    },
    {
        "title": "Разработчики Perekrestok.ru. Что мы делаем и кого ищем в команды",
        "description": "Сегодня мы хотим поговорить о найме людей в IT-команды онлайн-супермаркета Perekrestok.ru и о том, как устроена наша работа «внутри». Ритейл – отрасль со своей интересной спецификой, а сейчас в том числе и от нашей работы зависит, будут ли тысячи людей каждый день обеспечены продуктами. В этом посте мы даем слово нашим тимлидам, они рассказывают о проектах Perekrestok.ru, методах работы, а также о том, как можно попасть в команду и что могут спросить на собеседовании.",
        "data": "2020-04-01, 16:36",
        "rating": 8
    },
    {
        "title": "Как повысить качество работы agile-команд с помощью тестирования",
        "description": "Разработка по методологии Agile нацелена на то, чтобы выдавать новые фичи быстро и с нужной периодичностью, обеспечивая постоянный поток изменений. Гибкий подход позволяет команде держать высокий темп, но из-за этого нередко страдает качество кода и стабильность продукта. Как решить эту проблему, не загоняя команду в жесткие рамки и не лишая ее преимуществ agile-методов? Помощь приходит со стороны тестировщиков. Меня зовут Денис Дубовой, я руковожу отделом тестирования в дирекции больших данных X5 Retail Group, и в этом материале я расскажу, как появление тестировщиков помогло повысить качество работы наших разработчиков.",
        "data": "2020-03-26, 10:46",
        "rating": 3
    },
    {
        "title": "Bare-Metal Provisioning своими руками, или Автоматическая подготовка серверов с нуля",
        "description": "Привет, я Денис и одно из моих направлений деятельности – разработка инфраструктурных решений в X5. Сегодня хотел бы поделиться с вами о том, как можно на базе общедоступных инструментов развернуть автоматическую систему подготовки серверов. На мой взгляд, это интересное, простое и гибкое решение.",
        "data": "2020-03-19, 16:12",
        "rating": 7
    },
    {
        "title": "Задача для разработчика, или как мы без вендора ручные сканеры прошивали",
        "description": "Всем привет.\n\nМы, Виктор Антипов и Илья Алешин, сегодня расскажем о своем опыте работы с USB-девайсами через Python PyUSB и немного о реверс-инжиниринге.",
        "data": "2020-03-02, 19:41",
        "rating": 40
    },
    {
        "title": "SSO на микросервисной архитектуре. Используем Keycloak. Часть №1",
        "description": "В любой крупной компании, и X5 Retail Group не исключение, по мере развития возрастает количество проектов, где требуется авторизация пользователей. С течением времени требуется бесшовный переход пользователей из одного приложения в другой и тогда возникает необходимость использования единого сервера Single-Sing-On (SSO). Но как быть, когда такие идентификационные провайдеры как AD или иные, не обладающие дополнительными атрибутами, уже используются в различных проектах. На помощь придет класс систем под названием «идентификационные брокеры». Наиболее функциональными являются его представители, такие как Keycloak, Gravitee Access management и пр. Чаще всего сценарии использования могут быть различны: машинное взаимодействие, участие пользователей и пр. Решение должно поддерживать гибкий и масштабируемый функционал, способный объединить все требования в одном, и такие решением в нашей компании сейчас является индикационный брокер – Keycloak.",
        "data": "2020-02-03, 17:24",
        "rating": 16
    },
    {
        "title": "Доставку заказывали? Как «Перекрёсток» доставляет 6000 заказов в день",
        "description": "Люди любят доставку. За небольшую плату ты покупаешь возможность получить нужные товары, не выходя из дома: еду из любимого ресторана, крупногабаритную мебель, книгу, которую хотел давно прочитать, да и вообще — что угодно. И рост числа сервисов по быстрой доставке всего на свете только подтверждает этот тезис. Да и для магазинов это плюс — запартнёрился с любой доставкой товаров до двери и увеличил свой чек.\n\nУ нас в «Перекрёстке» есть собственная доставка. Для человека со стороны процесс доставки из магазина до дома выглядит примерно так:\n\nВыбрал что-то на сайте и положил в корзину.\nВвёл адрес и оплатил заказ.\nМагазин быстро отдал заказ курьеру.\nКурьер доставил заказ.\n\nНа самом деле, всё немного сложнее. Меня зовут Виталий, я руководитель отдела разработки, и сегодня я расскажу, как у нас всё работает. И на чём.",
        "data": "2020-01-16, 16:19",
        "rating": 34
    },
    {
        "title": "Не спать! Как мы научились тиражировать релизы на 12000 касс за ночь",
        "description": "Бесперебойная работа тысяч магазинов «Пятёрочка» во многом зависит от надежного и кастомизированного программного обеспечения. Сейчас в сети используется продукт компании GK SOFTWARE, который совершенствовался от коробочной версии до разработки кода внутри X5. В нашей статье мы расскажем, какой путь прошли в установке релизов, обеспечивая рост бизнеса компании от единичных магазинов на новом ПО до текущих 15000.",
        "data": "2020-01-13, 17:21",
        "rating": 8
    },
    {
        "title": "Пишем блог на микросервисах – часть 4 сервис «Post»",
        "description": "Эта статья является продолжением истории написания demo-блога на микросервисах (предыдущие части можно почитать здесь: Часть 1 «Общее описание архитектуры», Часть 2 «API Gateway», Часть 3 «Сервис User»). В этой статье речь пойдет о реализации микросервиса Post (статьи).",
        "data": "2019-12-26, 14:17",
        "rating": 3
    },
    {
        "title": "Пишем блог на микросервисах – часть 3 «User»",
        "description": "Во второй части нашего цикла статей «Пишем блог на микросервисах» мы описали «API Gateway».\n\nЗдесь мы опишем реализацию микросервиса User.",
        "data": "2019-12-26, 11:43",
        "rating": 5
    },
    {
        "title": "Третий не лишний: как мы сократили цепочку листинга товаров, добавив в нее еще одно звено",
        "description": "К каждому товару, который попадает в магазин, привязано большое количество мастер-данных, необходимых для системы учета. И каждый отдел — от коммерческого до транспортного — раньше создавал свою форму учета товаров, потом мы мучились с их согласованиями и изменениями. В таких условиях создавать еще один «отдел» по составлению каталогов товаров было бы безумием, но мы рискнули и привлекли к работе экспертную лабораторию. И хотя цепочка ввода товара в ассортимент стала длиннее, общее время листинга сократилось на неделю. В этом посте поделимся подробностями, как мы построили работу с лабораторией и что получили в итоге.",
        "data": "2019-12-20, 16:01",
        "rating": 8
    },
    {
        "title": "Как перейти в разработку из другой профессии и быстро вырасти на новом месте",
        "description": "Меня зовут Алексей Дарвин, я в течение многих лет руководил командами разработки в крупных телекоммуникационных компаниях, а последние 2 года отвечаю за работу продуктовых команд в X5 Retail Group. За это время мне удалось собрать в отделе около 70 программистов (40 инхаус, 30 — внешние разработчики).\n\nСреди кандидатов, приходивших к нам на собеседования, мне встретилось несколько человек, которые не так давно перешли в программирование из других профессий. В их числе были Юрий и Семён, которые в итоге благополучно вошли в нашу команду. Я попросил их рассказать, как они решились на смену профессии, как искали работу и что помогает им расти в компании сегодня.",
        "data": "2019-12-16, 11:21",
        "rating": 0
    },
    {
        "title": "DIY: как мы автоматизируем мониторинг склада",
        "description": "Под управлением Х5 находится 43 распределительных центра и 4 029 собственных грузовых автомобиля, они обеспечивают бесперебойную поставку продуктов в 15 752 магазина. В статье поделюсь опытом создания с нуля интерактивной системы мониторинга событий склада. Информация будет полезна логистам торговых компаний с несколькими десятками распределительных центров, управляющих широким товарным ассортиментом.",
        "data": "2019-12-05, 14:33",
        "rating": 4
    },
    {
        "title": "А/Б тестирование, пайплайн и ритейл: брендированная четверть по Big Data от GeekBrains и X5 Retail Group",
        "description": "Технологии Big Data применяются сейчас повсеместно — в промышленности, медицине, бизнесе, развлечениях. Так, без анализа больших данных не смогут нормально работать крупные ритейлеры, упадут продажи в Amazon, будут не в состоянии предсказывать погоду на многие дни, недели и месяцы наперед метеорологи. Логично, что специалисты по большим данным сейчас нарасхват, причем спрос постоянно растет.",
        "data": "2019-12-04, 18:29",
        "rating": 45
    },
    {
        "title": "iКасса или как мы приручили «цифрового кассира»",
        "description": "Эволюция технологий не всегда заметна обычным потребителям: кто там зарелизил 125-е обновление и почему оно лучше 124-го, понятно далеко не всем. Но когда ты заходишь вечером в обычную «Пятёрочку» за хлебом, а перед тобой вместо знакомой Гали оказывается «цифровой кассир», похожий на самый огромный iPad в мире, полёт и мощь цифровизации захватывает тебя всего. А дальше — или ты осваиваешь первым новую технологию и расправляешься с покупками за считаные минуты, или ищешь знакомую Галю на соседней кассе и (возможно) жалуешься в комментах под этой статьёй: зачем, зачем меня опять заставляют всё делать своими руками… Но спойлеров не будет, поэтому остаётся только прочитать, как лаборатория инноваций Х5 прошла свой путь проб и ошибок в разработке собственной кассы самообслуживания.",
        "data": "2019-11-27, 17:48",
        "rating": 16
    },
    {
        "title": "Как мы проводим регрессионное тестирование расчета заработной платы в SAP HCM",
        "description": "Механизм расчета заработной платы в SAP HCM является надежным и в то же время гибким инструментом. Этот инструмент позволяет учитывать любые требования законодательства и локальных нормативных актов в области вознаграждения сотрудников. Однако обратной стороной медали такой универсальности являются сложность и сильная чувствительность к изменениям настроек.",
        "data": "2019-11-06, 17:29",
        "rating": 10
    },
    {
        "title": "Пишем блог на микросервисах – часть 2 «API Gateway»",
        "description": "В первой части нашего цикла статей «Пишем блог на микросервисах» мы описали общий подход к решению задачи.\n\nТеперь пришла очередь API Gateway или API GW.\n\nВ нашем c ptimofeev API GW мы реализуем следующие функции:\n\nКонвертация REST запросов в gRPC запросы и наоборот.\nЛогирование запросов.\nАутентификация запросов.\nПрисвоение каждому запросу Trace ID для дальнейшей передачи его между микросервисами по всей цепочке выполнения запроса.",
        "data": "2019-10-28, 20:03",
        "rating": 13
    },
    {
        "title": "Пишем блог на микросервисах – часть 1 «Общее описание»",
        "description": "В этой статье хочу поделится нашими c SergeyMaslov наработками решения типовых задач с использованием микросервисной архитектуры на примере задачи «создание блога» (в надежде, что читатель представляет как устроен блог и это не должно вызывать вопросов по функциональности:)",
        "data": "2019-10-28, 20:01",
        "rating": 10
    },
    {
        "title": "БудущееVSНастоящее – на #X5TechFutureNight",
        "description": "Настоящий disrupt случится совсем скоро – и ты можешь стать его участником! 21 ноября состоится первое мероприятие X5 Tech Future Night о больших данных и инновациях в развитии ритейла. За вариации на тему цифровизации будущего отвечает приглашенный гость из Японии, за привязку к настоящему – лучшие спикеры инновационного ритейла России. Мы обсудим концепции и уже реализованные проекты Next Generation Retail, столкнем лбами сторонников противоположных взглядов и подходов во время экспертных батлов, а также выберем лучшую корпоративную рок-группу.",
        "data": "2019-10-25, 18:08",
        "rating": 3
    },
    {
        "title": "Как мы делаем автоматизацию большой legacy сети",
        "description": "Привет. У нас 15 260+ объектов и 38 000 сетевых устройств, которые нужно настраивать, обновлять и проверять их работоспособность. Обслуживать такой парк оборудования довольно сложно и требует много времени, сил и людей. Поэтому нам потребовалось автоматизировать работу с сетевым оборудованием и мы решили адаптировать концепцию Network as a Code для управления сетью в нашей компании. Под катом читайте нашу историю автоматизации, совершенные ошибки и дальнейший план построения систем.",
        "data": "2019-10-07, 10:00",
        "rating": 8
    },
    {
        "title": "Как накормить миллионы китайцев за полчаса",
        "description": "Привет! На связи команда инноваций Х5 Retail Group #x5lab. Новые технологии в ритейле – прорывные кассы самообслуживания, мониторинги очередей, роботы на распределительных центрах, терминалы лояльности и многое другое – это к нам. Но сегодня мы хотим рассказать не об этом, а о нашей экспедиции в Китай, где, следуя старой китайской пословице «не бойся, что не знаешь — бойся, что не учишься», мы решили немного поучиться и понять, как там «у них».",
        "data": "2019-10-01, 17:32",
        "rating": 31
    },
    {
        "title": "Как проводить A/B-тестирование на 15 000 офлайн-магазинах",
        "description": "Привет! На связи команда Ad-hoc аналитики Big Data из X5 Retail Group.\n\nВ этой статье мы расскажем о нашей методологии A/B-тестирования и сложностях, с которыми мы ежедневно сталкиваемся.\n\nВ Big Data Х5 работает около 200 человек, среди которых 70 дата сайентистов и дата аналитиков. Основная наша часть занимается конкретными продуктами – спросом, ассортиментом, промо-кампаниями и т.д. Помимо них, есть наша отдельная команда Ad-hoc аналитики.",
        "data": "2019-09-05, 16:28",
        "rating": 28
    },
    {
        "title": "Лояльность на ваш вкус",
        "description": "Как в Х5 запускали программы лояльности\n\nВ магазине практически любой торговой сети кассир задаст вопрос «У вас есть карта магазина?». В этом посте хочу рассказать о программах лояльности для покупателей в магазинах нашей компании. Х5 управляет магазинами нескольких торговых сетей: магазинами у дома под брендом «Пятёрочка», супермаркетами под брендом «Перекрёсток» и гипермаркетами под брендом «Карусель», а еще у нас есть онлайн-магазин Perekrestok.ru. Меня зовут Алексей, я архитектор по клиентским решениям, в разных ипостасях работаю с ИС лояльности компании около 10 лет. Хочу выступить в роли «биографа» и сделаю ретроспективу основных этапов запуска, становления и развития программ лояльности. Опишу, что мы умеем уже сегодня, а также постараюсь обозначить, что произойдет с программами лояльности наших торговых сетей уже в ближайшем будущем. Итак — поехали!",
        "data": "2019-08-12, 10:56",
        "rating": 10
    },
    {
        "title": "Митап ITX5: живая JAVA, магия Kotlin и томатный тиндер",
        "description": "Внутри #ITX5, в котором сейчас почти 1500 человек, часто проводятся интересные мероприятия, а в июле мы впервые решились открыться миру и организовать митап для всех поклонников JAVA. Поговорили о красоте кода, новых парадигмах вычислений и магии Kotlin. Спойлер: в течение пяти лет он всех победит, но это не точно. Реальными JAVA-кейсами поделились Александр Краснощеков из #ITX5, Виталий Куценко из Otus, Дмитрий Латышев из Leroy Merlin, Павел Финкельштейн из Lamoda.",
        "data": "2019-07-25, 15:46",
        "rating": 4
    },
    {
        "title": "#ITX5 соберет тусовку JAVA-разработчиков",
        "description": "X5 Retail Group – это не только 14 тысяч «Пятёрочек», тысяча «Перекрёстков» и «Каруселей», но еще и 1 300 айтишников, включая разработчиков на JAVA. В Х5 создано множество решений с помощью JAVA, мы готовы делиться своими кейсами и слушать партнеров.\n9 июля соберёмся в офисе #itx5 именно для этого.\n\nВ программе:\n\n18:30 – чай-кофе и печеньки\n19:00 — Александр Краснощеков из X5 ответит на вопрос «Сколько нужно абстракций, чтобы запланировать машину в рейс?»\n19:20 — Виталий Куценко из Otus раскроет тему «Optional. История развития и применение в разных версиях java»\n19:40 — Дмитрий Латышев из Leroy Merlin поговорит про Stream Processing в общем и Kafka Stream в частности\n20:00 – поболтаем за кофе и вкусностями\n20:20 – Павел Филькенштейн из Lamoda расскажет, правда ли Kotlin настолько хорош, как говорят\n20:50 –нетворкинг.",
        "data": "2019-06-18, 14:33",
        "rating": 6
    },
    {
        "title": "Как мы развиваем #bigdataX5 и кто нужен в Big Data",
        "description": "Наша команда за короткое время прошла дистанцию от десятка сотрудников до целого подразделения почти в 200 человек и мы хотим поделиться некоторыми вехами из этого пути. Плюс порассуждаем о том, кто именно сейчас нужен в big data и каков реальный порог входа.",
        "data": "2019-05-08, 17:40",
        "rating": 4
    },
    {
        "title": "Как мы делали мониторинг сети на 14 000 объектов",
        "description": "У нас было 14 000 объектов, zabbix, api, python и нежелание добавлять объекты руками. Под катом — о том, как сетевиками внедрялся мониторинг с автоматическим добавлением узлов сети, и немного про боль, через которую пришлось пройти.\n\nСтатья больше ориентирована на сетевых инженеров с небольшим опытом в python. В помощь при автоматизации мониторинга и улучшения качества жизни и работы, в отсутствии необходимости руками актуализировать весь парк объектов.",
        "data": "2019-02-04, 11:00",
        "rating": 26
    },
    {
        "title": "Highload++: Как помочь ERP-системе справиться с 500 000 запросов в секунду",
        "description": "Мы в X5 обрабатываем много данных в ERP-системе. Есть мнение, что больше нас в SAP ERP и SAP BW в России не обрабатывает никто. Но есть еще один момент – число операций и нагрузка на эту систему увеличивается быстро. 3 года мы «сражались» за производительность нашего ERP-тяжеловеса, набили немало шишек, а какими методами их лечили, рассказываем под катом.",
        "data": "2018-12-07, 16:00",
        "rating": 34
    },
    {
        "title": "Как мы учили машину говорить с миллионами людей",
        "description": "Маркетинг в Х5 – это большие объемы данных. «Пятёрочка», например, отправляет более 30 млн коммуникаций каждый месяц, и это число постоянно растёт. Одному клиенту одновременно можно отправить несколько предложений, и важно правильно выбрать, какие именно. Акции магазина должны быть интересны клиенту и экономически обоснованы для ритейлера. В этом посте расскажем, как мы начали определять действительно востребованные предложения с помощью машинного обучения и исключать эффект спама.",
        "data": "2018-11-16, 15:46",
        "rating": 2
    }
]