[
    {
        "title": "Путь филолога в ИТ: шла куда попало, пришла в техническое писательство",
        "description": "Текст статьи не удалось получить",
        "data": "2023-06-08, 11:00",
        "rating": 3
    },
    {
        "title": "Как отделаться «малой кровью» при компрометации секретных ключей",
        "description": "Текст статьи не удалось получить",
        "data": "2023-06-01, 11:34",
        "rating": 7
    },
    {
        "title": "Как найти черную кошку в темной комнате? Определяем местонахождение носителей данных в пределах контролируемой зоны",
        "description": "Текст статьи не удалось получить",
        "data": "2023-04-27, 10:11",
        "rating": 6
    },
    {
        "title": "Как я искала junior-технического писателя: чего не стоит писать в резюме",
        "description": "Текст статьи не удалось получить",
        "data": "2023-04-13, 13:23",
        "rating": 3
    },
    {
        "title": "Flamingo, Go ahead! или Как реализовать DDD в Go?",
        "description": "Текст статьи не удалось получить",
        "data": "2022-12-27, 17:31",
        "rating": 3
    },
    {
        "title": "Возможности реализации 2ФА в ОС Linux",
        "description": "Текст статьи не удалось получить",
        "data": "2022-11-24, 17:03",
        "rating": 4
    },
    {
        "title": "В отпуск или поработаем?",
        "description": "Текст статьи не удалось получить",
        "data": "2022-04-25, 13:34",
        "rating": 2
    },
    {
        "title": "ТОП-9 фильмов, к сценарию которых ИБ-экспертов не допустили",
        "description": "Текст статьи не удалось получить",
        "data": "2022-02-17, 15:10",
        "rating": 30
    },
    {
        "title": "Развитие систем криптографической защиты информации в IoT (часть 2-я)",
        "description": "Текст статьи не удалось получить",
        "data": "2021-11-29, 11:23",
        "rating": 4
    },
    {
        "title": "Развитие систем криптографической защиты информации в IoT (часть 1-я)",
        "description": "Текст статьи не удалось получить",
        "data": "2021-10-28, 14:23",
        "rating": 6
    },
    {
        "title": "Модифицируем процесс загрузки с помощью утилиты make-initrd",
        "description": "Текст статьи не удалось получить",
        "data": "2021-10-11, 15:01",
        "rating": 10
    },
    {
        "title": "Рутокен VPN в opensource – для кого, зачем и почему?",
        "description": "Текст статьи не удалось получить",
        "data": "2021-09-16, 15:39",
        "rating": 13
    },
    {
        "title": "PKCS#11 для самых маленьких",
        "description": "Текст статьи не удалось получить",
        "data": "2021-03-03, 06:34",
        "rating": 8
    },
    {
        "title": "Как мы снимаем видеоинструкции для решений Рутокен",
        "description": "Текст статьи не удалось получить",
        "data": "2021-01-20, 09:23",
        "rating": 8
    },
    {
        "title": "Внешний вид и скриншоты в пользовательской документации. Как надо и не надо делать",
        "description": "Люди читают пользовательскую документацию, когда самостоятельно не могут с чем-то разобраться. Они не делают это для развлечения. И эмоции, которые преобладают в этот момент, далеко не всегда позитивные. Как разработчик пользовательской документации может помочь пользователю? Что ему необходимо учитывать при написании документа?",
        "data": "2020-10-26, 10:12",
        "rating": 26
    },
    {
        "title": "Как заголовок и навигация в документации помогают минимизировать стресс пользователя",
        "description": "Все мы рано или поздно оказываемся один на один со сложной информационной системой, а ведь далеко не каждый интерфейс позволяют нам быстро найти и выполнить нужную процедуру. В такой ситуации события могут развиваться по одному из двух сценариев:\n\nПервый. Перед вами система и 5 минут на то, чтобы выполнить в ней необходимую процедуру.",
        "data": "2020-09-18, 15:36",
        "rating": 6
    },
    {
        "title": "Как мы в «Активе» пишем пользовательскую документацию. Почему это важно",
        "description": "Что пользователь хочет видеть в пользовательской документации? Что его в ней раздражает? Эти вопросы задаёт себе каждый, кто пишет такую документацию, но далеко не каждый правильно отвечает на них. Совсем небольшой процент пользователей читает документацию. Давайте разберёмся, почему так и как сделать пользовательскую документацию эффективной и изменить отношение пользователей к ней.",
        "data": "2020-07-14, 05:51",
        "rating": 8
    },
    {
        "title": "Настройка аутентификации в сети L2TP с помощью Рутокен ЭЦП 2.0 и Рутокен PKI",
        "description": "Проблематика\n\nЕщё совсем недавно многие не знали, как это — работать из дома. Пандемия резко изменила ситуацию в мире, все начали адаптироваться к сложившимся обстоятельствам, а именно к тому, что выходить из дома стало просто небезопасно. И многим пришлось быстро организовывать работу из дома для своих сотрудников.\n\nОднако отсутствие грамотного подхода в выборе решений для удалённой работы может привести к необратимым потерям. Пароли пользователей могут быть украдены, а это даст возможность злоумышленнику бесконтрольно подключаться к сети и ИТ-ресурсам предприятия.\n\nИменно поэтому сейчас выросла потребность в создании надёжных корпоративных VPN сетей. Я расскажу вам о надёжной, безопасной и простой в использовании VPN сети.\n\nОна работает по схеме IPsec/L2TP, использующей для аутентификации клиентов неизвлекаемые ключи и сертификаты, хранящиеся на токенах, а также передает данные по сети в зашифрованном виде.",
        "data": "2020-06-11, 16:32",
        "rating": 5
    },
    {
        "title": "Как подписывать почтовую переписку GPG-ключом, используя PKCS#11-токены",
        "description": "Современные почтовые сервисы из года в год совершенствуют свою систему безопасности. Сначала появились механизмы аутентификации через СМС, сейчас уже совершенствуются механизмы машинного обучения для анализа подозрительной активности в почтовом ящике.\nА что если кто-то получил заветный пароль от вашей почты и начал читать все ваши тайные переписки, а также писать направо-налево какую-то белиберду. Как добавить дополнительный уровень защиты и на этот случай? На помощь приходят GPG и смарт-карты.",
        "data": "2020-03-05, 16:10",
        "rating": 10
    },
    {
        "title": "Шифрование TLS-трафика по алгоритмам ГОСТ-2012 c Stunnel",
        "description": "В этой статье я хочу показать, как настроить Stunnel на использование российских криптографических алгоритмов в протоколе TLS. В качестве бонуса покажу, как шифровать TLS-канал, используя алгоритмы ГОСТ, реализованные в криптоядре Рутокен ЭЦП 2.0.\n\nНо для начала давайте вообще разберёмся для чего нужен Stunnel. В двух словах — это программа, на которую можно переложить всю логику шифрования трафика между сервером и клиентом. Делается это следующем образом: допустим у вас есть клиент и сервер, которые общаются между собой без использования шифрования, аутентификации и проверки целостности. Вы могли бы переписать клиент и сервер так, чтобы все исходящие и входящие сообщения передавались между собой с учётом всех этих моментов, но для чего такие сложности, если можно это просто переложить на плечи другому приложения? Для решения такой задачи как раз подойдёт Stunnel.",
        "data": "2019-12-12, 14:02",
        "rating": 5
    },
    {
        "title": "Как настроить Linux для входа в домен с использованием алгоритмов ГОСТ",
        "description": "Введение\n\n\nПротокол Kerberos 5 сейчас активно используется для аутентификации. Особенностью данного протокола является то, что он осуществляет аутентификацию, базируясь на четырех китах:\n\nСимметричное шифрование;\nХеширование;\nЭЦП;\nТретья доверенная сторона.\n\nНачиная с пятой версии появилась возможность использовать еще асимметричное шифрование (для электронной подписи). Более подробно на работе протокола Kerberos останавливаться не имеет смысла, ибо описание алгоритма можно посмотреть тут.\n\nК сожалению, количество алгоритмов шифрования, хеширования и ЭЦП, которые использует данный протокол, не настолько велико, насколько хотелось бы, поэтому в данной статье я хочу показать, как добавить легко и просто собственные алгоритмы в реализацию данного протокола MIT'ом. Добавлять же мы будем наши отечественные алгоритмы: ГОСТ 28147-89 (aka Магма), ГОСТ Р 34.11-2012 (aka Стрибог) и ГОСТ Р 34.10-2012 (хотелось бы тоже иметь для него aka, но я не знаю:(). Готовое решение для данных алгоритмов можно его найти в моем репозитории. На стороне клиента мы будем использовать аппаратные реализации алгоритмов ГОСТ в Рутокене ЭЦП 2.0 и их программные реализации в engine GOST для openssl. Но самый безопасный вариант хранения ключей – когда они генерируются непосредственно на Рутокене и никогда не покидают его память во время криптографических операций. Для такого варианта работы потребуется rtengine.",
        "data": "2019-09-20, 16:50",
        "rating": 23
    },
    {
        "title": "Как использовать PAM-модули для локальной аутентификации в Linux по ключам ГОСТ-2012 на Рутокене",
        "description": "Простые пароли не защищают, а сложные невозможно запомнить. Поэтому они так часто оказываются на стикере под клавиатурой или на мониторе. Чтобы пароли оставались в головах “забывчивых” пользователей и надёжность защиты не терялась – есть двухфакторная аутентификация (2ФА).",
        "data": "2019-07-25, 14:52",
        "rating": 8
    },
    {
        "title": "Двухфакторная аутентификация на сайте с использованием USB-токена. Теперь и для Linux",
        "description": "В одной из наших предыдущих статей мы рассказывали про важность двухфакторной аутентификации на корпоративных порталах компаний. В прошлый раз мы продемонстрировали, как настроить безопасную аутентификацию в web-сервере IIS.\n\nВ комментариях нас просили написать инструкцию для самых распространенных web-серверов под Linux — nginx и Apache.\n\nВы просили — мы написали.",
        "data": "2019-06-27, 16:07",
        "rating": 18
    },
    {
        "title": "Что необходимо сделать, чтобы вашу учетную запись Google не украли",
        "description": "Корпорация Google опубликовала исследование «Насколько эффективна базовая гигиена учетной записи для предотвращения её кражи» о том, что может сделать владелец учетной записи, чтобы её не украли злоумышленники. Представляем вашему вниманию перевод этого исследования.\nПравда самый эффективный способ, который используется в самой Google, в отчет не включили. Пришлось мне самому написать об этом способе в конце.\n\nКаждый день мы защищаем пользователей от сотен тысяч попыток взлома аккаунтов. Большинство атак исходит от автоматических ботов с доступом к сторонним системам взлома паролей, но также присутствуют фишинговые и целевые атаки. Ранее мы рассказывали, как всего пять простых шагов, таких как добавление номера телефона, могут помочь вам обезопасить себя, но теперь мы хотим доказать это на практике.",
        "data": "2019-05-24, 12:52",
        "rating": 7
    },
    {
        "title": "Так что же будет с аутентификацией и паролями? Вторая часть отчета Javelin «Состояние строгой аутентификации»",
        "description": "Недавно исследовательская компания «Javelin Strategy & Research» опубликовала отчёт «The State of Strong Authentication 2019». Его создатели собрали информацию о том какие способы аутентификации используются в корпоративной среде и пользовательских приложениях, а также сделали любопытные выводы о будущем строгой аутентификации.\n\nПеревод первой части с выводами авторов отчета, мы уже публиковали на Хабре. А сейчас представляем вашему вниманию вторую часть — с данными и графиками.",
        "data": "2019-05-17, 15:17",
        "rating": 18
    },
    {
        "title": "Что будет с аутентификацией и паролями? Перевод отчета Javelin «Состояние строгой аутентификации» с комментариями",
        "description": "Спойлер из заголовка отчета «Количество случаев использования строгой аутентификации выросло благодаря угрозам новых рисков и требованиям регуляторов».\nИсследовательская компания «Javelin Strategy & Research» опубликовала отчёт «The State of Strong Authentication 2019» ( оригинал в формате pdf можно скачать тут). В этом отчете написано: какой процент американских и европейских компаний используют пароли (и почему пароли сейчас мало кто использует); почему так быстро растет процент использования двухфакторной аутентификации на основе криптографических токенов; почему одноразовые коды, отправляемые по SMS, небезопасны.\n\nВсем, кого интересует тема настоящего, прошлого и будущего аутентификации на предприятиях и в пользовательских приложениях — добро пожаловать.\n\nВторая часть отчета",
        "data": "2019-04-29, 16:00",
        "rating": 23
    },
    {
        "title": "3 доклада с РусКрипто: конференции со стажем",
        "description": "Почти 20 лет мы участвуем и поддерживаем в статусе спонсора конференцию РусКрипто. Её основная цель ─ развитие рынка российской коммерческой криптографии и информационной безопасности.",
        "data": "2019-04-25, 13:22",
        "rating": 9
    },
    {
        "title": "Must-have плагины и несколько полезностей для С\\С++ разработки в VS Code",
        "description": "Удивительно, но до сих пор на Хабре нет хорошей подборки плагинов для Visual Studio Code для тех, кто пишет на С/С++. Microsoft в своем блоге опубликовали только статью, совсем базового уровня с инструкцией по настройке. Но большинство читателей Хабра, тем более из разработчиков, обойдется без такой подробной инструкции. Есть только несколько подборок для веб-разработчиков, но не для С++.\n\nНаверное это связано с тем, что большинство С++ разработчиков использует тяжеловесные IDE, в первую очередь конечно же Visual Studio.\n\nНо в Linux и MacOS с полноценными IDE всё не так просто, да и тяжелая среда разработки не всегда нужна или просто не хочется ее использовать.\n\nЯ же хочу обратить ваше внимание на полезные плагины, которые облегчают жизнь и работу, а также рассказать про полезные настройки и особенности VS Code, которые вы могли просто упустить.",
        "data": "2019-02-15, 11:58",
        "rating": 14
    },
    {
        "title": "Герои двухфакторной аутентификации, часть вторая",
        "description": "Недавно в первой части статьи, мы рассказали, что были удивлены, как мало компаний считают отсутствие двухфакторной аутентификации серьезной угрозой информационной безопасности.\n\nЧтобы понять причины, мы составили четыре описания лиц принимающих решения — двух директоров и двух руководителей ИТ-отделов, по одному для крупной и средней компаний. С помощью этих психологических портретов мы и попытаемся понять причину легкомысленного отношения к ИБ компании.\n\nВ прошлый раз мы рассмотрели директора ИТ-департамента НПЗ «ФлайТек», а сегодня пришла пора познакомиться с его руководителем (и остальными двумя персонажами).",
        "data": "2019-01-30, 10:44",
        "rating": 15
    },
    {
        "title": "Герои двухфакторной аутентификации, или как «походить в чужих ботинках»",
        "description": "Наверное скажу банальность, но люди устроены очень странно (а ИТ-шники вдвойне). Они живо интересуются маркетинговыми новинками и рвутся их внедрять, но при этом равнодушно проходят мимо технологий, которые на самом деле могут защитить их компании от реального вреда.\n\nВозьмем для примера технологию двухфакторной аутентификации (2FA). Обычные пароли злоумышленник легко может подсмотреть и/или украсть (что очень часто и происходит), а затем войти в систему под правами легального пользователя. Причем сам пользователь скорее всего не догадается о факте кражи пароля до наступления неприятных (а иногда и весьма тяжелых) последствий.\n\nИ это при том, что практически ни для кого не является откровением тот факт, что использование методов двухфакторной аутентификации позволит сильно сократить, вероятность наступления каких-то тяжелых последствий, а то и полностью от них защититься.\n\nПод катом мы расскажем как попытались представить себя на месте лиц, принимающих решение о внедрении 2FA в организации, и поняли, как их заинтересовать.",
        "data": "2019-01-24, 15:54",
        "rating": 9
    },
    {
        "title": "Система согласования. Как мы велосипед изобретали",
        "description": "Продолжаем рассказывать о том, как мы улучшаем жизнь не только нашим клиентам и партнерам, но и сотрудникам компании. Речь пойдет о внедрении системы согласования. Сознательно не указал согласования “чего”, так как в дальнейшем станет понятно, что чисто теоретически, согласования “всего”.",
        "data": "2018-10-19, 15:55",
        "rating": 4
    },
    {
        "title": "Ребенок, интернет и родители. Как избежать ловушек, получить пользу и остаться друзьями?",
        "description": "Screenagers — так с недавних пор в Америке называют подростков. Это слово образовано из двух английских слов: screen (экран) и teenager (тинейджер). Ведь нынешние подростки уже выросли с телефоном в руках.\n\nВ 2016 году там же в Америке сняли документальный фильм с таким названием, его и по сей день показывают родителям и детям по всему миру. В нем наглядно представлены последствия длительного и бесконтрольного использования гаджетов, как они влияют не только на жизнь ребенка, но и на его здоровье.\n\nВ Россию массовое использование гаджетов пришло позже, но на сегодняшний день мы уже догоняем Америку по количеству времени, которое проводим в интернете. А это значит, что данная проблема касается уже нас и наших детей.",
        "data": "2018-09-27, 12:16",
        "rating": 11
    },
    {
        "title": "Двухфакторная аутентификация на сайте с использованием USB-токена. Как сделать вход на служебный портал безопасным?",
        "description": "Хакеры получили доступ к главному почтовому серверу международной компании Deloitte. Учетная запись администратора этого сервера была защищена только паролем.\n\nНезависимый австрийский исследователь Дэвид Винд получил вознаграждение в размере 5 тыс. долларов за обнаружение уязвимости на странице для ввода логина интранета Google.\n\n91% российских компаний скрывают факты утечки данных.\n\nТакие новости почти каждый день можно встретить в новостных лентах Интернета. Это прямое доказательство того, что внутренние сервисы компании обязательно следует защищать.\n\nИ чем крупнее компания, чем больше в ней сотрудников и сложнее внутренняя IT-инфраструктура, тем более актуальной для нее является проблема утечки информации. Какая информация интересна злоумышленникам и как защитить ее?",
        "data": "2018-06-01, 22:14",
        "rating": 3
    },
    {
        "title": "Управление hardware-продуктом: путь тяжелых компромиссов",
        "description": "За последние несколько лет в России появилась и оформилась новая профессия – менеджер по продукту. Конечно, 10 лет назад были специалисты, которые выполняли обязанности менеджера по продукту или эти обязанности были распределены между несколькими людьми. Теперь же на рынке есть немало готовых специалистов, спрос на них, а также масса различных курсов по подготовке, статей на эту тему и так далее.\n\nК сожалению, 99.9% всех этих полезных материалов и курсов относятся к управлению программными продуктами. Более того, большая часть из них сосредоточена на онлайн-сервисах и мобильных приложениях. Они обсуждают MAU и прочие метрики, а также инструменты, которые помогают с ними работать. К сожалению, большая часть этих метрик не работает для корпоративных продуктов или для hardware-продуктов.\n\nИнформации по управлению hardware-продуктами очень мало, попробую это исправить. Начнем с небольшой статьи об отличиях управления hardware-продуктами от управления программными продуктами.",
        "data": "2018-03-31, 10:18",
        "rating": 17
    },
    {
        "title": "Как при помощи токена сделать удаленный доступ более безопасным?",
        "description": "В 2016 году компания Avast решила провести эксперимент над участниками выставки Mobile World Congress. Сотрудники компании создали три открытые Wi-Fi точки в аэропорту возле стенда для регистрации посетителей выставки и назвали их стандартными именами «Starbucks», «MWC Free WiFi» и «Airport_Free_Wifi_AENA». За 4 часа к этим точкам подключились 2000 человек.\n\nВ результате эксперимента был составлен доклад, в котором сотрудники компании Avast проанализировали трафик всех подключившихся к открытым Wi-Fi точкам людей. Также была раскрыта личная информация 63% подключившихся: логины, пароли, адреса электронной почты и т.п. Если бы не представленный на выставке доклад, то участники эксперимента никогда бы и не поняли того, что кто-то получил доступ к их данным.\n\nМы подключаемся к сети своей компании из дома, гостиницы или кафе и даже не понимаем, какой ущерб можем ей нанести.",
        "data": "2017-12-05, 16:06",
        "rating": 5
    },
    {
        "title": "Аппаратные кошельки для Bitcoin",
        "description": "Продолжаем разбираться с различными кошельками для криптовалют. В прошлый раз я немного покопался в программных кошельках, а сегодня расскажу немного об аппаратных. В начале небольшая напоминалка.\n\nПод кошельками в криптовалютах понимают одновременно:\n\nнабор ключей для доступа к деньгам;\nпрограммы, которые управляют этими ключами и позволяют вам проводить транзакции в сети криптовалюты.\n\nЧтобы не путаться, когда будем говорить о наборе ключей, я буду использовать термин «закрытый ключ». Хотя все мы понимаем, что в ключевой паре есть еще и открытый, а также то, что самих пар может быть несколько.\n\nБудем говорить про кошелек именно как про средство управления, хранения и проведения транзакций. Без кошелька вы не можете получить, сохранить или потратить ваши биткоины или средства в другой криптовалюте. Кошелек — ваш персональный интерфейс к сети криптовалюты, похожий на банковский аккаунт для фиатной валюты.\n\nИтак, аппаратные кошельки. Начнем с определения. Аппаратные кошельки — это физические устройства, созданные с целью безопасного хранения криптовалюты. Некоторые программные и online-кошельки поддерживают хранение средств на аппаратных кошельках.",
        "data": "2017-11-08, 20:55",
        "rating": 11
    },
    {
        "title": "Программные кошельки для Bitcoin и безопасность",
        "description": "Поговорим немного про кошельки в криптовалютах. Под “криптовалютой”, я, в первую очередь, буду иметь ввиду Bitcoin. В других криптовалютах дело обстоит похожим образом и если вас интересуют детали, то можете покопаться самостоятельно.\n\nНесмотря на продолжающийся хайп вокруг криптовалют и блокчейн как технологии, на мой взгляд, очень мало кто говорит про безопасность этих решений. Все концентрируются на различных плюсах, которые дает технология блокчейн, обсуждают майнинг и скачки курсов криптовалют, в то время как именно безопасность является критически важной, особенно когда речь идет о деньгах или о распределенных реестрах собственности. Вся информация для статьи взята из открытых источников, таких как https://bitcoin.org, https://en.bitcoin.it/wiki, https://bitcointalk.org, https://github.com и других.\n\nНиже будет неглубокий обзор кошельков криптовалют и их безопасности. Чем больше я погружался в эту тему при написании статьи, тем больше удивлялся тому, что в мире происходит так мало взломов и увода средств у пользователей того же Bitcoin. Но обо всем по порядку.",
        "data": "2017-11-02, 07:12",
        "rating": 14
    },
    {
        "title": "Система IEEE Software Taggant: защита от ложных срабатываний антивируса",
        "description": "В этом посте я хочу рассказать о системе IEEE Software Taggant, которую разработала рабочая группа IEEE по вредоносным программам в сотрудничестве с ведущими компаниями по информационной безопасности.\nВ планы команды разработчиков Guardant давно входило добавить поддержку IEEE Software Taggant в протектор Guardant Armor, и вот наконец мы это сделали. Краткий обзор системы и практические выводы перед вами.",
        "data": "2017-08-23, 11:03",
        "rating": 12
    },
    {
        "title": "Скрытые возможности Windows. Как BitLocker поможет защитить данные?",
        "description": "По мнению специалистов, именно кража ноутбука является одной из основных проблем в сфере информационной безопасности (ИБ).\n\nВ отличие от других угроз ИБ, природа проблем «украденный ноутбук» или «украденная флешка» довольно примитивна. И если стоимость исчезнувших устройств редко превышает отметку в несколько тысяч американских долларов, то ценность сохраненной на них информации зачастую измеряется в миллионах.",
        "data": "2017-08-15, 16:59",
        "rating": 18
    },
    {
        "title": "Как «Актив» организовал «электронную переговорку»",
        "description": "Наша компания постоянно растет во всех смыслах этого слова. В какой-то момент мы почувствовали, что вырос не только штат сотрудников, помещений, но и значительно увеличилось количество проводимых встреч, совещаний, обсуждений и презентаций. И переговорные комнаты стали для нас таким же ограниченным ресурсом, как время, люди и т.д.\n\nНо это только половина проблемы. Как всем известно, ресурсами еще нужно уметь грамотно управлять, чтобы не случалось коллизий. Ситуации, когда во время встречи с партнерами, в переговорную врывается руководитель соседнего подразделения со словами “И эта занята!?”, недопустимы.\n\n\nВторой момент – когда под рукой нет инструмента (к примеру, Outlook или его web-интерфейса), чтобы забронировать переговорную комнату, но очень нужно «успеть» захватить ценный ресурс. Для осуществления задуманного, необходимо идти на свое рабочее место и с него осуществлять бронирование. Теперь представим, что у вас нет на это времени, выходя из переговорной комнаты с очередной встречи.\n\nМожно конечно придумать еще различные варианты «почему». Для нас уже этих двух моментов было достаточно, чтобы начать исследования в направлении поиска решения проблемы.",
        "data": "2017-07-28, 14:36",
        "rating": 18
    },
    {
        "title": "Постквантовая реинкарнация алгоритма Диффи-Хеллмана: вероятное будущее (изогении)",
        "description": "Сегодня мы снова поговорим про протокол Диффи-Хеллмана, но уже построенный на более необычных конструкциях — изогениях, которые признаны устойчивыми к атакам на будущем квантовом компьютере. Квантовый компьютер, который сможет удержать в связанном состоянии порядка нескольких тысяч кубит, позволит находить закрытые ключи по открытым ключам у всех используемых сейчас асимметричных криптосистем. Число кубит для взлома RSA равно удвоенному числу бит в модуле (т.е. для разложения на множители модуля RSA длиной 2048 бит потребуется 4096 кубит). Для взлома эллиптических кривых необходимы более скромные мощности «квантового железа»: для решения задачи ECDLP для кривых над простым полем (такие кривые есть и в отечественном стандарте подписи ГОСТ Р 34.10-2012 и в американском ECDSS) c модулем кривой длиной n бит требуется 6n кубит (т. е. для модуля в 256 бит надо ~ 1536 кубит, а для 512 бит ~ 3072 кубит). На днях российско-американская группа ученых установила мировой рекорд, удержав в связанном состоянии 51 кубит. Так что у нас есть еще немного времени для изучения изогений (а также решеток, кодов, multivariate и подписей, основанных на хэшах).\nКстати, изогении считаются одним из наиболее вероятных кандидатов на победу на конкурсе NIST постквантовых алгоритмов для замены RSA и эллиптических кривых в ближайшие несколько лет.",
        "data": "2017-07-17, 16:57",
        "rating": 39
    },
    {
        "title": "Как организовать защищённый доступ при помощи VPN",
        "description": "Кому нужен VPN?\n\nНа март 2017 г. доля вакансий о работе с удаленным доступом, размещенных на hh.ru составляла 1,5% или 13 339 вакансий. За год их число удвоилось. В 2014 г. численность удаленных сотрудников оценивалась в 600 тыс. чел или 1% от экономически-активного населения (15–69 лет). J'son & Partners Consulting прогнозирует, что к 2018 г. около 20% всех занятых россиян будут работать удаленно. Например, до конца 2017 г. Билайн планирует перевести на удаленное сотрудничество от 50% до 70% персонала.\n\nЗачем компании переводят сотрудников на удаленку:\n\nСокращение затрат компании на аренду и содержание рабочих мест.\nОтсутствие привязки к одной локации дает возможность собирать команду\nпроекта, которую никогда нельзя было бы собрать в пределах одного города. Дополнительный плюс – возможность использования более дешевой рабочей силы.\nУдовлетворение потребности сотрудников в связи с их семейными обстоятельствами.\n\nМы для себя открыли потребность в VPN более 10 лет назад. Для нас мотиватором предоставления VPN доступа сотрудникам была возможность оперативного доступа в корпоративную сеть из любой точки мира и в любое время дня и ночи.",
        "data": "2017-07-11, 11:08",
        "rating": 2
    },
    {
        "title": "Безопасная флешка. Миф или реальность",
        "description": "Привет, Хабр! Сегодня мы расскажем вам об одном из простых способов сделать наш мир немного безопаснее.\n\nФлешка — привычный и надежный носитель информации. И несмотря на то, что в последнее время облачные хранилища все больше и больше их вытесняют, флешек все равно продается и покупается очень много. Все-таки не везде есть широкий и стабильный интернет-канал, а в каких-то местах и учреждениях интернет вообще может быть запрещен. Кроме того, нельзя забывать, что значительное количество людей по разным причинам с недоверием относятся к разного рода «облакам».",
        "data": "2017-06-29, 16:08",
        "rating": -8
    },
    {
        "title": "Постквантовая реинкарнация алгоритма Диффи-Хеллмана: прошлое и настоящее",
        "description": "Как известно, последняя революция в криптографии случилась в 1976 году из-за статьи “New Directions in Cryptography” американских ученых Уитфилда Диффи (Whitfield Diffie) и Мартина Хеллмана (Martin Hellman).",
        "data": "2017-06-27, 16:06",
        "rating": 24
    },
    {
        "title": "Как при помощи токена сделать Windows домен безопаснее? Часть 2",
        "description": "Электронная почта является сегодня не просто способом доставки сообщений. Ее смело можно назвать важнейшим средством коммуникации, распределения информации и управления различными процессами в бизнесе. Но всегда ли мы можем быть уверены в корректности и безопасности ее работы?",
        "data": "2017-06-13, 09:23",
        "rating": 8
    },
    {
        "title": "Фишинг «своими руками». Опыт компании «Актив», часть вторая",
        "description": "В первой статье я рассказал о теории вопроса, теперь же от теории перейдем к практике. Итак, мы успешно установили систему, настроили ее и готовы приступить к «фишингу» на собственных сотрудниках :)",
        "data": "2017-06-01, 11:46",
        "rating": 13
    },
    {
        "title": "Фишинг «своими руками». Опыт компании «Актив», часть первая",
        "description": "Спамом в наше время никого не увидишь. Мы к нему привыкли и уже воспринимаем как данность. С другой стороны, спам перестает быть просто рекламой, все больше и больше «писем счастья» являются фишингом. Текст данных писем составляется с целью побудить получателя выполнить то или иное действие.",
        "data": "2017-05-25, 16:40",
        "rating": 14
    },
    {
        "title": "Как при помощи токена сделать Windows домен безопаснее? Часть 1",
        "description": "Кто-то из вас наверняка слышал про инцидент , который был обнародован совсем недавно. Американский производитель полупроводников Allegro MicroSystem LLC подал в суд на своего бывшего IT-специалиста за саботаж. Нимеш Пател, проработавший в компании 14 лет, уничтожил важные финансовые данные в первую неделю нового фискального года.",
        "data": "2017-05-04, 14:41",
        "rating": 9
    },
    {
        "title": "Как я настраивал новые утилиты по работе с электронной подписью в Linux",
        "description": "Поговорим немного про средства электронной подписи (ЭП) с использованием отечественных ГОСТ-алгоритмов в Linux. Несмотря на то, что различные средства и интерфейсы по работе с ЭП в Linux развиты даже лучше, чем в Windows, использовать их не так просто.\n\nТакое положение вещей сохранялось последние несколько лет. Но с конца 2016 года ситуация изменилась в лучшую сторону. Появилось сразу два продукта, которые позволяют работать с электронной подписью по стандарту ГОСТ и шифрованием без использования консоли – это Rosa Crypto Tool и Trusted eSign. Оба эти продукта для работы с криптографией используют «КриптоПро CSP» для Linux. Поэтому, перед тем как обратиться к описанию самих продуктов, поговорим немного про «КриптоПро CSP».",
        "data": "2017-03-09, 09:47",
        "rating": 14
    },
    {
        "title": "Многофакторный LastPass",
        "description": "Относительно недавно у компании LastPass, разработчика одноименного менеджера паролей, произошла утечка данных пользователей и возникла опасность доступа злоумышленников к мастер-паролям (хоть они и не были украдены в открытом виде). Этот инцидент нанес серьезный удар по их имиджу, хотя стоит признать, что такое могло произойти и с любым из их конкурентов.\n\nВпрочем, LastPass предоставляет своим пользователем возможность обеспечить дополнительную защиту в виде многофакторной аутентификации различных видов. Используя несколько факторов для доступа к сохраненным паролям, можно обезопасить себя от утечек мастер-паролей с сервера разработчика.\n\nВ этой статье я хотел бы описать настройку и использование многофакторной аутентификации в менеджере паролей LastPass.",
        "data": "2015-08-02, 22:29",
        "rating": 13
    },
    {
        "title": "Не PKI единым или соцпакеты для сотрудников",
        "description": "Привет, Habrahabr!\nНаша компания известна прежде всего своими решениями в области информационной безопасности. Мы выпускаем такие продукты, как электронные идентификаторы Рутокен и электронные ключи для защиты софта Guardant.\nОбычно наши статьи носят сугубо технический характер, но на этот раз речь пойдет о нашей внутренней системе учета социальных выплат для сотрудников.\n\nНесколько слов о предыстории вопроса. Мы — современная российская ИТ-компания, и, как наверное любая ИТ-компания, мы очень любим все автоматизировать. Помимо прочих, в нашей компании существует компенсация выплат на проезд, походы в театр и фитнес. Долгое время сотрудники были вынуждены собирать и хранить билеты, в нужный день предоставлять их в бухгалтерию, а затем получать свои деньги. В конце концов это процедура нам надоела и мы решили написать максимально простое решение для автоматизации этого процесса. Получившуюся систему мы успешно применяем у себя в компании и сегодня передаем ее в Open source.",
        "data": "2015-07-10, 15:51",
        "rating": 12
    },
    {
        "title": "Выписываем цифровой сертификат и проверяем подпись с помощью BouncyCastle",
        "description": "Флагманским продуктом нашей компании является Рутокен ЭЦП — устройство с российской криптографией «на борту». Для интеграции устройства с браузерами был выпущен Рутокен Плагин. Демонстрацию возможностей плагина можно посмотреть на тестовых площадках. Некоторые из них предполагают работу с цифровыми сертификатами, хранящимися на устройствах. Например, Демо-банк при регистрации пользователей выписывает пользовательский сертификат, а при логине в систему запрашивает его и проверяет. Для реализации данных задач на сервере используется библиотека BouncyCastle.\n\n\nВ данной статье будут рассмотрены примеры ее использования для выписки сертификатов по запросу PKCS#10, а также для проверки подписи CMS, выработанной по российским криптоалгоритмам.",
        "data": "2015-05-29, 13:57",
        "rating": 13
    },
    {
        "title": "Электронная подпись в доверенной среде на базe загрузочной Ubuntu 14.04 LTS и Рутокен ЭЦП Flash",
        "description": "Процедура наложения электронной подписи, призванная обеспечить подтверждение целостности подписанного документа и его авторства, сама по себе может быть небезопасной.\nОсновные атаки на ЭП — это кража ключа и подмена подписываемой информации, а также несанкционированный доступ к средству ЭП (например, USB-токену) посредством кражи его PIN-кода.\n\nРеализуются данные атаки различными способами и на различных уровнях. На уровне ОС это внедрение вредоносного ПО (вирусы, программы-шпионы, руткиты и т.п.), которое способно похищать ключи, PIN-коды и делать подмену документов посредством чтения и/или подмены данных в памяти системного процесса, используя различные механизмы «хака», заложенные в ОС.\nЕсли мы говорим о подписи в браузере, то к данным атакам добавляется возможность проведения атаки man-in-the-middle, направленной на модификацию подписываемых данных на web-странице или на кражу PIN-кода или на перехват secure token для возможности злоумышленнику прикинуться абонентом системы. Кроме того, на сайтах возможна атака типа CSS, обусловленная безалаберностью разработчиков сайта.\n\nОчевидно, что максимально защитить клиента при проведении процедуры ЭП возможно лишь комплексом мер.\nК данным мерам можно отнести:\nприменение для электронной подписи криптографических смарт-карт/USB-токенов с неизвлекаемыми ключами\nиспользование правильной реализации протокола TLS на сайте\nправильное конфигурирование этой правильной реализации протокола TLS\nиспользование специальных аппаратных средств для визуализации подписываемых данных перед наложением подписи (trustscreen)\nкорректная реализация браузерных плагинов и расширений, которые обеспечивают ЭП в браузере\nрегламентирование процедуры подписи для пользователя с учетом встроенных в браузер механизмов безопасности\nпроверка сертификата TLS-сервера пользователем перед ЭП\nзапуск браузерных плагинов и расширений только на доверенном сайте (сейчас правильно настроенные браузеры предупреждают пользователя о запуске)\nввод PIN-кода токена по запросу только доверенного сайта\nреагирование на предупреждение браузера о получении «смешанного» контента — часть по HTTPS, часть по HTTP\nзащита ОС от вредоносного ПО (создание доверенной среды)\n\nНекоторое время назад наша компания выпустила новый Рутокен ЭЦП Flash. Это устройство «два в одном» — криптографический токен и управляемая FLASH-память в едином корпусе. При этом контроллер позволяет настраивать FLASH-память таким образом, что атрибуты настройки нельзя изменить без знания PIN-кода к устройству.\n\nВ данной статье мы сделаем кастомную Ubuntu 14.04 LTS, в которую «упакуем» смарткарточные драйвера и Рутокен Плагин. Эту ОС запишем на FLASH-память Рутокен ЭЦП Flash (USB-live) и специальными средствами сделаем ее read-only, так, что без знания PIN-кода злоумышленник не сможет снять этот атрибут.\n\nТаким образом, получим загрузочное устройство, при загрузке с которого пользователь сразу получит возможность подписи документов в браузере на неизвлекаемых ключах в доверенной среде, целостность которой гарантируется управляющим контроллером USB-токена.",
        "data": "2015-03-23, 17:41",
        "rating": 9
    },
    {
        "title": "Конструируем локальный криптографический TLS-прокси c HTTP API электронной подписи",
        "description": "Электронные торги, госуслуги, системы корпоративного электронного документооборота, дистанционного банковского обслуживания и другие подобные системы находятся в сфере интересов регуляторов и вынуждены использовать российские криптосредства для обеспечения конфиденциальности и юридической значимости.\n\nОсновным средством взаимодействия пользователя и информационной системы медленно, но верно становится браузер.\nЕсли внимательно рассмотреть вопрос интеграции популярных браузеров и российских криптосредств, то вырисовываются следующие проблемы:\nБраузеры используют совершенно различные криптографические библиотеки (MS Crypto API, NSS, openssl). Универсального криптосредства, которое «добавляет» ГОСТы во все эти библиотеки нет\nМеханизмы встраивания многих криптосредств в операционную систему и в браузер «завязаны» на версию ОС. С выходом обновления ОС работоспособность криптосредства может кончиться\nGoogle Chrome отказывается от поддержки плагинов, работающих через NPAPI. А многие российские вендоры криптосредств разработали плагины, используя именно данный механизм\nНа мобильных платформах браузеры не поддерживают плагины\n\n\nВ данной ситуации наиболее универсальным решением представляется вынести реализацию TLS-ГОСТ и функций ЭЦП в отдельное сетевое приложение, которое принимает запросы от браузера на localhost, позволяет «туннелировать» соединения между браузером и удаленными web-серверами (real proxy), а также предоставляет HTTP API для функционала ЭЦП, работы с сертификатами, токенами и т.п.\nНе скажу, что идея является новой, но давайте попробуем сделать некоторый конструктор для ее реализации.\n\nДеталями конструктора будут:\nnginx в режиме reverse proxy\nphp, php-cgi\nstunnel\nopenssl\nРутокен ЭЦП Flash\nengine pkcs11_gost\nбиблиотека pkcs#11\nC++ библиотека PKI-Core\n\n\nЛюбители модульных архитектурных экпериментальных решений приглашаются под кат.",
        "data": "2015-03-02, 14:54",
        "rating": 4
    },
    {
        "title": "Библиотека для встраивания электронной подписи в приложения С++",
        "description": "Наша компания продолжает развивать линейку библиотек, которые позволяют встраивать электронную подпись с использованием российских криптоалгоритмов в информационные системы различного типа.\n\nНекоторое время назад мы поддержали Рутокен ЭЦП в openssl, затем выпустили кроссплатформенный плагин для браузера, а теперь сделали высокоуровневую криптобиблиотеку для встраивания в С++ приложения.\n\nКонцептуально данные решения выполнены идентично: используется аппаратная реализация российских криптоалгоритмов на чипе Рутокен ЭЦП, обеспечивается поддержка цифровых сертификатов X.509, запросов на сертификаты PKCS#10, подписанных и зашифрованных сообщений CMS.\n\nНовая библиотека пригодится тем, кто пишет «толстые клиенты», десктопные приложения, свои браузерные плагины и т.п.\n\nПоддерживаемые устройства:\nUSB-токен Рутокен ЭЦП\nСмарт-карта Рутокен ЭЦП\nBluetooth-токен Рутокен ЭЦП\nTrustscreen-устройство Рутокен PINPad\nUSB-токен Рутокен WEB (HID)\n\n\nОсновные сценарии применения библиотеки с примерами кода под катом.",
        "data": "2015-02-10, 13:36",
        "rating": 8
    },
    {
        "title": "Встраивание электронной подписи в системы с WEB-интерфейсом с помощью браузерного плагина и openssl",
        "description": "Несколько лет назад нашей компанией был выпущен продукт Рутокен Плагин, который предназначен для встраивания электронной подписи в системы с web-интерфейсом. Основываясь на полученном опыте интеграции продукта в реальные проекты мне хочется отметить, что нередко разработчики для реализации серверной части предпочитают использовать поддерживающий российские криптоалгоритмы openssl.\n\nВ данной статье будет расписана типичная схема подобной интеграции, основанная на следующих сценариях использования плагина:\n\nРегистрация на портале (с выдачей сертификата или по имеющемуся сертификату)\nСтрогая аутентификация на портале\nЭлектронная подпись данных и/или файлов в формате CMS\nШифрование данных и/или файлов в формате CMS\n\n\nДанные сценарии предполагают клиент-серверное взаимодействие, написание клиентских скриптов на JavaScript и соответствующих им серверных вызовов openssl.\n\nПодробности под катом.",
        "data": "2014-12-26, 16:23",
        "rating": 16
    },
    {
        "title": "Криптографические решения. От облачной подписи к доверенной среде",
        "description": "Данная статья является продолжением статьи «Криптографические решения. От криптопровайдеров до браузерных плагинов» и охватывает криптографические решения:\n\nоблачная подпись\nотдельные браузеры с российской криптографией\nотдельные почтовые клиенты с российской криптографией\nроссийская криптография в фреймворках, платформах, интерпретаторах\nнастольные криптографические приложения\nсредства формирования доверенной среды",
        "data": "2014-12-19, 18:11",
        "rating": 11
    },
    {
        "title": "YotaPhone 2: инновации и безопасность",
        "description": "2 декабря в МСИ «Гараж» в Парке Горького состоялась презентация YotaPhone 2. Компания «Актив», в которой я работаю, является технологическим партнером YotaDevices, поэтому мне удалось приобщиться к новому смартфону еще до презентации. Как приверженец платформы iOS я весьма прохладно отнесся к появлению этого девайса, но все же приписываемая ему инновационность вызывала любопытство.\n\n\nПодробности под катом",
        "data": "2014-12-09, 14:39",
        "rating": -6
    },
    {
        "title": "Криптографические решения. От криптопровайдеров до браузерных плагинов",
        "description": "Производители средств криптографической защиты информации (СКЗИ) предлагают различные механизмы для интеграции криптосредств в информационные системы. Существуют решения, ориентированные на поддержку систем с Web-интерфейсом, мобильных и десктопных приложений, серверных компонентов. СКЗИ интегрируются в приложения Microsoft и в продукты Open Source, обеспечивают поддержку различных прикладных протоколов и форматов электронной подписи.\n\nС учетом растущего количества проектов с применением ЭЦП и появления массовых проектов для физических лиц, разработчикам подобных проектов требуется хорошо ориентироваться в предлагаемых производителями решениях по ЭЦП для того, чтобы сделать систему удобной в эксплуатации и недорогой в плане техподдержки. Таким образом, если еще лет 5 назад главным фактором выбора криптосредства являлось его полное соответствие требованиям регуляторов, то при сегодняшнем разнообразии важными критериями могут выступать охват поддерживаемых платформ, возможность интеграции с браузером, поддержка мобильных пользователей, возможность установки без прав системного администратора и т.п.\n\nВ данном материале сделана попытка классифицировать средства криптографической защиты информации.\nРассмотрены в основном СКЗИ, использующиеся на клиентских местах для защиты клиент-серверных соединений по протоколу TLS, для организации ЭЦП, шифрования передаваемых данных;\nНе рассматриваются СКЗИ, применяемые для создания VPN и шифрования файловой системы, хранимых данных, а так же УЦ;\nОтдельно выделены аппаратные криптографические устройства.\n\nКлассификация построена на основе:\nтехнологий интеграции (CryptoAPI, Active-X, NPAPI и др.), которые поддерживают СКЗИ для встраивания в приложения и прикладные системы;\nинтерфейсов, которые предоставляют СКЗИ для встраивания в приложения и прикладные системы.\n\nКроме того, показаны способы интеграции СКЗИ с Web-приложениями и возможность его использования на мобильных платформах\n\nОбщая схема классификации приведена в таблице:\nКриптопровайдеры Нативные библиотеки (openssl-style, PKCS#11, NSS, собственные интерфейсы) Локальные прокси Браузерные плагины Облачная подпись Браузеры с российской криптографией\nПочтовые клиенты с российской криптографией Российская криптография в фреймворках, платформах, интерпретаторах Настольные криптографические приложения Криптография в BIOS UEFI Сервис-провайдеры ЭЦП Эмуляторы доверенной среды\nАппаратные средства\n\nВ первой статье рассмотрим решения, начиная с криптопровайдеров по браузерные плагины включительно. В последующих статьях будут рассмотрены остальные средства.",
        "data": "2014-10-27, 19:01",
        "rating": 11
    },
    {
        "title": "YotaPhone, Android и немного криптографии",
        "description": "Привет, Хабр!\n\nПо акции YotaDevices к нам в компанию попал тот самый Йо́тафон для опытов.\nОбзоров по дизайну/производительности/качеству камеры/зачем_вообще_это_сделали было достаточно много, да и мы, собственно, не задавались целью написать очередной.\nИнтересно было другое — показать возможность интеграции современного смартфона на базе Android с современными средствами криптографической защиты информации.\n\n\n\nПодробности под катом",
        "data": "2014-04-28, 16:49",
        "rating": 2
    },
    {
        "title": "Щит и меч в системах ДБО – 2, или как бороться с MITM-атаками и несанкционированным удаленным доступом",
        "description": "В январе 2013 мы уже писали про универсальное решение для систем ДБО. За прошедший год был совершен ряд переработок, направленных на совершенствование защиты от хищений и увеличение юзабилити.\n\nЗаняться этим нас подвигло резкое увеличение числа атак на системы ДБО, связанных с использованием удаленного доступа к компьютерам пользователей. К сожалению, при таком виде атаки, обычная двухфакторная аутентификация никак не способна защитить финансовые активы компании. Очевидной мерой противодействия является необходимость создания доверенной среды с невозможностью применения средств удаленного управления.\n\nИтак, напомним, что такое Рутокен PINPad. Это решение класса TrustScreen, способное формировать доверенную среду и визуализировать подписываемый документ перед наложением электронной подписи. Подпись происходит непосредственно на самом устройстве после физического нажатия пользователем соответствующей кнопки на экране. Таким образом, мы защищаемся от атак, совершаемых при помощи средств удаленного управления, подмены содержимого документа при передаче его на подпись (Man-in-the-browser).",
        "data": "2014-03-17, 17:51",
        "rating": 13
    },
    {
        "title": "Аппаратная защита от пиратства на Windows RT 8.1",
        "description": "Читая небольшую заметку на известном новостном ресурсе, увидел забавное вступление: «Новые планшеты Microsoft как будто созданы для того, чтобы их не покупать». Сомнительное, на мой взгляд, высказывание все же подкреплено нелегкой участью первой версии Surface RT и удивительной похожестью на него нового Surface 2. Однако, наша компания всегда в первую очередь шла на поводу клиентов.\n\nСуть данной статьи, которая может показаться читателям Хабра немного провокационной, заключается в следующем: в конце 2013 года мы представляем новый продукт – электронный ключ Guardant Code micro для защиты приложений на Windows RT от пиратства. Кто-то, возможно, уже крутит пальцем у виска, но мы действительно предлагаем разработчикам серьезных (!) приложений под Windows RT защитить свой софт с помощью аппаратного ключа.\n\nВ статье вы узнаете:\n1. Зачем нам понадобилась Windows RT 8.1 и чем плоха первая Windows RT с точки зрения наших задач\n2. Как вся эта конструкция работает\n3. Как ограниченность архитектуры не позволила нам обеспечить поддержку электронного ключа в виде microSD-карты\n4. … и какими костылями ее можно обойти",
        "data": "2013-10-25, 13:02",
        "rating": 18
    },
    {
        "title": "Форматы электронной подписи",
        "description": "Статья посвящена обзору стандартов СMS (Cryptographic Message Syntax) для подписанных сообщений.\n\nДля чего нужен CMS\n\nСтандарт CMS описывает структуру криптографических сообщений, включающих в себя защищенные данные вместе со сведениями, необходимыми для их корректного открытия или использования. Например, в сообщении размещаются защищенные данные, информация об алгоритме хеширования и подписи, времени подписи, сертификате открытого ключа, цепочке сертификации и т.д. Некоторые из указанных атрибутов носят опциональный характер, но приложение может само определить необходимость их наличия. У каждого алгоритма есть набор параметров, который должен быть согласован на обеих сторонах: для ГОСТ 34.10-2001, помимо открытого ключа, это модуль p, коэффициенты эллиптической кривой a и b и порядок циклической подгруппы точек эллиптической кривой q. И все это нужно каким-то образом передать адресату сообщения.",
        "data": "2013-08-29, 14:58",
        "rating": 17
    },
    {
        "title": "Аутентификация по-новому, или суперкуки",
        "description": "На сегодняшний день идея ухода от паролей и традиционных методов аутентификации на веб-ресурсах поднимается все чаще, причем этим озаботились такие гиганты IT-индустрии, как Google, Paypal и другие члены альянса FIDO. В рамках научных исследований, проводимых сотрудниками Google, были предложены способы усовершенствования методов аутентификации, а также черновик стандарта расширения TLS, позволяющего избавиться от использования cookies.\n\nВ данной статье я расскажу о проблемах традиционных схем аутентификации, о подводных камнях при введении двухэтапной аутентификации и рассмотрю предложенный стандарт расширения TLS. Текст статьи будет полезен веб-разработчикам, планирующим встроить двухэтапную аутентификацию.",
        "data": "2013-07-02, 13:11",
        "rating": 34
    },
    {
        "title": "Берем под контроль криптографию в облачном хранилище MEGA",
        "description": "После запуска в какой-то мере скандального сервиса MEGA разговоры о его защищенности немного побурлили и затихли. На сегодняшний день сервис живет своей жизнью и его никто даже не поломал. Из всех разговоров почему-то был упущен термин «User Controlled Encryption» (UCE, или Контролируемая пользователем криптография), которой кичится MEGA. Под словом «упущен» я подразумеваю тот факт, что мы не рассмотрели все возможности, которые дает нам криптографический движок, выполняющийся в JavaScript на стороне клиента.\n\nКонечно, сам сервис MEGA под этим подразумевает всего лишь то, что ключи шифрования не хранятся на сервере, а вся их криптография выполняется в контексте браузера. При этом после запуска сервиса было много разговоров о том, что в нем используются нестойкие криптографические алгоритмы и что вообще все плохо и мы все умрем, а наши файлы прочитает ФСБ. Это подтолкнуло меня на мысль расширить понятие «UCE» и действительно взять криптографию под свой контроль, а именно — заменить или дополнить некоторые механизмы обеспечения безопасности сервиса.\n\nВ этой статье я частично разложу по полочкам магию, которая происходит в двух мегабайтах JavaScript-кода MEGA и покажу, как можно переопределить некоторые методы, чтобы перестать волноваться и полюбить криптографию. В результате мы получим сервис облачного хранения файлов с двухфакторной аутентификацией и аппаратным шифрованием критически важной информации.",
        "data": "2013-04-15, 18:07",
        "rating": 129
    },
    {
        "title": "Настройка Kerberos-аутентификации с использованием смарт-карт",
        "description": "В продолжение давней темы про использование двухфакторной аутентификации в ОС GNU/Linux позвольте рассказать про схему работы и настройку аутентификации с помощью Kerberos. В этой статье мы рассмотрим процесс настройки MIT Kerberos для аутентификации пользователей по сертификатам и ключевым парам, находящимся на USB-токене. Также материалы, изложенные в статье, можно использовать для настройки аутентификации в домене Windows.",
        "data": "2013-02-27, 16:05",
        "rating": 13
    },
    {
        "title": "Разработка и применение модуля PAM для аутентификации в Astra Linux с использованием Рутокен ЭЦП и Рутокен S",
        "description": "В этой статье мне бы хотелось рассказать о том, как приложения в Linux могут использовать систему Подключаемых Модулей Безопасности (Pluggable Authentication Modules) для прозрачной аутентификации пользователей. Мы немного покопаемся в истории развития механизмов аутентификации в Linux, разберемся с системой настроек PAM и разберем исходный код модуля аутентификации pam_p11, который позволяет проводить аутентификацию пользователей по смарт-картам.\nВ конце статьи мы рассмотрим на практике настройку и работу модуля аутентификации в сертифицированном по 3 классу защищенности СВТ и 2 уровню контроля отсутствия недекларированных возможностей дистрибутиве Astra Linux для аутентификации по USB-токенам Рутокен ЭЦП и Рутокен S. Учитывая то, что Рутокен S имеет сертификаты ФСТЭК по НДВ 3, а Рутокен ЭЦП по НДВ 4, это решение может применяться в информационных системах, обрабатывающих конфиденциальную информацию, вплоть до информации с грифом «С».",
        "data": "2012-05-28, 14:35",
        "rating": 19
    },
    {
        "title": "Аутентификация на Asp.net сайтах с помощью Rutoken WEB",
        "description": "Решение Рутокен WEB позволяет реализовать строгую аутентификацию для web-ресурсов, используя электронную подпись по ГОСТ Р 34-10.2001. Более подробно про алгоритмы можно прочитать в этой статье. Здесь покажем как сделан действующий вариант использования Рутокен WEB на сайтах под управлением Asp.net и приведем инструкцию по сборке.\n\nСделать так, чтобы все работало, действительно просто.",
        "data": "2012-04-27, 14:05",
        "rating": 19
    },
    {
        "title": "Рутокен ЭЦП и Open Source",
        "description": "Мне нравится современный Open Source. Нравится не как идея, а с вполне прагматической точки зрения. Фактом является то, что компания любого масштаба может использовать Open Source приложения в своей информационной системе и получить в результате кроссплатформенные, удобные и бесплатные решения практически любых проблем.\n\nМы прилагаем много усилий, чтобы «подружить» Рутокен ЭЦП и различные приложения Open Source. Для этой цели мы добавили поддержку российских криптоалгоритмов (ГОСТ 28147-89, ГОСТ Р 34-11.94 и ГОСТ Р 34-10.2001) и устройств Рутокен и Рутокен ЭЦП в проект OpenSC, а также разработали свою собственную кроссплатформенную библиотеку PKCS#11, работающую на операционных системах Microsoft Windows, GNU/Linux, Mac OS X, FreeBSD и др.",
        "data": "2012-03-01, 13:40",
        "rating": 21
    },
    {
        "title": "Эволюция систем защиты на электронных ключах",
        "description": "Эта статья посвящена развитию систем защиты на аппаратных ключах, видам атак, с которыми пришлось столкнуться за последние годы, и тому, как им удалось противостоять. Рассмотрены возможности электронных ключей, которые напрямую влияют на степень защиты программного обеспечения, и основные проблемы, присущие данной технологии. Автор статьи является ведущим разработчиком проекта Guardant, компания «Актив».\n\nСовременные электронные ключи подразделяются на ключи с симметричной криптографией, ключи с асимметричной криптографией и ключи с загружаемым кодом. Последний тип устройств требует более детального анализа, выходящего за рамки данной статьи.\n\nРассмотрим защиту Windows-приложений, разработанных с использованием компилируемых языков программирования (C, C++, Pascal, Delphi, Fortran и т.д.).",
        "data": "2012-02-27, 11:18",
        "rating": 13
    }
]