[
    {
        "title": "Автопровижининг телефонов Yealink. Часть 2",
        "description": "Текст статьи не удалось получить",
        "data": "2023-06-26, 09:38",
        "rating": 3
    },
    {
        "title": "Настройка межсетевого экрана на IP-АТС Yeastar серии P",
        "description": "Текст статьи не удалось получить",
        "data": "2023-06-14, 11:04",
        "rating": 3
    },
    {
        "title": "Автопровижининг телефонов Yealink. Часть 1",
        "description": "Текст статьи не удалось получить",
        "data": "2023-06-05, 09:55",
        "rating": 9
    },
    {
        "title": "Как мы тестировали и оценивали спикерфоны разных производителей",
        "description": "Текст статьи не удалось получить",
        "data": "2023-05-25, 11:11",
        "rating": 6
    },
    {
        "title": "Опыт успешной автоматизации расписания, бронирования аудиторий и ведения лекций в УрГПУ",
        "description": "Текст статьи не удалось получить",
        "data": "2023-04-21, 13:01",
        "rating": 3
    },
    {
        "title": "Траблшутинг на Yealink. Часть 2. Сбор и первичный анализ логов",
        "description": "Текст статьи не удалось получить",
        "data": "2023-03-30, 11:46",
        "rating": 2
    },
    {
        "title": "Траблшутинг на телефонах Yealink. Часть 1. Средства и методы диагностики",
        "description": "Текст статьи не удалось получить",
        "data": "2023-03-21, 11:54",
        "rating": 4
    },
    {
        "title": "Функция Action URI в IP-телефонах Yealink",
        "description": "Текст статьи не удалось получить",
        "data": "2023-02-13, 09:45",
        "rating": 2
    },
    {
        "title": "Новое поколение 3CX: обновление версии 6",
        "description": "Текст статьи не удалось получить",
        "data": "2022-12-20, 15:18",
        "rating": 3
    },
    {
        "title": "Телефонная книга Google Контакты в IP-телефонах Yealink",
        "description": "Текст статьи не удалось получить",
        "data": "2022-12-08, 15:54",
        "rating": 2
    },
    {
        "title": "Система управления мультимедийным оборудованием развернута компанией CTI в Театральном институте имени Бориса Щукина",
        "description": "Текст статьи не удалось получить",
        "data": "2022-12-01, 10:16",
        "rating": 4
    },
    {
        "title": "Удаленное подключение IP-телефонов к IP-АТС Yeastar серии P",
        "description": "Текст статьи не удалось получить",
        "data": "2022-11-14, 11:03",
        "rating": 3
    },
    {
        "title": "Использование LDAP в IP-телефонах Yealink",
        "description": "Текст статьи не удалось получить",
        "data": "2022-11-07, 08:57",
        "rating": 1
    },
    {
        "title": "Удаленная телефонная книга для IP-телефонов Yealink",
        "description": "Текст статьи не удалось получить",
        "data": "2022-10-21, 13:43",
        "rating": 3
    },
    {
        "title": "Может ли гибридный офис уничтожить ваш бизнес?",
        "description": "Текст статьи не удалось получить",
        "data": "2022-09-26, 10:52",
        "rating": 2
    },
    {
        "title": "Локальная телефонная книга в IP-телефонах Yealink",
        "description": "Текст статьи не удалось получить",
        "data": "2022-08-25, 13:18",
        "rating": 1
    },
    {
        "title": "Обзор новой камеры Yealink UVC86: наведение на голос и режим лектора",
        "description": "Текст статьи не удалось получить",
        "data": "2022-07-12, 14:42",
        "rating": 7
    },
    {
        "title": "Типы телефонных книг в IP-телефонах Yealink",
        "description": "Текст статьи не удалось получить",
        "data": "2022-06-27, 12:24",
        "rating": 0
    },
    {
        "title": "Система бронирования рабочих мест как инструмент для реализации гибридного формата работы",
        "description": "Текст статьи не удалось получить",
        "data": "2022-06-17, 14:51",
        "rating": 2
    },
    {
        "title": "Замена ZOOM и MS Teams: облачное решение ВКС Yealink Cloud",
        "description": "Текст статьи не удалось получить",
        "data": "2022-05-05, 16:18",
        "rating": 8
    },
    {
        "title": "Чего вам это стоит: из чего складывается стоимость владения IP-АТС 3CX",
        "description": "Многие пользователи «железа» и ПО считают, что такие товары (не только для бизнеса, но и для себя лично) должны быть приобретены раз и навсегда. Например, наши пресейл-инженеры регулярно получают запросы на телефонные станции «в коробке» или в виде «вечного» ПО, чтобы «можно было купить АТС один раз и пользоваться ей „всегда“.\n\nДействительно, многие компании покупают „железные“ IP-АТС и считают, что такая система будет работать десятилетия. Однако момент физического выхода оборудования из строя наступает неожиданно, бюджеты на новое оборудование не запланированы и решить проблему быстро никто не может. В том же положении оказывается компания и в случае морального устаревания старой техники или расширения компании, когда система требует значительного масштабирования.",
        "data": "2022-04-26, 15:09",
        "rating": 4
    },
    {
        "title": "Удаленная регистрация номеров на IP-АТС Yeastar: экономия и оперативное развертывание телефонной сети",
        "description": "IP-АТС Yeastar серии S поддерживают функцию удаленной регистрации номеров. Что это дает? Например, при открытии новых офисов эта функция позволяет оперативно развернуть телефонную сеть. Кроме того, гораздо дешевле произвести удаленную регистрацию парка телефонов для небольшого офиса, чем покупать отдельную IP-АТС и подводить линии от провайдера.\n\nФункция позволяет полноценно работать из дома или в командировке. Достаточно предварительно настроить IP-телефоны и софтфоны, чтобы оставаться на связи с офисом в любых условиях. Благодаря этому вы сможете работать в коворкинге, в аэропорту — в любом удобном для вас месте — и экономно использовать при этом линии IP-АТС при междугородних и международных звонках.\n\nКак зарегистрировать удаленный добавочный номер? В качестве примера рассмотрим подключение IP-телефона Yealink. Софтфоны и устройства других вендоров настраиваются аналогично. Как показано на следующем рисунке, IP-АТС Yeastar серии S и пользователи находятся в разных сетях со своими собственными IP-адресами.",
        "data": "2022-04-12, 15:31",
        "rating": 4
    },
    {
        "title": "Bring Your Own Meeting: ключевые характеристики и преимущества",
        "description": "Если с термином BYOD отечественная аудитория уже более-менее знакома, одна из модификаций этой концепции — BYOM — пока не вызывает устойчивого узнавания. Итак, что же значит этот новый термин? BYOM расшифровывается как Bring Your Own Meeting, и в основе этой концепции лежит использование существующей инфраструктуры переговорных в сочетании с уже знакомыми пользователям сервисами (Zoom, Microsoft Teams и пр.) и их личными мобильными устройствами (смартфонами и ноутбуками).\n\nBYOM помогает пользователю найти решение в следующих ситуациях:\n\nнужно переместиться в другую переговорную и возобновить видеовызов, пользуясь аудио- и видео-периферией соответствующего помещения;\nпользователь часто проводит встречи в одной и той же переговорной и не знает, как использовать оборудование в другом помещении: настройки в них могут отличаться, а единого пользовательского интерфейса нет;\nкомпания использует различные решения для унифицированных коммуникаций и совместной работы, например, при разговоре с клиентом и/или поставщиком.",
        "data": "2022-01-12, 12:49",
        "rating": -4
    },
    {
        "title": "Интеграция 3CX и Creatio официально подтверждена и доступна на маркетплейсе Terrasoft",
        "description": "Компания OmniLine — Платиновый партнер 3СХ — разработала интеграцию 3СХ и Creatio, доступную на маркетплейсе Terrasoft.\n\n3CX CRM Template for Creatio — базовая интеграция популярной СRM-системы Creatio от Terrasoft и коммуникационной платформы 3CX, которая позволяет обмениваться данными контактов Creatio и записной книги 3CX при совершении входящих и исходящих звонков.",
        "data": "2021-12-09, 10:34",
        "rating": 1
    },
    {
        "title": "BYOD: методы защиты и рекомендации",
        "description": "Смешение личных и рабочих данных на одном устройстве всегда рискованно. Сотрудник может случайно раскрыть конфиденциальную информацию или создать ситуацию, при которой ПО станет уязвимым для вредоносных программ.\n\nОдним из решений проблемы безопасности является внедрение системы управления мобильностью предприятия (EMM, Enterprise Mobility Management) — комплексного подхода к автоматизации, одним из элементов которого является MDM.\n\nКомпании используют различные устройства (смартфоны, носимые устройства, планшеты, ноутбуки, принтеры, настольные компьютеры и др.). EMM позволяет интегрировать все эти устройства с любой операционной системой, поддерживая единый пользовательский интерфейс. Проверка личности пользователя позволяет осуществлять доступ к корпоративному контенту и данным с нескольких устройств. EMM — универсальное решение для шифрования, аутентификации пользователей, антивирусного контроля и удаленного доступа к данным/устройствам.",
        "data": "2021-11-19, 12:29",
        "rating": -5
    },
    {
        "title": "Как пользоваться 3СХ бесплатно?",
        "description": "Не секрет, что любой зарегистрированный партнер 3СХ получает для личного пользования две лицензии 3СХ редакции Enterprise — на 4 и на 32 одновременных вызова. Эти ключи имеют статус NFR (Not For Resell), то есть их нельзя продать, но можно неограниченно использовать для работы своей компании или в целях тестирования.\n\nКроме того, все авторизованные партнеры 3СХ имеют «суперспособность» — возможность создавать и бесплатно передавать клиентам неограниченное количество PoC-ключей (Proof of Concept; иными словами, тестовых) любой редакции и на любое количество одновременных вызовов на срок до 45 календарных дней. Этого времени достаточно для того, чтобы настроить и протестировать систему, без спешки познакомиться со всеми нюансами реальной работы, собрать статистику и оценить реальную нагрузку на платформу.\n\nОднако сейчас мы хотим рассказать, какие возможности для тестирования и использования 3СХ в работе есть у каждого желающего вне зависимости от наличия партнерского статуса.",
        "data": "2021-11-10, 09:21",
        "rating": 0
    },
    {
        "title": "BYOD: статистика и минусы",
        "description": "Несмотря на все преимущества, процесс внедрения BYOD имеет множество нюансов, а основным риском использования этой концепции в реальной работе является нарушение конфиденциальности. Но кибератаки — лишь одна из возможных причин, мешающих распространению BYOD.\n\nПо данным Help Net Security (2020), только 41% компаний имеют полный контроль над файлами, которыми обмениваются пользователи в различных приложениях, а подключенные облачные приложения на устройствах пользователей контролируют только 37% компаний.\n\n30% предприятий вообще не могут контролировать даже корпоративные приложения. Только 9% способны обнаруживать вредоносное ПО в корпоративных приложениях для обмена сообщениями. Защиту конечных точек от вредоносных программ могут обеспечить только 42% компаний (Bitglass, 2020).\n\nНеспособность контролировать безопасность конечных точек, а также проблемы с управлением устройствами являются основными причинами, по которым 47% компаний отказываются от BYOD. (Грейг, 2020).",
        "data": "2021-11-08, 09:31",
        "rating": -4
    },
    {
        "title": "BYOD: статистика и плюсы",
        "description": "Согласно данным ResearchAndMarkets (2020), до пандемии 95% компаний-респондентов в той или иной форме уже перешли на использование личных устройств в рабочих целях. Кроме того, по данным Microsoft, вне зависимости от официальной политики офиса, двое из трех сотрудников так или иначе используют свои устройства на работе, даже если это запрещено.\n\nТакое поведение легко объяснимо. Во-первых, каждый человек уже знаком с особенностями своего устройства, и при использовании собственного девайса сотруднику не нужно приспосабливаться к другой (возможно, более старой) технологии, к другой ОС и так далее. Во-вторых, это позволяет легче находить баланс между личной и профессиональной жизнью, а также упрощает коммуникации в целом, т. к. не нужно постоянно носить с собой сразу несколько устройств.\n\nСогласно опросам, 65% сотрудников предоставляют клиентам свои личные контакты для связи. 75% сотрудников, работающих с офисными телефонными системами, переадресовывают рабочие звонки на личные мобильные телефоны. С принятием модели BYOD около 30% сотрудников проверяют рабочую почту и чаты до официального начала рабочего дня (около 6:00-7:00).\n\nСамыми популярными мобильными приложениями, включенными в систему BYOD, стали электронная почта, календарь и контакты. По данным Crowd Research, 45% сотрудников используют BYOD-устройства для доступа/редактирования документов, а 43% — для доступа к различным инструментам совместной работы с файлами.",
        "data": "2021-10-25, 10:05",
        "rating": -1
    },
    {
        "title": "Что такое BYOD? Модели BYOD",
        "description": "BYOD (Bring Your Own Device) — это IT-политика, которая позволяет и даже поощряет использование собственных устройств для выполнения рабочих задач. Сегодня многие крупные производители создают полноценные сервисы для работы именно в BYOD-режиме, поэтому можно говорить о том, что концепция уже обрела и свой рынок.\n\nНапример, производители оборудования для ВКС, в том числе, Yealink, адаптируют свои решения с учетом использования пользовательских ноутбуков при участии в видеоконференциях. Новинка этого сезона в сфере унифицированных коммуникаций, рабочая станция Yealink UC Workstation, поддерживает соединение сразу с несколькими устройствами (смартфон, ПК), позволяя управлять ими из одной точки. Мобильные и десктопные клиенты 3CX и Linkus становятся все более функциональными, фактически приближая возможности мобильных пользователей к функционалу полноформатной офисной коммуникационной системы.",
        "data": "2021-10-18, 10:32",
        "rating": -1
    },
    {
        "title": "3CX V18 Release: соединяем бизнес и клиентов – быстро, просто, эффективно",
        "description": "Компания 3CX представляет финальную версию 3CX V18 Release, которая характеризуется лучшим в своем классе качеством связи, отличной производительностью и надежностью. Коммуникации с клиентом — основной приоритет любого бизнеса, поэтому V18 сочетает в себе интегрированные решения как для внутренних коммуникаций, так и для внешнего общения — в чате, голосом и по видеосвязи.\n\nНовый клиент 3CX и приложение Windows Desktop App\n\n\n\nV18 предлагает пользователям не только улучшения веб-клиента, но и возможность пользоваться им в виде нативного приложения Windows Desktop App. Теперь пользователям не нужно устанавливать расширение 3CX и использовать браузер. Новое приложение работает с помощью фреймворка Electron, который также используется в клиентах Microsoft Teams и WhatsApp. Windows Desktop App отлично интегрируется с операционной системой, обеспечивая быструю и надежную работу и позволяя работать с вызовами прямо из текущего приложения, например, CRM-системы, не переключаясь в другое окно.",
        "data": "2021-09-27, 16:08",
        "rating": 1
    },
    {
        "title": "3CX Creatio Whocalls CTI: как это работает",
        "description": "Компания OmniLine — Платиновый партнер 3СХ в России и партнер компании Террасофт — объединила свои компетенции в направлениях 3CX и Creatio для создания профессиональной интеграции этих продуктов. Интеграция позволяет повысить эффективность работы тех компаний, которые используют оба решения совместно.\n\nCreatio от Террасофт — одна из наиболее популярных в России CRM-систем, лидер рейтинга по версии Market.CNews (по итогам исследования система признана лучшим решением на российском рынке в 2020 году).\n\nЗадачи интеграции\n\nОсновной задачей интеграции 3CX и Creatio является существенная экономия времени сотрудника на поиск абонента в CRM или системе Service Desk.\n\nИнтеграционный модуль позволяет сотруднику понять контекст или причину звонка абонента, быстрее обработать звонок или перевести вызов на профильного специалиста. Таким образом сокращается время обслуживания абонента и повышается лояльность клиентов за счет проактивных действий компании.",
        "data": "2021-08-20, 11:29",
        "rating": -1
    },
    {
        "title": "FDMCS — cистема управления и мониторинга устройствами Fanvil",
        "description": "Удивительно, как очевидные преимущества современной телефонии порой так долго не реализуются в реальной жизни. Сегодня, покупая IP-телефон любого производителя, пользователь получает готовое автономное устройство с собственной операционной системой, IP-адресом, поддержкой современных протоколов связи и даже собственным браузером (иногда), где можно просматривать веб-страницы. Это мощные устройства, на них крутится свой веб-сервер, готовый принимать запросы по REST. Но что вы делаете при настройке такого телефона? Позвольте угадать: заходите через admin/admin и вручную вбиваете данные SIP-аккаунта?\n\nПочему же различные сервисы управления получили такую широкую поддержку только последние пару лет? Почему раньше каждому администратору АТС требовалось тратить кучу времени и устраивать «танцы с бубном» для автопровижининга телефонных аппаратов? Хорошо, что сейчас все намного проще!",
        "data": "2021-08-18, 11:31",
        "rating": 1
    },
    {
        "title": "Что означают степени защиты промышленных телефонов J&R?",
        "description": "Текст статьи не удалось получить",
        "data": "2021-08-02, 13:01",
        "rating": 1
    },
    {
        "title": "12 ключевых направлений для развития IoT-технологий. Часть 2",
        "description": "Продолжение. С первой частью статьи можно ознакомиться по ссылке.\n\n6. Здравоохранение и телемедицина\n\nВ ближайшие годы будет расти потребность в удаленном медицинском контроле за течением болезней и мониторинге показателей самочувствия. Forrester ожидает, что это вызовет быстрый рост использования носимых устройств и датчиков, которые помогут отслеживать состояние пациентов с хроническими заболеваниями. В немалой степени этому способствует удобство и сравнительно низкая стоимость подобных устройств.\n\n\nКроме того, носимые устройства могут использоваться для сведения к минимуму ненужных контактов в ситуациях, когда риск вирусного заражения особенно высок (например, в домах престарелых и в инфекционных отделениях больниц).\n\nЕще один из сценариев применения IoT в медицине — это внедрение роботов, которые используются в некоторых больницах, например, для дезинфекции поверхностей.",
        "data": "2021-07-27, 10:45",
        "rating": 3
    },
    {
        "title": "12 ключевых направлений для развития IoT-технологий. Часть 1",
        "description": "Интернет вещей (IoT) — новая реальность, которая уже не кажется социальным и технологическим чудом. Но умные лампочки и роботы-пылесосы уже мало кого удивляют. Настоящие возможности IoT раскрываются в сфере анализа больших данных или при использовании алгоритмов искусственного интеллекта.\n\nПо данным IDC, собственные стратегии цифровизации уже выстроили 2/3 компаний из списка Global 2000, а безусловными лидерами в этой области являются Сингапур, Китай, Новая Зеландия, Дания и Южная Корея. Что касается РФ, по оценке IDC, более 50% российских компаний освоят IoT-технологии до конца 2021 года.\n\nОдним из драйверов роста затрат на IoT (которые вырастут на 11,3% в 2021-2024 годах, согласно прогнозу IDC) будет рост потребностей:\n\nв подключенных к интернету устройствах для дистанционного контроля и управления;\nв сценариях использования искусственного интеллекта для мониторинга поведения людей.\n\nРазвитие IoT стимулирует развитие концепции Digital First, в рамках которой каждый бизнес должен быть максимально развит в интернет-среде. Это значительно расширяет возможности взаимодействия между сторонами различных процессов, позволяя осуществлять автоматизацию доставки покупок, онлайн-обучение и даже трудоустройство в удаленном формате.",
        "data": "2021-07-22, 11:49",
        "rating": 0
    },
    {
        "title": "Зачем отельеру Wi-Fi-телефоны?",
        "description": "В корпоративном секторе IP-телефонии заказчики часто хотят уйти от лишних проводов и розеток, делая офис максимально стильным и удобным для работы. Это объясняет популярность технологии PoE (Power over Ethernet), когда электрическое питание идет к телефону не из розетки 220 В, а по Ethernet-кабелю, передающему данные.\n\nЧасто возникает и обратная ситуация — подключить питание проще, чем дать доступ аппарату в корпоративную сеть. В таком случае можно использовать подключение настольных телефонов по DECT или Wi-Fi — адаптер питания телефона подключается в розетку, а связь идет по беспроводным каналам.\n\nОднако могут быть и случаи, когда выгоднее установить именно стационарные телефоны с Wi-Fi-модулем — например, отталкиваясь от бюджета и имеющейся инфраструктуры. Особенно наглядно это проявляется в гостиничной сфере: например, в гостинице уже есть работающая Wi-Fi-сеть, прокладка новых кабелей сложна или вообще невозможна, DECT-базы не вписываются в дизайн, а в отелях с расположением в исторических зданиях любые работы могут быть вообще запрещены.",
        "data": "2021-07-20, 11:49",
        "rating": 1
    },
    {
        "title": "Как я чуть не лишился должности после весёлого переезда компании в новый офис и организовал микросотовую систему",
        "description": "Текст статьи не удалось получить",
        "data": "2021-07-19, 11:07",
        "rating": 13
    },
    {
        "title": "Искусственный интеллект: преимущества и сомнения",
        "description": "Еще в сентябре 2019 года консалтинговое агентство IDC прогнозировало, что к 2023 году расходы предприятий на внедрение технологий искусственного интеллекта вырастут более чем в два с половиной раза и составят $97,9 млрд. Пандемия COVID-19 только увеличила потенциальную ценность AI для бизнеса. Согласно исследованию McKinsey State of AI, опубликованному в ноябре 2020 года, половина респондентов заявили, что их организации уже внедрили, как минимум, одну AI-функцию в свои бизнес-процессы.\n\nЭксперты утверждают, что 77% устройств, которые мы используем в настоящее время, имеют встроенный искусственный интеллект. AI-технологии сопровождают людей в медицине, экономике, образовании, науке, розничной торговле, автомобилестроении, производстве и даже в творчестве. Какие же операции мы можем смело доверить искусственному интеллекту, освободив человеческие ресурсы для более важных задач?",
        "data": "2021-07-08, 11:27",
        "rating": -2
    },
    {
        "title": "От дропшиппинга до собственного пункта выдачи. Масштабируем IP-телефонию малого бизнеса",
        "description": "Текст статьи не удалось получить",
        "data": "2021-06-25, 15:23",
        "rating": 6
    },
    {
        "title": "Как перевести компанию на UCaaS?",
        "description": "По мнению экспертов, таких как Gartner, UCaaS — это будущее всех коммуникационных стратегий. Данные статистики подтверждают это: согласно опросам лидеров рынка, в 2020 году рынок UCaaS вырос в шесть раз по сравнению с 2016 годом. Даже самые крупные компании, которые когда-то всерьез сопротивлялись переходу в облако, начинают делать определенные шаги в этом направлении. Если вы планируете пойти по их стопам, предлагаем упростить ваш путь до 4 эффективных шагов.",
        "data": "2021-06-24, 14:40",
        "rating": -1
    },
    {
        "title": "Настройка SIP-видеодомофонов Fanvil для работы с iRidium",
        "description": "Компания Иридиум — автор и разработчик инновационных систем управления iRidium — провела тестирование своей платформы iRidium pro с IP-домофонами Fanvil и предоставила обзор по итогам. Используемое окружение: SIP-сервер 3CX, SIP-клиент iRidium на устройстве iPhone 7. Сравнение качества звука производилось с SIP-панелью 2N Helios. Версия i3Pro 1.3.26.0.24027.",
        "data": "2021-06-07, 11:29",
        "rating": 1
    },
    {
        "title": "Что такое UCaaS и что эта модель может дать бизнесу",
        "description": "UCaaS — это унифицированные коммуникации как услуга. Эта модель стремительно становится универсальным решением для компаний со сложными коммуникационными потребностями. В 2020 году объем выручки в сфере UCaaS составил $16,4 млрд (рост на 21,2% по сравнению с 2019 годом). Ожидается, что к 2024 году ежегодный прирост отрасли составит 28-29%. Большую часть доходов вендоры получают за счет предоставления услуг веб- и видео-конференц-связи и контакт-центров.\n\nСогласно исследованию, 52% средних предприятий США, Европы и Азии в настоящее время используют решения UCaaS, а 56% — рассматривают возможность перехода на UCaaS. Для многих организаций вопрос заключается уже не в том, следует ли им переходить в облако, а в том, когда они собираются начать этот переход.\n\n\nНо действительно ли UCaaS заслуживает такой высокой оценки? Как UCaas-решения могут оптимизировать бизнес-процессы компании? В данной статье мы постараемся дать ответы на эти вопросы.",
        "data": "2021-05-18, 15:09",
        "rating": 0
    },
    {
        "title": "3CX представляет новую систему видеоконференций 3CX v18",
        "description": "Система видеоконференций 3CX, которая получила название 3CX Video Conferencing (прежнее название — 3CX WebMeeting) была существенно переработана в 3CX v18. На данный момент новая версия доступна всем пользователям, установившим v18 Alpha 2. В новом решении 3CX делает основной акцент на возможностях пользовательских приложений и защите персональных данных.\n\nНовые пользовательские приложения\n\nКоманда разработчиков 3CX создала новые приложения Android и iOS. Теперь участие в конференциях стало особенно удобным, т. к. на мобильном устройстве можно просматривать общий контент, например, экран участника или PDF-файлы. Кроме того, участники конференции могут видеть электронный флипчарт и участвовать в опросах.\n\nНовые приложения уже доступны в iOS App Store и Google Play Store.",
        "data": "2021-05-13, 13:25",
        "rating": -1
    },
    {
        "title": "Почему 80% гостиничных телефонов покупают не отели",
        "description": "В одной из прошлых статей мы рассказывали про IP-телефоны, которые ставятся в отельные номера. Самая популярная модель среди них — трубка Fanvil H2U. Собственно буква H в названии модели и означает слово \"hotel\", и предназначены они в первую очередь для настенной установки в ванных комнатах отелей и выполнения функции телефона экстренной связи. H2U не имеет подтвержденной степени влагозащищенности по стандарту IP (как и похожие модели других производителей), но в условиях влажных и запаренных душевых комнат чувствует себя уверенно, что мы сами проверяли в реальных инсталляциях. Вообще, установка телефонов в ванные комнаты важна для отелей не только для повышения реального комфорта и безопасности гостей, но и для выполнения формальных требований для прохождения гостиничной квалификации.\n\n\nОднако, как показывает практика, более 80% продаж этих аппаратов проходят как раз не в отели, а в самые разные другие сферы. Разберемся, почему так происходит и куда их ставят.",
        "data": "2021-04-23, 12:17",
        "rating": -13
    },
    {
        "title": "Качество видеоконференций: мнение разработчиков 3СХ",
        "description": "Качество видео-конференц-связи зависит от целого ряда факторов, о которых вы могли не подозревать. В этой статье приведем рассказ разработчиков коммуникационной платформы 3СХ о том, как сделать общение по видео простым и комфортным.\n\nРазумеется, ВКС зависит от оборудования, которое вы используете – веб-камера и микрофон или спикерфон. Также сильно влияет на качество изображения свет, и, особенно, общая освещенность комнаты. Помните, что веб-камера – это более простое устройство, чем профессиональная видеокамера за 1000$.\n\nСтабильность интернет-подключения также имеет большое влияние на качество конференции. Иногда оно даже важнее, чем аппаратная часть. Нестабильное соединение перечеркнет все преимущества дорогого оборудования конференц-комнаты.",
        "data": "2021-04-21, 16:42",
        "rating": 3
    },
    {
        "title": "9 трендов развития унифицированных коммуникаций в 2021 году",
        "description": "Многие бизнес-аналитики уверены, что даже после возврата общества и бизнеса к относительно нормальной жизни после пандемии COVID-19, рост рынка унифицированных коммуникаций уже не остановить. Конечно, трудностей не избежать, но уже сейчас очевидно, что за 2020 год и владельцы компаний, и рядовые сотрудники нашли немало преимуществ в дистанционном режиме работы.\n\nГлобальное внедрение UCaaS\n\nОдин из главных трендов UC — рост популярности UCaaS. Крупные компании делают инвестиции в унифицированные коммуникации как в готовую систему бизнес-коммуникаций. Это связано с тем, что UCaaS объединяет в облаке основные каналы и платформы связи (голос, видео, чат, электронную почту и пр.). По мнению экспертов, к 2024 году рынок UCaaS будет оцениваться примерно в $79 млрд.",
        "data": "2021-04-20, 09:09",
        "rating": 4
    },
    {
        "title": "3CX Bridge: как связать несколько IP-АТС 3CX в единую систему",
        "description": "В наших статьях мы уже рассказывали о преимуществах построения распределенной телефонной сети на базе коммуникационной платформы 3СХ.\n\nВ новом материале мы обсудим такой инструмент по созданию единой коммуникационной системы компании, как 3CX Bridge (бриджирование).\n\nПримечание: функция бриджирования (межстанционные транки) доступна только в платных редакциях Professional и Enterprise.",
        "data": "2021-04-12, 09:52",
        "rating": 2
    },
    {
        "title": "Гибридные рабочие места: как изменится офис после пандемии COVID-19",
        "description": "Развитие технологий подарило человечеству возможность работать в любое время и в любом месте. К концу 2019 года концепции гибкого подхода к организации рабочего пространства получили широкое распространение и стали все чаще использоваться при проектировании офисных помещений.\n\nПандемия COVID-19 заставила считать массовые скопления людей, в т. ч., в бизнес-центрах, источником опасности для здоровья, и весь мир в экстренном порядке стал организовывать так называемые \"домашние офисы\".\n\nНа данный момент мы находимся в переходном периоде. Сотрудники постепенно возвращаются в офис (но не в полном составе), однако использование рабочих помещений сопровождается множеством требований в отношении социальной дистанции и санитарной обработки рабочих мест.\n\n\nСогласно опросам, в России на данный момент около 45% сотрудников уже работают в гибридном режиме, при этом соотношение рабочего времени в офисе/дома составляет 25/75. Многое зависит от сферы занятости и роли сотрудника, однако в сфере ИТ можно смело говорить о поддержании \"гибрида\" 60% специалистов. В целом, сотрудники, перешедшие на этот режим, оценивают его комфортность в 7-9 баллов из 10.\n\n\nК каким же выводам мы пришли за это время?",
        "data": "2021-04-07, 09:46",
        "rating": 5
    },
    {
        "title": "Расчет количества операторов и оптимизация работы колл-центра",
        "description": "Разрабатывая реальный проект в одном колл-центре наш партнер задумался над оптимизацией работы колл-центра и расчетом необходимого количества операторов. Делимся результатами, которые у них получились.",
        "data": "2021-04-01, 17:01",
        "rating": -1
    },
    {
        "title": "Как 3CX решает проблемы безопасности",
        "description": "Как правило, современная IP-АТС имеет постоянный выход в интернет: так к системе могут подключаться операторы телефонии, а также внутренние абоненты. Кроме того, возможность администрирования IP-АТС из удаленных локаций очень востребована.\n\nОборотной стороной таких допусков является потенциальная угроза взлома IP-АТС. 3CX постоянно совершенствует встроенные методы антивзлома, что позволяет этой коммуникационной платформе успешно противостоять всем современным типам атак (не зафиксировано ни одного случая прямого взлома 3CX). Но и злоумышленники не стоят на месте: методы и алгоритмы взлома постоянно совершенствуются, и та защита, которая гарантированно отражала вчерашние атаки, может не сработать уже сегодня.",
        "data": "2021-03-30, 11:45",
        "rating": 3
    },
    {
        "title": "CRM в контакт-центре: как создать «единое окно» для оператора",
        "description": "Наша компания по роду деятельности обычно рассматривает работу контакт-центров со стороны организации телефонной связи. Однако даже более важный вопрос их работы — это требования к единой системе (сервис-деску), которая способна заменить сразу несколько приложений в работе оператора колл-центра.\n\nКаждый контакт-центр (КЦ) ежедневно сталкивается с двумя сложными задачами, вытекающими из самой деятельности этих подразделений.",
        "data": "2021-03-25, 17:01",
        "rating": 3
    },
    {
        "title": "Что влияет на развитие отрасли видео-конференц-связи в 2021 году?",
        "description": "2020 год принес видео-конференц-связи лидирующие позиции среди средств бизнес-коммуникаций. Видеоконференция стала основным — а для многих единственным — инструментом внешних и внутренних коммуникаций для компаний всех масштабов, от индивидуальных предпринимателей до мировых гигантов.\n\nПандемия помогла отрасли значительно расширить долю на рынке коммуникаций и на порядок повысить свою популярность среди пользователей. Важно отметить, что 2020 год сумел изменить мнение пользователей о ВКС, как о технологии, требующей большого количества ресурсов, сложных устройств и длительного обучения.",
        "data": "2021-03-23, 14:55",
        "rating": 0
    },
    {
        "title": "Как осуществить интеграцию 3CX с Битрикс 24",
        "description": "Компания «Деловой разговор» — Титановый партнер 3СХ — осуществила расширенную интеграцию IP-АТС 3CX с Битрикс 24. Ранее уже существовали отдельные модули, решающие конкретные задачи, например для управления маршрутизацией IP-АТС 3CX на основе данных Битрикс 24. Теперь же речь идет о полнофункциональной интеграции двух систем.\n\nМодуль расширенной интеграции работает на стороне сервера. Три составные части модуля:\n\nжурналирование звонков и открытие/создание карточки лида/контакта при входящем вызове;\nуправление входящей маршрутизацией на IP-АТС 3CX на основе данных, заданных в Битрикс 24;\n«прилипание» звонка к последнему сотруднику на непродолжительное время.",
        "data": "2021-03-18, 12:49",
        "rating": 3
    },
    {
        "title": "Какие телефоны должны быть в гостиничных номерах?",
        "description": "Эта статья — о выборе устройств для гостиничного номера. О телефонах для сотрудников отелей и IP-АТС для гостиниц читайте в других материалах.\n\nНе секрет, что большинство постояльцев в гостиницах не пользуются услугами телефонной связи и не понимают, зачем вообще им нужен телефонный аппарат, обращая больше внимания на другие условия проживания. Однако для некоторых гостей возможность связаться с другими номерами или совершить междугородний звонок остается важной.",
        "data": "2021-03-16, 15:38",
        "rating": 7
    },
    {
        "title": "Новая версия 3CX v18 Alpha и дорожная карта развития 3CX на 2021 год",
        "description": "Новая версия 3CX — v18 Alpha — выходит одновременно с дорожной картой развития этой коммуникационной платформы.\n\n\n\nСтратегия 3CX — создание и развитие коммуникационной системы для бизнеса будущего. 3CX эволюционирует в многофункциональную систему связи. Сейчас телефонный звонок уже не является приоритетным способом коммуникации с бизнесом. Клиенты задают вопросы в виджете чата на сайте, на странице компании в Facebook и через SMS. Использовать традиционные разрозненные способы связи неудобно ни клиентам, ни сотрудникам компании.",
        "data": "2021-03-11, 15:52",
        "rating": 3
    }
]