[
    {
        "title": "Team-lead & руководство командой: б(ы)ть или не быть?",
        "description": "Текст статьи не удалось получить",
        "data": "2023-07-10, 19:39",
        "rating": 3
    },
    {
        "title": "Библиотека libopencm3: Быстрый старт (Часть 1)",
        "description": "Текст статьи не удалось получить",
        "data": "2023-06-26, 09:00",
        "rating": 16
    },
    {
        "title": "Записки тестировщика: как написать хороший сценарный тест на основе требований",
        "description": "Текст статьи не удалось получить",
        "data": "2023-05-18, 15:45",
        "rating": 3
    },
    {
        "title": "Ручное тестирование в медицине на примере SDC протокола",
        "description": "Текст статьи не удалось получить",
        "data": "2023-05-03, 14:22",
        "rating": 1
    },
    {
        "title": "Использование библиотеки MediatR при реализации бизнес-логики в проектах, реализуемых на базе .NET",
        "description": "Текст статьи не удалось получить",
        "data": "2023-04-20, 08:28",
        "rating": 3
    },
    {
        "title": "Алгоритмы автоматической проверки требований к внедрению SDC протокола",
        "description": "Текст статьи не удалось получить",
        "data": "2023-04-04, 14:01",
        "rating": 3
    },
    {
        "title": "My weekend pet project или AR за пару дней",
        "description": "Текст статьи не удалось получить",
        "data": "2023-03-27, 11:41",
        "rating": 5
    },
    {
        "title": "Context manager в рамках языка Python",
        "description": "Текст статьи не удалось получить",
        "data": "2023-03-22, 13:46",
        "rating": 9
    },
    {
        "title": "Высоконагруженный IPC между C++ и Python",
        "description": "Текст статьи не удалось получить",
        "data": "2023-03-06, 12:53",
        "rating": 20
    },
    {
        "title": "Повторная передача сообщений в Spring Kafka",
        "description": "Текст статьи не удалось получить",
        "data": "2023-02-16, 19:32",
        "rating": 5
    },
    {
        "title": "Как успешно прижиться в отделе автотестирования ПО медицинских устройств",
        "description": "Текст статьи не удалось получить",
        "data": "2023-01-20, 17:10",
        "rating": 7
    },
    {
        "title": "React vs Vue vs Angular",
        "description": "Текст статьи не удалось получить",
        "data": "2022-12-07, 17:06",
        "rating": 3
    },
    {
        "title": "Инструментирование ассемблерного кода для сборки данных о динамическом покрытии",
        "description": "Текст статьи не удалось получить",
        "data": "2022-11-15, 16:57",
        "rating": 11
    },
    {
        "title": "Squish для Qt глазами разработчика",
        "description": "Текст статьи не удалось получить",
        "data": "2022-10-26, 15:29",
        "rating": 8
    },
    {
        "title": "Simics: Забиваем гвозди сваебоем",
        "description": "Текст статьи не удалось получить",
        "data": "2022-09-23, 14:14",
        "rating": 25
    },
    {
        "title": "Оценка (не)покрытия кода по результатам динамического анализа",
        "description": "Текст статьи не удалось получить",
        "data": "2022-08-16, 09:35",
        "rating": 5
    },
    {
        "title": "Начинаем работать с BACnet",
        "description": "Многие из нас, наверное, смотрели боевики и видели, как герои, сидя в темной комнате, удаленно управляют дверями в зданиях, открывая и закрывая их. Управляли освещением, лифтами, чтобы помочь кому-то куда-то пройти или, наоборот, помешать – ну и думали, что да, в теории такое возможно, и в каких-то зданиях, вероятно, есть какая-то автоматизация, но больше это кажется какой-то выдумкой. Так получилось, что в устройство, которое мы делаем, заказчик захотел добавить поддержку BACnet. Так я познакомился с тем, что, оказывается, существует специализированный протокол для автоматизации зданий, который развивается аж с 1987 года.",
        "data": "2022-08-09, 09:04",
        "rating": 7
    },
    {
        "title": "Управление сторонними зависимостями в коде",
        "description": "Текст статьи не удалось получить",
        "data": "2022-07-28, 15:12",
        "rating": 9
    },
    {
        "title": "5 шагов заказчика к успешному UX/UI продукта",
        "description": "Каждый заказчик желает сделать лучший и уникальный в своем роде продукт, который вызывал бы у пользователей восторг, покрывал их потребности и приносил прибыль. Желательно бы еще потратить на создание такого продукта поменьше ресурсов.\n\nВ достижении всего вышеупомянутого дизайн (UX/UI) играет не последнюю роль.\n\nВ этой статье я тезисно перечислила то, что, по моему мнению, лучше соблюдать при создании продукта (например, цифрового: какого-нибудь сайта, веб-приложения и тд), чтобы UX/UI как минимум соответствовал основным правилам дизайна, а в перспективе оказался бы успешным.",
        "data": "2022-06-30, 14:30",
        "rating": 0
    },
    {
        "title": "Vue: переворот сознания",
        "description": "В прошлой статье я писал об EasyUI — библиотеке, реализующей графический интерфейс для одно-страничных Web-приложений. Эту библиотеку наша команда использовала при разработке Web-интерфейса для одного маленького, но очень умного устройства. С момента начала реализации проекта прошло довольно много времени, появилось много новых технологий и решений. Об одном из них я и хочу поговорить в этой статье.\n\nКогда мы начинали старый проект о реактивности только начинали разговаривать. Было интересно узнать, как это работает. Тогда мы не рискнули использовать новые реактивные технологии, предпочитая им хорошо проверенные старые решения. Но за время реализации проекта часто приходилось сталкиваться с ситуациями, когда использование реактивных решений было бы очень эффективным.\n\nПоскольку в нашем проекте использовалась достаточно \"длинная\" таблица сенсоров с постоянно меняющимися показаниями, перед нами стояла задача оптимизации опроса этих довольно медленно \"отдающих\" свои показания сенсоров. Мы реализовали виртуальную прокрутку этой таблицы, когда единовременно опрашивались лишь видимые на экране сенсоры.\n\nЕщё тогда, читая документацию, я предполагал, что реализация такой таблицы сенсоров при помощи реактивного фреймворка будет простой и элегантной. Оставалось только проверить мои предположения на практике, что я, наконец, и сделал. Для меня, привыкшего к \"тяжёлым\" проектам вне реактивной парадигмы, потребовался некий переворот сознания, чтобы оценить достоинства Vue. Однако, это стоило того. Ведь всё оказалось гораздо проще, чем я думал...",
        "data": "2022-05-27, 17:54",
        "rating": 7
    },
    {
        "title": "Wix toolset: не так страшен черт, как Windows installer",
        "description": "Текст статьи не удалось получить",
        "data": "2022-05-27, 13:24",
        "rating": 11
    },
    {
        "title": "Краткое описание нотации BPMN",
        "description": "Текст статьи не удалось получить",
        "data": "2022-05-22, 09:00",
        "rating": 12
    },
    {
        "title": "1x PCIe чтобы управлять всем",
        "description": "Текст статьи не удалось получить",
        "data": "2022-05-13, 12:45",
        "rating": 16
    },
    {
        "title": "GraphQL и почти все-все-все. Часть 1:)",
        "description": "Введение:\n\nВсе чаще слышу об использовании GraphQL, но так как последнее время все рабочее время уходило на Xamarin + GRPC + ASP.NET Core, технология казалась для меня загадочно манящей и очень не известной, потому решил опробовать ее на нескольких языках, чтобы увидеть какие плюсы и минусы в разных подходах. Начать решил с родного и любимого C# + Hot Chocolate, но планирую так же попробовать Typescript + Prisma, Kotlin + graphql-kotlin, и возможно что-то другое.",
        "data": "2022-04-26, 11:32",
        "rating": 6
    },
    {
        "title": "Micro Frontend Архитектура на примере Angular",
        "description": "В наше цифровое время веб-приложения становятся все более масштабней и сложней. Такие веб-приложения могут быть разделены на несколько модулей, разработанных отдельными командами, которые удобно запускать в производство по отдельности.\n\nПо мере того, как приложения со временем усложняются, требуя масштабируемости «на лету» и высокой скорости реагирования, архитектура микро-фронтенд, основанная на компонентах Angular, становится все более эффективным решением для сложных веб-приложений.\n\nМикро-фронтенд — это архитектура, которая рассматривает веб-приложение как набор приложений, разрабатываемых отдельными командами. Каждая команда специализируется на определенной области бизнеса или цели. Такая кросс-функциональная команда создает функциональность сверху донизу, от сервера до пользовательского интерфейса.\n\nПлюсы микро-фронтенд архитектуры\n\nАвтоматизация CI /CD. Поскольку каждое приложение интегрируется и развертывается независимо, это упрощает CI/CD. Так как все модули разделены, то не нужно беспокоиться обо всем приложении при внедрении нового модуля. Если в коде модуля есть ошибка, CI/CD прервет весь процесс сборки.\nГибкость команд разработчиков. Многочисленные команды могут разрабатывать и развивать информационные системы, работая по отдельности.\nЕдиная ответственность. Каждая команда микро-фронтеда на 100% фокусируется на функциональности своего микро-фронтенд приложения.\nВозможность повторного использования. Микро-фронтенд приложение может быть повторно использовано несколькими командами в разных системах.\nТехнологический агностицизм. Архитектура микро-фронтенд не зависит от технологии. Возможно использовать компоненты, разработанные на разных фреймворков веб-разработки (React, Vue, Angular и т.д.).\nПростой порог входа в систему. Небольшие модули легче изучать и понимать новым разработчикам, входящим в команды, чем монолитную архитектуру с огромной структурой кода.",
        "data": "2022-04-05, 15:17",
        "rating": 10
    },
    {
        "title": "Пишем тетрис в bat-файле",
        "description": "Текст статьи не удалось получить",
        "data": "2022-03-09, 08:46",
        "rating": 94
    },
    {
        "title": "Какие задачи не решаются bat-файлами?",
        "description": "Текст статьи не удалось получить",
        "data": "2022-02-22, 16:54",
        "rating": 32
    },
    {
        "title": "Работа с файлами формата ELF из Хаскела",
        "description": "Текст статьи не удалось получить",
        "data": "2021-12-28, 13:43",
        "rating": 19
    },
    {
        "title": "Как общаться в проприетарном зоопарке или проблема совместимости медицинских устройств",
        "description": "Текст статьи не удалось получить",
        "data": "2021-11-29, 11:40",
        "rating": 21
    },
    {
        "title": "Simics: кто не RISC-ует, тот не выигрывает",
        "description": "Текст статьи не удалось получить",
        "data": "2021-10-29, 12:30",
        "rating": 11
    },
    {
        "title": "Simics: RISC-нём?",
        "description": "Текст статьи не удалось получить",
        "data": "2021-10-08, 12:22",
        "rating": 19
    },
    {
        "title": "Быстрое освоение 3D-моделирования в ZBrush",
        "description": "Текст статьи не удалось получить",
        "data": "2021-06-24, 13:39",
        "rating": 8
    },
    {
        "title": "EasyUI: действительно easy?",
        "description": "Текст статьи не удалось получить",
        "data": "2021-05-31, 12:18",
        "rating": 5
    },
    {
        "title": "А ваш фильтр Калмана правильно работает?",
        "description": "Текст статьи не удалось получить",
        "data": "2021-05-19, 10:08",
        "rating": 22
    },
    {
        "title": "Конвертируем ODS в XML",
        "description": "Текст статьи не удалось получить",
        "data": "2021-04-30, 09:19",
        "rating": 10
    },
    {
        "title": "О наставничестве в целом и в частности",
        "description": "Текст статьи не удалось получить",
        "data": "2021-04-23, 09:27",
        "rating": 25
    },
    {
        "title": "Разработка firmware на С++ словно игра в бисер. Как перестать динамически выделять память и начать жить",
        "description": "Текст статьи не удалось получить",
        "data": "2021-04-07, 10:19",
        "rating": 48
    },
    {
        "title": "Конвертируем ODT в XML",
        "description": "Текст статьи не удалось получить",
        "data": "2021-03-30, 15:10",
        "rating": 6
    },
    {
        "title": "Доступ к элементам std::tuple во время исполнения программы",
        "description": "Текст статьи не удалось получить",
        "data": "2021-03-16, 10:58",
        "rating": 32
    },
    {
        "title": "ISTQB. Как проходит сдача экзамена онлайн",
        "description": "Текст статьи не удалось получить",
        "data": "2021-03-09, 09:39",
        "rating": 10
    },
    {
        "title": "Robot Framework для автоматизации тестирования: ограничения и плюшки",
        "description": "Текст статьи не удалось получить",
        "data": "2021-03-01, 13:55",
        "rating": 11
    },
    {
        "title": "Отображение статуса сложных систем на слабых клиентах – ускоряем отклик",
        "description": "Предположим, у нас есть мобильный тонкий клиент, слабенький, с плохим каналом связи, и нам нужно с его помощью показывать один из статусов сложной системы. Такой, которая определяется большим количеством независимых параметров и имеет сильно распределённую архитектуру. Например, вы заказали строительство дома и с помощью приложения отслеживаете текущее состояние стройки, которое определяется статусами работ подрядчиков: электриков, юристов, отделочников, монтажников… У каждого из них своя инфраструктура, не всегда хорошо работающая. \n\nЧтобы понять общий статус, нам нужно опросить все базы всех подрядчиков, получить от них данные, обработать их и показать сводный статус пользователю. Даже если мы кэшируем данные на бэке и не опрашиваем подрядчиков каждый раз, клиент получает и обрабатывает много данных. Это может стать проблемой при слабом клиенте и плохом канале. Долгие обновления статуса особенно обидны, когда выясняется, что ничего не произошло. Как быть? Ещё, казалось бы, нам в любом случае нужно получать все данные при изменении статуса, ведь пользователь захочет узнать подробности, что поменялось. Будем запрашивать все данные и подсвечивать изменившиеся? \n\nОказавшись в подобной ситуации, я предложил команде принцип решения, при котором мы передаём на клиент минимум данных, отображаем общий статус и можем подгружать только те частные подробности, которые интересны пользователю. Поскольку я дизайнер UI/UX, решение тоже будет лежать скорее в поле UX, а статья ограничится описательной частью – про код я вам ничего рассказать по понятным причинам не смогу. Тем не менее, этот способ может стать полезным инструментом в арсенале дизайнеров и архитекторов (ребят, отвечающих за принципиальное устройство продукта), поэтому я и решил о нём рассказать. Он помог нам, может быть, поможет и вам. \n\nПоехали.",
        "data": "2020-12-10, 10:34",
        "rating": 2
    },
    {
        "title": "Как пять лет просидеть в саппорте и за две недели стать Python-тестировщиком",
        "description": "Да-да, это будет еще одна статья про Python. Тот самый язык, который считается одним из наиболее популярных для изучения и использования. Статья будет полезна тем, кто еще только задумывается об изучении Python или делает первые шаги. Я попытаюсь описать свой опыт по изучению языка, поделюсь личными приемами, подскажу полезные и наиболее эффективные ресурсы, а также обозначу, на что бесполезно тратить время.",
        "data": "2020-12-03, 14:18",
        "rating": 5
    },
    {
        "title": "Выращивание Nested sets в условиях .Net",
        "description": "Привет, меня зовут Антон, и я разработчик. Сына я родил, дом построил купил, осталось вырастить дерево. Так как агроном из меня не очень, пришлось дерево кодить. Наш проект состоит из нескольких микросервисов на .Net Core, в PostgreSQL базе хранятся сущности, которые образуют иерархические связи. Расскажу о том, какую структуру лучше выбрать для хранения таких данных, почему именно Nested sets, на какие грабли можно наступить, и как с этим потом жить.",
        "data": "2020-11-25, 12:13",
        "rating": 18
    },
    {
        "title": "Конвертируем doc в docx и xml на C#",
        "description": "Продолжаю свой цикл статей, посвященный конвертации различных текстовых файлов с помощью решений, реализованных на языке C#.\n\nС момента моей последней публикации «Конвертация xls в xlsx и xml на C#» прошло более полугода, за которые я успел сменить как работодателя, так и пересмотреть свои взгляды на некоторые аспекты коммерческой разработки. Сейчас, работая в международной компании с совершенно иным подходом к разработке ПО (ревью кода, юнит-тестирование, команда автотестеров, строгое соблюдение СМК, заботливый менеджер, очаровательная HR и прочие корпоративные плюшки), я начинаю понимать, почему некоторые из комментаторов интересовались целесообразностью предлагаемых мной велокостылей, когда на рынке есть очень достойные готовые решения, например, от e-iceblue. Но давайте не забывать, что ситуации бывают разные, компании – тем более, и если потребность в решении какой-то задачи с использованием определенного инструментария возникла у одного человека, то со значительной долей вероятности она возникнет и у другого.",
        "data": "2020-11-23, 10:13",
        "rating": 15
    },
    {
        "title": "Использование компьютерных симуляторов. Утром софт, вечером железо",
        "description": "После того, как мы здесь и здесь разобрали, что же такое компьютерные симуляторы и какими они бывают, настало время поговорить о том, как они используются. И начну я, пожалуй, с наиболее интересной области применения – расскажу о том, как профессиональные программисты используют симуляторы при разработке ПО, чтобы написать и отладить софт для «железа», которого еще даже не существует.",
        "data": "2020-11-16, 21:15",
        "rating": 5
    },
    {
        "title": "Clang-Tidy для автоматического рефакторинга кода",
        "description": "Существует много инструментов для анализа кода: они умеют искать ошибки, «узкие места», плохую архитектуру, предлагать оптимизацию. Но много ли среди них инструментов, которые могут не только найти, но и исправить код сами?\n\nПредставьте, что у вас есть большой проект на С или С++ (или даже С#), который разрабатывался много лет и многими людьми. В результате разные части проекта выглядят по-разному – нет единого стиля имен переменных, функций, типов данных. То есть в разных частях проекта использовался разный coding style: где-то имена в верхнем регистре, где-то CamelCase, где-то с префиксами, в других местах – без… Некрасиво, в общем.",
        "data": "2020-11-09, 10:04",
        "rating": 13
    },
    {
        "title": "Прототип на «коленке»: cоздание приложения для мониторинга датчиков сердечного ритма в спортивном зале",
        "description": "Однажды за утренним кофе обсуждали с приятелем современные технологии Интернета вещей и разговорились на предмет реализации системы мониторинга фитнес-оборудования в спортивном клубе. Приятель искал способ реализации своей идеи с нулевой стартовой стоимостью, а мне интересно было сделать что-то полезное и устроить себе очередную проверку знаний и творческих способностей.\n\nВ результате решили для начала создать, как говорится, «на коленке», прототип устройства, собирающего данные с пульсометров – датчиков сердечного ритма. По результатам работы я решил написать статью для обмена опытом с сообществом читателей, а еще для повышения собственного уровня в практике написания статей. В этой статье мы проследуем поэтапно от идеи до прототипа программы.",
        "data": "2020-11-03, 11:18",
        "rating": 7
    },
    {
        "title": "Как подружить RxJava с VIPER в Android, подходы применения и о структуре планировщиков",
        "description": "Привет, Хабровчане. Сегодня мы с вами поговорим о RxJava. Я знаю, что о ней написано материала вагон и маленькая тележка, но, как мне кажется, у меня есть пара интересных моментов, которыми стоит поделиться. Сначала расскажу, как мы используем RxJava вместе с архитектурой VIPER для Android приложений, заодно посмотрим на «классический» способ применения. После этого пробежимся по главным особенностям RxJava и остановимся подробнее на том, как устроены планировщики. Если вы уже запаслись вкусняшками, то добро пожаловать под кат.",
        "data": "2020-07-23, 17:43",
        "rating": 2
    },
    {
        "title": "Версионирование в дизайне: как не потеряться в тысяче макетов",
        "description": "— Коллеги, файл project_lastVersion точно финальный? Или project_lastVersion_1?\n— …\n\nЗнакомая ситуация? Мне так точно, особенно когда работаешь в команде с другими дизайнерами. Обычно приходится создать несколько разных версий файлов, количество которых зависит от проекта, правок и других факторов, и головная боль заключается в том, чтобы разобраться во всех этих версиях.\n\nВ статье я расскажу о наиболее актуальных и используемых вариантах контроля версий, а именно: Zeplin (+ Sketch), Figma, Abstract (+ Sketch), то есть опишу функции и особенности этих инструментов, относящиеся именно к версионированию.",
        "data": "2020-07-15, 16:27",
        "rating": 3
    },
    {
        "title": "Симуляторы компьютерных систем: всем знакомый полноплатформенный симулятор и никому неизвестные потактовый и трассы",
        "description": "Во второй части статьи о симуляторах компьютерных систем продолжу рассказывать в простой ознакомительной форме о компьютерных симуляторах, а именно о полноплатформенной симуляции, с которой чаще всего сталкивается обычный пользователь, а также о потактовой модели и трассах, которые больше распространены в кругах разработчиков.",
        "data": "2020-07-02, 18:32",
        "rating": 3
    },
    {
        "title": "Xamarin.Forms. Личный опыт использования",
        "description": "В статье речь пойдет о Xamarin.Forms на примере живого проекта. Кратко поговорим о том, что такое Xamarin.Forms, сравним с похожей технологией WPF, увидим, как достигается кроссплатформенность. Также разберём узкие места, с которыми мы столкнулись в процессе разработки, и добавим немного реактивного программирования с ReactiveUI.",
        "data": "2020-06-25, 13:58",
        "rating": 16
    },
    {
        "title": "Пример использования React Stockcharts для рисования графиков и графических элементов",
        "description": "В статье изложен материал практического использования React для решения задачи построения графиков на основе информации с финансовых рынков. Функционал графиков расширен элементами рисования и индикаторами, что позволяет дополнительно производить анализ при выборе торговой стратегии. Статья может заинтересовать frontend разработчиков, решающих задачи по графическому отображению данных.",
        "data": "2020-06-16, 10:15",
        "rating": 5
    },
    {
        "title": "«COVabulary»: новые трендовые слова в английском",
        "description": "Беспрецедентная ситуация в мире не могла не принести с собой совершенно новые слова в английский язык – Сoronavirusing, Covidiot, Infodemics, Coronic, COVID Boomer и многие другие. Встретить их можно чаще в социальных сетях, они отражают положение дел и настроение людей в самых разных странах. Мы составили мини-словарик с примерами употребления таких слов. Итак, ловите наш «COVabulary» – vocabulary associated with COVID-19.",
        "data": "2020-06-09, 10:23",
        "rating": 1
    },
    {
        "title": "Автоматическое тестирование микросервисов в Docker для непрерывной интеграции",
        "description": "В проектах, связанных с разработкой микросервисной архитектуры, CI/CD переходит из разряда приятной возможности в категорию острой необходимости. Автоматическое тестирование является неотъемлемой частью непрерывной интеграции, грамотный подход к которой способен подарить команде множество приятных вечеров с семьёй и друзьями. В противном же случае, проект рискует быть никогда не завершенным.\n\nМожно покрыть весь код микросервиса юнит-тестами с мок-объектами, но это лишь частично решает задачу и оставляет множество вопросов и сложностей, особенно при тестировании работы с данными. Как всегда, наиболее острые – тестирование консистентности данных в реляционной БД, тестирование работы с облачными сервисами и неверные предположения при написании мок-объектов.\n\nВсе это и немного больше решается тестированием целого микросервиса в Docker-контейнере. Несомненным преимуществом для обеспечения валидности тестов является то, что тестам подвергаются те же самые Docker-образы, что идут в продакшен.\n\nАвтоматизация такого подхода представляет ряд проблем, решение которых будет описано чуть ниже:\n\nконфликты параллельных задач в одном докер-хосте;\nконфликты идентификаторов в БД при итерациях теста;\nожидание готовности микросервисов;\nобъединение и вывод логов во внешние системы;\nтестирование исходящих HTTP-запросов;\nтестирование веб-сокетов (с помощью SignalR);\nтестирование аутентификации и авторизации OAuth.\n\nЭто статья по мотивам моего выступления на SECR 2019. Так что для тех, кому лень читать, вот запись выступления.",
        "data": "2020-06-03, 07:53",
        "rating": 4
    },
    {
        "title": "Симуляторы компьютерных систем – похожи ли на реальность",
        "description": "Простым и доступным языком про основные термины из области симуляторов, а также типы и уровни детализации моделей. Материал для легкого и быстрого знакомства с данным направлением.",
        "data": "2020-05-28, 06:13",
        "rating": 7
    }
]