[
    {
        "title": "Группы консистентных снэпшотов и RestFul API для СХД АЭРОДИСК",
        "description": "Текст статьи не удалось получить",
        "data": "2023-06-01, 05:00",
        "rating": 3
    },
    {
        "title": "Отказоустойчивость СХД АЭРОДИСК в условиях высокой нагрузки",
        "description": "Текст статьи не удалось получить",
        "data": "2023-02-13, 05:05",
        "rating": 0
    },
    {
        "title": "Чего тебе надобно, старче? Составляем дорожную карту развития СХД",
        "description": "Текст статьи не удалось получить",
        "data": "2022-11-10, 11:47",
        "rating": 2
    },
    {
        "title": "Как из просто хорошей разработки сделать безопасную?",
        "description": "Текст статьи не удалось получить",
        "data": "2022-10-18, 05:00",
        "rating": 2
    },
    {
        "title": "Резервное копирование системы виртуализации АЭРОДИСК АИСТ с помощью RuBackup",
        "description": "Текст статьи не удалось получить",
        "data": "2022-05-24, 05:00",
        "rating": 2
    },
    {
        "title": "Техподдержка АЭРОДИСК: как построить хорошо работающую систему и не сойти с ума?",
        "description": "Текст статьи не удалось получить",
        "data": "2022-04-19, 05:00",
        "rating": 0
    },
    {
        "title": "Как скрестить Intel с Эльбрусом: Обзор новой линейки СХД АЭРОДИСК",
        "description": "Текст статьи не удалось получить",
        "data": "2022-03-22, 05:00",
        "rating": 7
    },
    {
        "title": "Российская виртуализация на российском железе: обзор платформы АЭРОДИСК MACHINE-V",
        "description": "Текст статьи не удалось получить",
        "data": "2022-02-28, 05:00",
        "rating": 10
    },
    {
        "title": "АЭРОДИСК vAIR v2. Часть 3. Железный вопрос. Аппаратные платформы, лицензирование, поддержка… и ФСТЭК",
        "description": "Всем привет. В этой статье мы расскажем об аппаратных платформах, которые используются в качестве узлов вычисления и хранения для российской гиперконвергентной системы АЭРОДИСК vAIR v2. Также в этой статье мы расскажем о схеме лицензирования программного обеспечения vAIR, его поддержке и затронем вопрос об аттестации по требованиям ФСТЭК.",
        "data": "2021-06-24, 05:00",
        "rating": 1
    },
    {
        "title": "Нагрузочное тестирование СХД на Эльбрусе на базе нового ядра Линукс версии 5.4",
        "description": "Тестирование СХД Аэродиск Восток на базе процессоров Эльбрус 8С на новом ядре 5.4 показало крайне позитивный результат: 1,4 миллиона IOPS! Пока оптимисты верили и надеялись, а пессимисты снисходительно улыбались, программисты работали — писали код. В итоге новая версия ядра Линукс v5.4 для архитектуры Эльбрус позволила в разы улучшить производительность подсистемы ввода-вывода и полностью реализовать процессора Эльбрус 8С/СВ для систем хранения данных.",
        "data": "2021-05-31, 05:00",
        "rating": 27
    },
    {
        "title": "Гиперконвергентная система АЭРОДИСК vAIR v2. Часть 2. Файловая система ARDFS и её функциональность",
        "description": "Привет, Хабровчане! В этой статье мы продолжим знакомить вас с новой версией российской гиперконвергентной системы АЭРОДИСК vAIR v2. В данном случае в фокус статьи попадет компонент, отвечающий за распределенное хранение данных – файловая система ARDFS – её назначение, применение, функциональность и особенности.",
        "data": "2021-04-27, 17:20",
        "rating": 2
    },
    {
        "title": "Гиперконвергентная система AERODISK vAIR v2. Часть 1. Система виртуализации АИСТ",
        "description": "Всем привет. Этой статьей мы начинаем знакомить вас с новой версией российской гиперконвергентной системы AERODISK vAIR v2, в частности, со встроенным гипервизором АИСТ, который сейчас получил возможность работать автономно от vAIR, используя внешние СХД.",
        "data": "2021-04-14, 05:00",
        "rating": 1
    },
    {
        "title": "Эльбрус VS Intel. Сравниваем производительность систем хранения Аэродиск Восток и Engine",
        "description": "Всем привет. Мы продолжаем знакомить вас с системой хранения данных Аэродиск ВОСТОК, выполненной на базе российского процессора Эльбрус 8C.\n\nВ этой статье мы (как и обещали) детально разберем одну из популярнейших и интереснейших тем, связанной с Эльбрусами, а именно – производительность. На тему производительности Эльбруса есть достаточно много спекуляций, причем абсолютно полярных. Пессимисты говорят, что производительность Эльбруса сейчас «никакая», и чтобы догнать «топовых» производителей потребуются десятилетия (т.е. в условиях нынешней реальности — никогда). С другой стороны, оптимисты говорят, что уже сейчас Эльбрус 8C показывает хорошие результаты, а в ближайшие пару лет с выходом новых версий процессоров (Эльбрус 16С и 32С) мы сможем «догнать и перегнать» ведущих мировых производителей процессоров.\n\nМы в Аэродиске люди практичные, поэтому пошли самым простым и понятным (для нас) путем: протестировать, зафиксировать результаты и только потом делать выводы. В итоге мы провели довольно большое количество тестов и обнаружили ряд особенностей работы Эльбруса 8С архитектуры e2k (в том числе, и приятных) и, конечно же, сравнили это с аналогичными СХД на процессорах Intel Xeon архитектуры x86-64.\n\nКстати, более подробно о тестах, результатах и о будущем развитии СХД на Эльбрусах мы поговорим на нашем очередном вебинаре \"ОколоИТ\" 15.10.2020 в 15 00. Зарегистрироваться можно по ссылке ниже.\n\n→ Регистрация на вебинар",
        "data": "2020-09-28, 05:00",
        "rating": 27
    },
    {
        "title": "Как делается российское железо для СХД Аэродиск Восток на Эльбрусах",
        "description": "Всем привет. Как мы и обещали, погружаем читателей Хабра в детали производства российских аппаратных платформ для СХД Аэродиск Восток на процессорах Эльбрус. В этой статье мы пошагово опишем производство платформы Яхонт-УВМ Э124, которая в 5 юнитах эффективно вмещает 124 диска, может работать при температуре +30 градусов по Цельсию и при этом не просто работает, а хорошо работает.\n\nТакже 05.06.2020 мы организовывали вебинар, где подробно рассказали о технических нюансах производства СХД Восток и заодно ответили вопросы. Запись можно посмотреть по ссылкам ниже:\n\nПромо-версия (краткое содержание за 5 минут)\n\n\nПолная версия",
        "data": "2020-05-28, 17:24",
        "rating": 82
    },
    {
        "title": "СХД AERODISK на отечественных процессорах Эльбрус 8С",
        "description": "Привет, читатели Хабра. Хотим поделиться крайне приятной новостью. Мы, наконец-то, дождались реального серийного выпуска нового поколения российских процессоров Эльбрус 8С. Официально серийный выпуск должен был стартовать аж в 2016 году, но, по факту, именно массовое производство началось только в 2019 году и на текущий момент выпущено уже около 4000 процессоров.\n\nПрактически сразу после старта серийного производства данные процессоры появились и у нас в Аэродиске, за что хотим отдельно поблагодарить компанию НОРСИ-ТРАНС, которая любезно предоставила нам свою аппаратную платформу Яхонт УВМ, поддерживающую процессоры Эльбрус 8С, для выполнения портирования программной части СХД. Это современная, отвечающая всем требованиям МЦСТ универсальная платформа. На данный момент платформа используется спец.потребителями и операторами связи для обеспечения выполнения установленных действий при проведении оперативно-розыскных мероприятий.\n\nНа текущий момент портирование успешно завершено, и уже сейчас СХД AERODISK доступна в варианте с отечественными процессорами Эльбрус.\n\nВ этой статье мы расскажем о самих процессорах, об их истории, архитектуре и, конечно же, о нашей реализации СХД на Эльбрусе.",
        "data": "2019-12-30, 05:00",
        "rating": 39
    },
    {
        "title": "Архитектура AERODISK vAIR или особенности национального кластеростроения",
        "description": "Привет, Хабровчане! Мы продолжаем знакомить вас с российской гиперконвергентной системой AERODISK vAIR. В этой статье речь пойдет об архитектуре данной системы. В прошлой статье мы разобрали нашу файловую систему ARDFS, а в данной статье пройдёмся по всем основным программным компонентам, из которых состоит vAIR, и по их задачам.",
        "data": "2019-11-11, 05:00",
        "rating": 9
    },
    {
        "title": "Гиперконвергентное решение AERODISK vAIR. Основа — файловая система ARDFS",
        "description": "Привет, читатели Хабра. Этой статьей мы открываем цикл, который будет рассказывать о разработанной нами гиперконвергентной системе AERODISK vAIR. Изначально мы хотели первой же статьей рассказать всё обо всём, но система довольно сложная, поэтому будем есть слона по частям.\n\nНачнем рассказ с истории создания системы, углубимся в файловую систему ARDFS, которая является основой vAIR, а также немного порассуждаем о позиционировании этого решения на российском рынке.\n\nВ дальнейших статьях мы будем подробнее рассказывать о разных архитектурных компонентах (кластер, гипервизор, балансировщик нагрузки, система мониторинга и т.п.), процессе настройки, поднимем вопросы лицензирования, отдельно покажем краш-тесты и, конечно же, напишем о нагрузочном тестировании и сайзинге. Также отдельную статью мы посвятим community-версии vAIR.",
        "data": "2019-09-30, 09:37",
        "rating": 18
    },
    {
        "title": "AERODISK Engine: Катастрофоустойчивость. Часть 2. Метрокластер",
        "description": "Привет, читатели Хабра! В прошлой статье мы рассказали о простом средстве катастрофоустойчивости в системах хранения AERODISK ENGINE – о репликации. В этой статье мы погрузимся в более сложную и интересную тему – метрокластер, то есть средство автоматизированной защиты от катастроф для двух ЦОД-ов, позволяющее работать ЦОД-ам в режиме active-active. Расскажем, покажем, сломаем и починим.",
        "data": "2019-07-16, 21:19",
        "rating": 7
    },
    {
        "title": "AERODISK Engine: Катастрофоустойчивость. Часть 1",
        "description": "Привет, читатели хабра! Темой этой статьи будет реализация средств катастрофоустойчивости в системах хранения AERODISK Engine. Изначально мы хотели написать в одной статье про оба средства: репликацию и метрокластер, но, к сожалению, статья получилась слишком большой, поэтому мы разбили статью на две части. Пойдем от простого к сложному. В этой статье мы настроим и протестируем синхронную репликацию – уроним один ЦОД, а также оборвем канал связи между ЦОД-ами и посмотрим, что из этого получится.",
        "data": "2019-06-17, 08:34",
        "rating": 11
    },
    {
        "title": "AERODISK: ожидание vs. реальность",
        "description": "Всем привет. В этой статье мы публикуем мнение нашего партнера — системного интегратора — компании Ulagos. Речь в ней пойдёт о том, как видят компанию Аэродиск заказчики, о том, как в принципе воспринимается любое российское решение и о том, чем заканчивается внедрение и как работает поддержка.",
        "data": "2019-06-11, 23:57",
        "rating": -6
    },
    {
        "title": "Российская СХД AERODISK: нагрузочное тестирование. Выжимаем IOPS-ы",
        "description": "Всем привет! Как и обещали, публикуем результаты нагрузочного теста системы хранения данных российского производства – AERODISK ENGINE N2.",
        "data": "2019-05-13, 07:26",
        "rating": 3
    },
    {
        "title": "Краш-тесты СХД AERODISK ENGINE N2, проверка на прочность",
        "description": "Всем привет! Этой статьей компания AERODISK открывает блог на Хабре. Ура, товарищи!\n\nВ предыдущих статьях на Хабре были рассмотрены вопросы об архитектуре и базовой настройке СХД. В этой статье мы рассмотрим вопрос, который ранее не был освещен, но его часто задавали – об отказоустойчивости СХД AERODISK ENGINE. Наша команда будет делать все, чтобы СХД AERODISK перестала работать, т.е. ломать её.",
        "data": "2019-04-08, 10:04",
        "rating": 11
    }
]