[
    {
        "title": "Быстро, точно, градиентно: как наш подход к градиентному бустингу повышает эффективность моделей",
        "description": "Текст статьи не удалось получить",
        "data": "2023-05-30, 15:58",
        "rating": 5
    },
    {
        "title": "Как разработать модель выявления связанных компаний на основании анализа транзакций",
        "description": "Текст статьи не удалось получить",
        "data": "2023-05-23, 13:38",
        "rating": 5
    },
    {
        "title": "Новые горизонты в оценке рисков: как источники данных помогают создать точные модели",
        "description": "Текст статьи не удалось получить",
        "data": "2023-04-28, 12:32",
        "rating": 5
    },
    {
        "title": "Пакетное тестирование скоринговых моделей",
        "description": "Текст статьи не удалось получить",
        "data": "2023-04-19, 14:25",
        "rating": 4
    },
    {
        "title": "ML-пайплайн классических банковских моделей классификации",
        "description": "Текст статьи не удалось получить",
        "data": "2023-03-30, 17:22",
        "rating": 5
    },
    {
        "title": "Дублирующий скрипт: как с его помощью мы ускорили бизнес-процесс с двух рабочих дней до семи минут",
        "description": "Текст статьи не удалось получить",
        "data": "2023-03-16, 16:18",
        "rating": 7
    },
    {
        "title": "Почему UserStory и ныне там?",
        "description": "Текст статьи не удалось получить",
        "data": "2023-03-09, 14:04",
        "rating": 3
    },
    {
        "title": "Бережем время, деньги, нервы: наш опыт улучшения справочника факторов для ML-моделей оценки риска",
        "description": "Текст статьи не удалось получить",
        "data": "2023-02-21, 11:46",
        "rating": 0
    },
    {
        "title": "Что делать агентам изменений, когда культура компании каждый день норовит съесть их на завтрак?",
        "description": "Текст статьи не удалось получить",
        "data": "2022-06-29, 17:53",
        "rating": 10
    },
    {
        "title": "Когда контекст доступа важен: авторизация в микросервисной платформе на GraphQL",
        "description": "Текст статьи не удалось получить",
        "data": "2022-06-01, 12:33",
        "rating": 7
    },
    {
        "title": "Сколько весит 1 килограмм ТЗ?",
        "description": "Текст статьи не удалось получить",
        "data": "2022-01-27, 15:02",
        "rating": 1
    },
    {
        "title": "Семь главных вызовов для российских спецов UX от Эрика Райса",
        "description": "Текст статьи не удалось получить",
        "data": "2021-12-14, 14:04",
        "rating": 1
    },
    {
        "title": "WORLD USABILITY DAY 2021 — уже на этой неделе: успей на онлайн-конференцию с топовыми спикерами",
        "description": "Текст статьи не удалось получить",
        "data": "2021-11-08, 12:57",
        "rating": 0
    },
    {
        "title": "“Тайный клуб системной аналитики” или путь к идеалу",
        "description": "Текст статьи не удалось получить",
        "data": "2021-08-12, 13:26",
        "rating": 4
    },
    {
        "title": "Сказ о двух племенах: как разрабы и бизнес в банке «Открытие» на Agile переходили",
        "description": "Текст статьи не удалось получить",
        "data": "2021-07-28, 12:32",
        "rating": -1
    },
    {
        "title": "Как мы настроили CI/CD, чтобы релизить часто и без страха",
        "description": "Текст статьи не удалось получить",
        "data": "2021-07-20, 11:06",
        "rating": 1
    },
    {
        "title": "До 40 релизов в день в Enterprise: наша сool story",
        "description": "Текст статьи не удалось получить",
        "data": "2021-06-17, 11:52",
        "rating": 5
    },
    {
        "title": "Как мы за неделю создали чат-бота и подружили его с веб-приложением",
        "description": "Чат-боты – новомодный тренд с многообещающими перспективами: в большинстве ситуаций искусственный интеллект эффективнее традиционных веб-приложений. Однако при интеграции новых технологий не стоит забывать о пользователях, не желающих – или не имеющих возможности – отказываться от привычных форм взаимодействия. Сегодня мы расскажем о том, как в течение недели создать чат-бота, обслуживающего конференции, и подружить его с классическим веб-приложением.\n\n\nФото chatbotsmagazine.com",
        "data": "2017-09-28, 13:45",
        "rating": 21
    },
    {
        "title": "Open Fights Codility 2017: новый хакатон от банка «Открытие»",
        "description": "Что будет\n\n16-17 сентября мы проведем хакатон Open Fights Codility по мобильной и веб-разработке. Если ты фанатеешь от чистоты кода, автотестов и DevOps-практик, у тебя есть профиль на GitHub и ты активно коммитишь в свои или Open Source репозитории, а еще хочешь хоть чуть-чуть изменить мир вокруг себя — приходи к нам на «Рабочую Станцию» в Парке Горького. Будет продуктивно и весело!",
        "data": "2017-08-25, 17:47",
        "rating": -6
    },
    {
        "title": "Опыт внедрения сервиса мобильных платежей Apple Pay в банке",
        "description": "В этой статье мы бы хотели поделиться своим практическим опытом внедрение сервиса мобильных платежей Apple Pay, какие проектные подходы мы использовали при решении этой непростой задачи, и какие моменты нужно учесть, если вы планируете внедрение этого сервиса у себя.",
        "data": "2017-07-12, 18:53",
        "rating": -7
    },
    {
        "title": "Банк «Открытие» проводит харвест по кредитованию малого бизнеса",
        "description": "Банк «Открытие» собирает лучшие идеи по кредитованию малого бизнеса. Мы проводим открытый конкурс и предлагаем его участникам разработать прототип инновационного банковского продукта для малого бизнеса и предпринимателей. Финальная битва претендентов пройдет 29—30 июля в Москве.\n\nУчастникам нужно предложить идею продукта, не имеющего аналогов на рынке, и проработанный бизнес-кейс. Главный приз победившей команде — 500 000 рублей.\n\nЗаявки принимаются как от команд, так и от индивидуальных участников, из которых будут сформированы команды. Последний день подачи заявки — 25 июля.\n\nПодробности можно узнать по ссылке: openfightbizz.ru",
        "data": "2017-07-11, 16:20",
        "rating": 0
    },
    {
        "title": "Командная разработка системы на базе MS Dynamics CRM",
        "description": "Сегодня мы расскажем о том, как в компании построили командную разработку на платформе MS Dynamics CRM. Эта платформа, как большинство проприетарных систем без исходного кода, несет в себе ряд ограничений и дополнительных сложностей для разработчиков. Настройка системы, создание внутренних сущностей, создание UI – все это реализовано внутренними средствами платформы, при этом внутреннего языка нет, возможности по переносу настроек ограничены выгрузкой во внутреннем, недокументированном формате.",
        "data": "2017-06-26, 14:41",
        "rating": 6
    },
    {
        "title": "Как мы улучшали TFS",
        "description": "Ранее, когда у нас не было своего корпоративного блога, я писал о том, как мы используем Microsoft TFS (Visual Studio Team Servives on Premises) для управления жизненным циклом разработки ПО и для автоматизации тестирования. В частности мы собрали большой набор автотестов по разным системам в один пакет, который запускаем каждый день. Подробнее об этом я рассказывал на конференции DevOpsDaysMoscow ( презентация, видео выступления )",
        "data": "2017-06-02, 14:06",
        "rating": 7
    },
    {
        "title": "Скорость – нужна ли она банковским сайтам",
        "description": "Мы живём в мире, в котором от скорости получения интересующей нас информации зависит принятие решений. Одни технологические компании бьются над созданием быстрых браузеров, другие разрабатывают фреймворки для создания веб приложений и на своих конференциях рассказывают о том, как им удалось заменой одного фрэймворка на его новую версию увеличить скорость взаимодействия на 900 миллисекунд, третьи же компании развивают сети доставки контента (далее CDN), пытаясь разместить контент территориально поближе к потребителю и создавая алгоритмы его доставки максимально кратчайшими маршрутами.",
        "data": "2017-05-15, 16:42",
        "rating": 4
    }
]