[
    {
        "title": "Хорошая документация: критерии, методика разработки и личный опыт техписателя",
        "description": "Текст статьи не удалось получить",
        "data": "2023-04-06, 10:41",
        "rating": 2
    },
    {
        "title": "Как в РНКБ IPv6 внедряли",
        "description": "Текст статьи не удалось получить",
        "data": "2023-04-04, 18:59",
        "rating": 14
    },
    {
        "title": "Введение в Jetpack Compose",
        "description": "Текст статьи не удалось получить",
        "data": "2022-06-02, 21:24",
        "rating": 11
    }
]