[
    {
        "title": "Путь становления. От стажёра до тестировщика",
        "description": "Текст статьи не удалось получить",
        "data": "2023-07-18, 14:46",
        "rating": 0
    },
    {
        "title": "Как создать дизайн-систему, в которой комфортно всем",
        "description": "Текст статьи не удалось получить",
        "data": "2023-06-05, 18:28",
        "rating": 4
    },
    {
        "title": "Самый быстрый форматер кода",
        "description": "Текст статьи не удалось получить",
        "data": "2023-05-30, 10:01",
        "rating": 11
    }
]