[
    {
        "title": "Настраиваем CI/CD для тестовой инфраструктуры Android",
        "description": "Текст статьи не удалось получить",
        "data": "2023-07-03, 08:48",
        "rating": 5
    },
    {
        "title": "JIRA и JavaScript: кастомная форма внутри стандартной формы экрана создания",
        "description": "Текст статьи не удалось получить",
        "data": "2023-06-19, 08:48",
        "rating": 3
    },
    {
        "title": "«Фокус-покус», или еще одна попытка побороть Leanback",
        "description": "Текст статьи не удалось получить",
        "data": "2023-06-05, 08:48",
        "rating": 3
    },
    {
        "title": "Настраиваем Gitlab CI для сборки Android-проекта",
        "description": "Текст статьи не удалось получить",
        "data": "2022-12-19, 08:48",
        "rating": 12
    },
    {
        "title": "Делаем плавный скролл в нагруженных таблицах",
        "description": "Как часто вы обращали внимание на плавный скролл в мобильных приложениях?\nВ этой статье я предлагаю рассмотреть технические аспекты работы со сложными таблицами. Кстати говоря, работа с коллекциями будет аналогична.\nКажется, что это очень не важный элемент при их разработке. Но в действительности это не так. Для многих пользователей важен перфоманс — плавность прокрутки и производительность отрисовки, — потому что это обеспечивает комфортное использование приложения. \nПолучается, реализация плавного скролла является одной из наших приоритетных задач, решить которую очень непросто. ",
        "data": "2022-12-05, 08:48",
        "rating": 10
    },
    {
        "title": "Поиск не вставая с дивана, или как подружить приложение со Сбер Ассистентом",
        "description": "Текст статьи не удалось получить",
        "data": "2022-11-22, 20:22",
        "rating": 4
    },
    {
        "title": "Туда и обратно: как мы пытались отследить актуальное время в Android",
        "description": "Текст статьи не удалось получить",
        "data": "2022-11-07, 20:54",
        "rating": 5
    },
    {
        "title": "Приключения онлайн-кинотеатра Premier в Android TV, или Как мы javascript внедряли",
        "description": "Текст статьи не удалось получить",
        "data": "2022-10-24, 13:15",
        "rating": 6
    }
]