[
    {
        "title": "Как построить QA-направление в большом холдинге",
        "description": "Текст статьи не удалось получить",
        "data": "2023-07-14, 13:53",
        "rating": 7
    },
    {
        "title": "Атлант исправил плечи: вторая линия поддержки IT-проектов ЕВРАЗа",
        "description": "Текст статьи не удалось получить",
        "data": "2023-05-31, 14:58",
        "rating": 5
    },
    {
        "title": "Хакатон ЕВРАЗа 2.0: 40 часов металлургии, веб-разработки и аналитики",
        "description": "Текст статьи не удалось получить",
        "data": "2023-05-04, 11:55",
        "rating": 3
    },
    {
        "title": "И конфеты за меня есть будете? AutoML в помощь Citizen Data Scientist’у",
        "description": "Текст статьи не удалось получить",
        "data": "2023-04-05, 14:12",
        "rating": 11
    },
    {
        "title": "Citizen Data Scientist в ЕВРАЗе: «войти в айти» здорового человека",
        "description": "Текст статьи не удалось получить",
        "data": "2022-12-19, 12:02",
        "rating": 5
    },
    {
        "title": "Техлид на заводе: как проходит мой день",
        "description": "Текст статьи не удалось получить",
        "data": "2022-11-24, 15:52",
        "rating": 7
    },
    {
        "title": "Тех же щей, да поменьше влей: оптимизируем расход ферросплавов с помощью ML",
        "description": "Текст статьи не удалось получить",
        "data": "2022-07-21, 16:55",
        "rating": 19
    },
    {
        "title": "Прогнозировать и предотвращать отказы: как мы внедрили предиктивную аналитику на трех МНЛЗ",
        "description": "Текст статьи не удалось получить",
        "data": "2022-04-06, 13:27",
        "rating": 2
    },
    {
        "title": "Как мы создавали UI Kit: все о стилизации комплексных React-компонентов",
        "description": "Текст статьи не удалось получить",
        "data": "2022-03-23, 08:55",
        "rating": 4
    },
    {
        "title": "Видеоаналитика на производстве. Как искусственный интеллект работает там, где не справляется человек",
        "description": "Текст статьи не удалось получить",
        "data": "2022-01-13, 11:49",
        "rating": 7
    },
    {
        "title": "Металлургический хакатон ЕВРАЗа по Data Science: результаты, проекты и победители",
        "description": "Текст статьи не удалось получить",
        "data": "2021-11-17, 16:04",
        "rating": 2
    },
    {
        "title": "Название статьи не удалось получить",
        "description": "Текст статьи не удалось получить",
        "data": "2021-11-08, 10:17",
        "rating": 24
    },
    {
        "title": "Цифровизация в металлургии: ЕВРАЗ проводит хакатон по Data Science",
        "description": "Текст статьи не удалось получить",
        "data": "2021-10-22, 14:40",
        "rating": 4
    },
    {
        "title": "Хитрый сплав: как мы соединили дата-сайентистов, разработчиков и технологов и чем это помогло металлургии",
        "description": "Текст статьи не удалось получить",
        "data": "2021-08-26, 14:46",
        "rating": 12
    }
]