[
    {
        "title": "Внедряем Gitleaks для анализа pull request на наличие секретов в Azure DevOps Server",
        "description": "Текст статьи не удалось получить",
        "data": "2023-07-19, 14:09",
        "rating": 1
    },
    {
        "title": "Расчёт ёмкости, или как мы гадаем на SP",
        "description": "Текст статьи не удалось получить",
        "data": "2023-05-02, 11:37",
        "rating": 4
    },
    {
        "title": "3 типа системных аналитиков и как с ними работать",
        "description": "Текст статьи не удалось получить",
        "data": "2022-10-06, 11:51",
        "rating": 1
    },
    {
        "title": "Вакцинирование продом",
        "description": "Текст статьи не удалось получить",
        "data": "2022-07-13, 14:20",
        "rating": 13
    },
    {
        "title": "Лучшие практики тестирования API",
        "description": "Текст статьи не удалось получить",
        "data": "2022-06-10, 11:39",
        "rating": 3
    },
    {
        "title": "Oracle. Ещё один способ партиционирования больших и нагруженных таблиц",
        "description": "Текст статьи не удалось получить",
        "data": "2022-05-18, 09:32",
        "rating": 5
    }
]