[
    {
        "title": "Красота не главное: руководство по Jira для нетехнарей",
        "description": "Текст статьи не удалось получить",
        "data": "2023-07-07, 14:24",
        "rating": 8
    },
    {
        "title": "Как и зачем аналитику проводить UX тесты. Часть вторая",
        "description": "Текст статьи не удалось получить",
        "data": "2023-05-24, 22:04",
        "rating": 2
    },
    {
        "title": "Как и зачем аналитику проводить UX тесты. Часть первая",
        "description": "Текст статьи не удалось получить",
        "data": "2023-05-12, 14:20",
        "rating": 9
    },
    {
        "title": "Bottom sheet: Scrolling and interactions",
        "description": "Текст статьи не удалось получить",
        "data": "2022-12-06, 13:44",
        "rating": 9
    },
    {
        "title": "Работа с гипотезами, продуктовый подход к процессам и их визуализация: о чём мы поговорили на первом Delivery-митапе",
        "description": "Текст статьи не удалось получить",
        "data": "2022-12-01, 16:37",
        "rating": 2
    },
    {
        "title": "Bottom sheet: Navigation",
        "description": "Текст статьи не удалось получить",
        "data": "2022-11-28, 14:11",
        "rating": 7
    },
    {
        "title": "Bottom sheet: Custom transitioning",
        "description": "Текст статьи не удалось получить",
        "data": "2022-11-17, 17:46",
        "rating": 12
    },
    {
        "title": "НЕхакактон: интеллектуальный марафон идей для каждого",
        "description": "Текст статьи не удалось получить",
        "data": "2022-10-06, 18:02",
        "rating": 3
    },
    {
        "title": "Как создавать анимации в Jetpack Compose",
        "description": "Текст статьи не удалось получить",
        "data": "2022-08-22, 15:49",
        "rating": 17
    },
    {
        "title": "Встречают по одёжке: как мы меняем главную в приложении с 13 миллионами MAU",
        "description": "Текст статьи не удалось получить",
        "data": "2022-04-29, 19:29",
        "rating": 10
    },
    {
        "title": "Как максимизировать своё capacity (2)",
        "description": "Текст статьи не удалось получить",
        "data": "2022-04-12, 17:14",
        "rating": 13
    },
    {
        "title": "Как максимизировать своё capacity (1)",
        "description": "Текст статьи не удалось получить",
        "data": "2022-04-11, 19:21",
        "rating": 18
    },
    {
        "title": "Ключевые метрики: как мы рассчитывали RPS, а пришли к custdev",
        "description": "Текст статьи не удалось получить",
        "data": "2022-03-30, 11:43",
        "rating": 14
    },
    {
        "title": "Чем заняться продакту в новой команде, когда команды ещё нет?",
        "description": "Текст статьи не удалось получить",
        "data": "2022-02-16, 11:06",
        "rating": 5
    },
    {
        "title": "Корпоративная культура как двигатель найма",
        "description": "Текст статьи не удалось получить",
        "data": "2022-02-03, 10:54",
        "rating": 3
    },
    {
        "title": "Как я выгорел на работе и как этого не допускать",
        "description": "Текст статьи не удалось получить",
        "data": "2021-12-30, 12:44",
        "rating": 10
    },
    {
        "title": "Оценка задач в Story Points для больших и молодых команд разработки",
        "description": "Текст статьи не удалось получить",
        "data": "2021-11-23, 10:12",
        "rating": 9
    },
    {
        "title": "Гигиена встреч для продакта: как не сойти с ума от митингов",
        "description": "Текст статьи не удалось получить",
        "data": "2021-11-12, 11:30",
        "rating": 5
    },
    {
        "title": "Аналитический коктейль, или Кто такой инженер-аналитик в Кошельке",
        "description": "Текст статьи не удалось получить",
        "data": "2021-10-25, 14:31",
        "rating": 1
    },
    {
        "title": "Scrum для аналитиков. Как мы построили процессы в Кошельке",
        "description": "Текст статьи не удалось получить",
        "data": "2021-07-28, 12:12",
        "rating": 4
    },
    {
        "title": "In-App-Review. Фильтруем негативные отзывы",
        "description": "Текст статьи не удалось получить",
        "data": "2021-04-15, 12:23",
        "rating": 7
    },
    {
        "title": "Всё кажется невозможным, пока не будет сделано, или Как работали HR Кошелька во времена бушующего коронавируса",
        "description": "Текст статьи не удалось получить",
        "data": "2021-03-16, 14:22",
        "rating": 14
    },
    {
        "title": "Как выбрать тимлида",
        "description": "Текст статьи не удалось получить",
        "data": "2021-01-26, 18:25",
        "rating": 21
    },
    {
        "title": "Как запустить конкурс разработчиков и не свести с ума всю команду",
        "description": "В ноябре-декабре 2020 года мы, компания Cardsmobile — разработчик мобильного приложения «Кошелёк», провели конкурс разработчиков Кошелёк Mobile Challenge. По итогам конкурса мы получили шестнадцать готовых заданий, выбрали шесть победителей, познакомились с ними, провели пять интервью в команду и вручили 1 млн рублей призового фонда. Это был наш первый подобный проект, и в его подготовке мы столкнулись с некоторыми сложностями. Сегодня я, РМ конкурса, хочу рассказать, с чего начать, если вы хотите запустить конкурс для разработчиков, и как с этим проектом справилась наша команда.",
        "data": "2021-01-22, 11:26",
        "rating": 6
    },
    {
        "title": "Кошелёк Mobile Challenge: итоги конкурса и подробный разбор решений командой разработки",
        "description": "Текст статьи не удалось получить",
        "data": "2020-12-18, 13:20",
        "rating": 10
    },
    {
        "title": "Как мы автоматизировали выгрузки и другие Ad-hoc задачи аналитика с помощью Zeppelin",
        "description": "На момент написания этой статьи в компании Cardsmobile, которая разрабатывает мобильное приложение «Кошелёк», работает 195 человек: 8 аналитиков и 187 потенциальных заказчиков аналитиков. Мы делаем приложение для конечных пользователей, а также работаем с ритейлом, банками, брендами и другими партнерами. Долгое время работа аналитика в Кошельке состояла не только из исследований поведения пользователя, но и из различных выгрузок, типовых анализов для партнеров и прогнозов для потенциальных клиентов. Конечно, дашборды сильно спасали нам жизнь и позволяли всей компании следить за показателями продукта. Но мы всё ещё тратили время на остальную текучку, и с ростом команды (заказчиков) и бизнеса упёрлись: Ad-hoc задач стало слишком много, а исследования, желание развиваться и светлое будущее простаивали в отсутствие у нас времени.",
        "data": "2020-12-16, 18:14",
        "rating": 8
    },
    {
        "title": "Как добавить 3D в iOS приложение c помощью SceneKit",
        "description": "Одна из запоминающихся частей приложения «Кошелёк» — 3D-изображение карт и купонов с источниками света, бликами на поверхности и возможностью вращения. На собеседованиях кандидаты часто спрашивают, как мы это реализовали, и так как тема многим интересна, расскажем об этом подробнее. Результат нашей работы не является сверхсложным самописным 3D-движком, но в целом что-то подобное редко встречается в бизнесовых приложениях. И если у вас есть задачи, подобные этой, но они кажутся непонятными — давайте продолжим.",
        "data": "2020-11-26, 12:10",
        "rating": 12
    },
    {
        "title": "Кошелёк запускает конкурс мобильных разработчиков с призовым фондом в 1 000 000 рублей",
        "description": "Полчаса назад мы запустили Кошелёк Mobile Challenge — конкурс для iOS и Android разработчиков, в котором можно решить реальный кейс приложения и заработать от 100 до 250 тысяч рублей. Лучших участников мы также пригласим в команду, чтобы вместе запустить наш сервис на европейских рынках в 2021 году.",
        "data": "2020-11-02, 12:00",
        "rating": 5
    },
    {
        "title": "За двумя мобильными сервисами: HMS и GMS в одном приложении",
        "description": "Привет, Хабр! Меня зовут Андрей, я делаю приложение «Кошелёк» для Android. Уже больше полугода мы помогаем пользователям смартфонов Huawei оплачивать покупки банковскими картами бесконтактно — через NFC. Для этого нам потребовалось добавить поддержку HMS: Push Kit, Map Kit и Safety Detect. Под катом я расскажу, какие проблемы нам пришлось решать при разработке, почему именно так и что из этого вышло, а также поделюсь тестовым проектом для более быстрого погружения в тему.",
        "data": "2020-10-05, 09:51",
        "rating": 14
    },
    {
        "title": "Виджеты в iOS 14 – возможности и ограничения",
        "description": "В этом году для iOS-разработчиков появилось сразу несколько интересных возможностей посадить батарейку айфона улучшить пользовательский опыт, одна из таких — новые виджеты. Пока мы все находимся в ожидании выхода релизной версии ОС, хотел бы поделиться опытом написания виджета для приложения «Кошелёк» и рассказать, с какими возможностями и ограничениями наша команда столкнулась на бета-версиях Xcode.",
        "data": "2020-09-17, 13:36",
        "rating": 21
    },
    {
        "title": "Как мы загружали банковскую карту из iPhone в брелок",
        "description": "С каждым годом всё больше компаний проявляют интерес к проектам, связанным с интернетом вещей (Internet of Things, IoT). \n\nВ статье я расскажу о созданной нами IoT платформе, о способах загрузки банковских карт в носимые устройства, об исследовании возможностей фреймворка Core NFC iOS и о возможной схеме мошенничества с использованием смартфонов с NFC.\n\nСтатья может быть полезна руководителям продуктов, технологам, iOS разработчикам, QA инженерам, которые занимаются мобильными платежами, а также всем, кто интересуется технологиями финтех-отрасли, для расширения кругозора.",
        "data": "2020-08-18, 12:41",
        "rating": 25
    },
    {
        "title": "Как вести технический блог?",
        "description": "Я работаю в коммерческой разработке с 2011 года. С конца 2012 занимаюсь разработкой под iOS. Свою первую техническую статью я написал на Хабре в начале 2017 года про подход к локализации мобильных приложений. Потом выпустил ещё несколько статей по iOS-разработке на Хабре и в конце 2017 года я перешёл в новую компанию и решил вести блог про solution architecture https://medium.com/@nvashanin, где начал описывать общие концепты, обязанности архитектора, его скилл-сет и т.д. К лету 2020 года количество просмотров моих статей перевалило за 800 тысяч, а количество времени, которое люди потратили на прочтение — больше 6 млн минут, или около 12 лет чистого времени. Флагманская статья была переведена другими людьми на разные языки: например, польский или испанский.\n\nВ статье я расскажу про свой путь к техническому блогу — от идеи до регулярных публикаций. Расскажу, о чём можно писать, как писать и как оформлять статьи, а также о том, как на них заработать. Мне, например, удалось купить себе часы на деньги, которые принёс блог. Статья подойдёт тем, кто только задумывается о написании статей, а также будет полезна и тем, кто уже активно пишет.",
        "data": "2020-07-04, 12:21",
        "rating": 68
    }
]