[
    {
        "title": "Как войти в ИБ: кто нужен компаниям и где получать образование",
        "description": "Согласно данным исследовательского центра Positive Research, результативность кибератак осталась на уровне 2021 года: количество атак возросло, но, к сожалению, увеличилось и число успешных взломов. Причин этому несколько: рост числа уязвимостей и их неустранение, нехватка кадров более чем у 90% компаний.\nВ связи с этим спрос на специалистов по информационной безопасности из года в год растет. По данным сайта hh.ru, количество вакансий по данной специальности – более 3000. Для сравнения, в апреле 2022 года – ~2400 вакансий.\nСотрудник Центра информационных технологий Татарстана рассказывает, как \"вкатился\" в ИТ, нужно ли высшее образование, и в чем особенности рынка ИБ.\n ",
        "data": "2023-07-20, 15:42",
        "rating": -3
    },
    {
        "title": "Разработка мобильного термопринтера на базе модуля ESP32: опыт студента",
        "description": "Современные технологии играют ключевую роль в развитии автоматизации и упрощении наших повседневных задач. В рамках этого контекста, одним из наиболее распространенных устройств является термопринтер – устройство, которое использует нагрев для вывода информации на бумагу. В статье студент Казанского техникума информационных технологий и связи проходит пошагово по процессу изготовления мобильного термопринтера, с возможностью управления через мобильное приложение.\nСсылка на репозиторий GitHub.\nСписок необходимых компонентов:\n• 2 аккумулятора 18650;\n• BMS контроллер;\n• OLED экран 128х64;\n• плата зарядки;\n• USB-TTL конвертер CH340;\n• зуммер;\n• конвертер уровней;\n• модуль термопринтера qr204;\n• энкодер;\n• понижающие dc-dc стабилизаторы напряжения;\n• кнопки и резисторы.\nСборка\nДля начала я изготовил печатную плату.\nДля изготовления печатных плат можно использовать различные технологии, но я остановился на технологии фоторезиста, так как в данном проекте используются тонкие дорожки и необходима высокая точность. Также для защиты платы я покрыл ее специальной маской (Mechanic). На картинке ниже представлена готовая печатная плата.",
        "data": "2023-07-06, 10:37",
        "rating": 7
    },
    {
        "title": "Реалити-шоу об ИТ-стартапах: кому это нужно, и как поставить цель, которая поднимет тебя с кровати",
        "description": "Текст статьи не удалось получить",
        "data": "2023-06-27, 17:17",
        "rating": -1
    },
    {
        "title": "Репозиторий кода в условиях импортозамещения. Наш опыт перехода с Bitbucket на Gitlab CE",
        "description": "Текст статьи не удалось получить",
        "data": "2023-06-27, 10:35",
        "rating": -9
    },
    {
        "title": "Как мы начали использовать практики DevOps в процессе обучения. Terraform",
        "description": "В рамках обучения специальности «Сетевое и системное администрирование» студенты не только приобретают теоретические знания, но и активно применяют их на практике, используя виртуальные машины. Но с появлением новых технологий и возможностей мы решили упростить и автоматизировать этот процесс при помощи Terraform – инструмента инфраструктурного управления. Это позволило не только студентам более эффективно закреплять полученные знания, но и облегчило жизнь преподавателям и сотрудникам техникума. \nВ статье преподаватель Международного центра компетенции – Казанского техникума информационных технологий и связи (МЦК-КТИТС) – рассказывает о своем опыте, и о том, как Terraform помогает автоматизировать процесс создания, изменения и удаления виртуальной инфраструктуры.",
        "data": "2023-06-13, 12:47",
        "rating": -1
    },
    {
        "title": "Опыт реализации SSO в приложении Axon средствами SAML 2.0",
        "description": "Текст статьи не удалось получить",
        "data": "2023-05-26, 09:46",
        "rating": 0
    },
    {
        "title": "Лишиться потенциального единорога из-за обвинений в краже кода: что делать, чтобы этого не произошло",
        "description": "Текст статьи не удалось получить",
        "data": "2023-05-25, 11:02",
        "rating": 13
    },
    {
        "title": "Сервис, лишивший чиновника шансов «потерять бумажку»: 18 лет на страже эффективного менеджмента",
        "description": "Цифровизация госуслуг – это масштабный вопрос, который решается лишь комплексным путем. Нельзя разрабатывать сервисы и приложения для жителей, если внутри самого госаппарата не будут применяться современные бизнес-процессы и информационные системы. В 2005 году Татарстан сделал ставку на собственный продукт – Единую межведомственную систему электронного документооборота Республики Татарстан (ЕМСЭД).\nВ статье от Центра цифровой трансформации РТ (организует работу ЕМСЭД) рассказываем, как появилась система и как за это время стала важным инструментом в повышении качества работы госорганов, для чего используются токены, с какими сложностями приходится сталкиваться.\nНемного об истории создания системы\nДо 2006 года все официальные письма, приказы и другая официальная документация в Республике Татарстан распространялись исключительно в бумажном виде.\nДокументы хранились в бумажном виде или у сотрудников на компьютерах.\nИ тот, и другой способ однозначно нельзя назвать надежными, ведь в огромной кипе бумаг легко потерять важный документ, а любую папку на компьютере легко стереть случайным движением/попаданием вируса/поломкой техники. Были попытки использования существующих ПО для реализации электронного документооборота, однако далеко не каждая организация на тот момент могла позволить себе приобрести лицензию для всех сотрудников, а также нанять специалиста, который бы устанавливал и обслуживал ПК. Кроме того, масштаб предполагаемого охвата в то время уже был серьезным вызовом.",
        "data": "2023-05-24, 15:12",
        "rating": -2
    },
    {
        "title": "Программатор SPI Flash на Arduino для BIOS: как вернуться в рабочее состояние",
        "description": "Текст статьи не удалось получить",
        "data": "2023-05-13, 10:39",
        "rating": 6
    },
    {
        "title": "Центр отраслевых кластеров ИТ-парка: почему это нужно крупным корпорациям?",
        "description": "Текст статьи не удалось получить",
        "data": "2023-04-28, 13:45",
        "rating": -2
    },
    {
        "title": "«Гиги за оценки». Как школьники Татарстана получают мегабайты Интернета за пятерки",
        "description": "Текст статьи не удалось получить",
        "data": "2023-04-27, 22:10",
        "rating": -4
    },
    {
        "title": "GNS3 как открытая замена Packet Tracer в процессе учебной деятельности",
        "description": "Текст статьи не удалось получить",
        "data": "2023-04-10, 22:47",
        "rating": 3
    },
    {
        "title": "Как мы тестируем форматы поддержки IT-стартапов в Татарстане",
        "description": "Текст статьи не удалось получить",
        "data": "2023-03-31, 16:31",
        "rating": 2
    },
    {
        "title": "Роботизированная автоматизация бизнес-процессов в государственных органах власти: как это устроено в Татарстане",
        "description": "Текст статьи не удалось получить",
        "data": "2023-03-31, 12:59",
        "rating": 0
    },
    {
        "title": "«Человек. Собака. Человек с собакой». Как искусственный интеллект понимает, что жизни школьников в опасности",
        "description": "Текст статьи не удалось получить",
        "data": "2023-03-24, 17:45",
        "rating": 4
    },
    {
        "title": "Региональные сообщества разработчиков игр: как они помогут развитию геймдева в России?",
        "description": "Текст статьи не удалось получить",
        "data": "2023-03-06, 16:08",
        "rating": -4
    },
    {
        "title": "Безопасная информатизация: как мы создали единую инфраструктуру для всех бюджетных учреждений республики",
        "description": "Текст статьи не удалось получить",
        "data": "2023-03-02, 16:51",
        "rating": 0
    },
    {
        "title": "Пароль из 27 символов: как сегодня защищать себя и свою компанию?",
        "description": "Текст статьи не удалось получить",
        "data": "2023-02-17, 15:49",
        "rating": -3
    },
    {
        "title": "Netcode for GameObject, или ещё один способ пилить многопользовательские игры на коленке",
        "description": "Текст статьи не удалось получить",
        "data": "2023-02-16, 10:23",
        "rating": 1
    },
    {
        "title": "Управление на основе данных. Что общего между электронным дневником и базой налоговой?",
        "description": "Текст статьи не удалось получить",
        "data": "2023-02-02, 17:00",
        "rating": 0
    },
    {
        "title": "Как мы защищались от DDoS-атак в 2022 году: кейс Центра информационных технологий",
        "description": "Текст статьи не удалось получить",
        "data": "2023-01-31, 14:12",
        "rating": -1
    },
    {
        "title": "Синдром любящей бабушки: почему в России все еще “угоняют” Telegram",
        "description": "Текст статьи не удалось получить",
        "data": "2023-01-31, 09:19",
        "rating": 16
    },
    {
        "title": "Как провести интерактивный конкурс в самом популярном цифровом помощнике для школьников",
        "description": "Текст статьи не удалось получить",
        "data": "2023-01-25, 09:32",
        "rating": -1
    },
    {
        "title": "Цифровизация в образовательном процессе: кейс «IP-задачник» Казанского техникума связи",
        "description": "Текст статьи не удалось получить",
        "data": "2023-01-24, 10:36",
        "rating": -1
    },
    {
        "title": "Как мы делали сайт Президента Татарстана и кому он на самом деле нужен",
        "description": "На связи команда Центра цифровой трансформации Татарстана. В апреле 2020 года у нас появилась задача: сделать редизайн сайта президента РТ. В пандемию нагрузка на сайт резко возросла — люди стали чаще сидеть в интернете и заходить на сайт. При этом сайт устарел не столько технически, сколько визуально, и мы поняли, что сайт надо менять.\n\nМы могли бы просто поменять дизайн кнопочек и подвигать блоки, но мы заморочились — решили сделать так, чтобы сайт был удобным. Показываем, что у нас получилось.",
        "data": "2021-01-14, 12:51",
        "rating": 5
    },
    {
        "title": "Как мы разрабатывали приложение для школьников со школьниками: космический дизайн и job story для домашки",
        "description": "«Я школьник» — это что-то вроде Todoist, Trello и календаря, только для школьников.\nВ приложении они могут пользоваться электронным дневником, следить за своей успеваемостью и получать подсказки о том, на какие предметы нужно обратить особое внимание. Все по-серьезному: job story и продуктовый подход на домашке и табелях успеваемости.",
        "data": "2020-10-12, 13:34",
        "rating": 9
    },
    {
        "title": "4 мифа о работе ИТ-специалиста в госсекторе",
        "description": "Вокруг работы в госсекторе существует много мифов: зарплаты 20 тысяч рублей, неадекватное руководство, семь кругов ада для согласования, а про agile никто не слышал. Откуда взялись эти мифы, и что из них правда, а что нет, рассказывает Константин Черников, HR-директор Центра цифровой трансформации — ИТ-компании внутри Министерства цифрового развития Татарстана.",
        "data": "2020-08-17, 14:12",
        "rating": -1
    },
    {
        "title": "Наш опыт работы с DeepPavlov: голосовой помощник за 20 дней и приём 5000 звонков на горячей линии",
        "description": "Когда объявили режим самоизоляции, на горячую линию по коронавирусу в Татарстане поступало множество вопросов от жителей. Чтобы разгрузить операторов коллцентра, мы в Центре Цифровой Трансформации республики вместе с уполномоченным по ИИ в Татарстане разработали голосового помощника, который отвечал на несложные вопросы.\n\n\n\nДля приема звонков мы использовали платформу Voximplant, а для распознавания вопросов и ответов — DeepPavlov. Голосового помощника получилось запустить за две с половиной недели, и он помог обработать 5000 звонков. У нас получилось выкатить продукт, который помогал жителям Татарстана получать достоверную информацию от властей, да и просто выходить на улицу. Ниже расскажем, как мы это делали.",
        "data": "2020-07-21, 14:53",
        "rating": 6
    }
]