[
    {
        "title": "Вселенная трансформеров Лахта Центра. Эпизод 1: вверху и внизу",
        "description": "Вы верите, что трансформеры существуют? А если покажем?\n\n\n\nОдин из них живет в Петербурге, на улице Высотной, дом 1. Если хотите узнать, во что он превращается, как это происходит и других секретах трансформации, приглашаем в гости. Добро пожаловать под кат!",
        "data": "2019-10-08, 11:31",
        "rating": 47
    },
    {
        "title": "Альпинисты в Зафасадье. Как работают промальпы на башне Лахта Центра",
        "description": "В дискуссии к прошлому посту в фокус внимания попали промышленные альпинисты, которые сейчас работают на башне Лахта Центра. И вот мы решили подробнее рассказать об этих парнях, чей волнительный труд заставляет испытывать одновременно и острую зависть, и мысль – «Да ну, ни за что!!!», обычно выраженную намного более кратко и ёмко. Если вы разделяете этот заряженный адреналином эмоциональный дуализм, то приглашаем за фасад! Сегодня – зависаем с альпинистами!",
        "data": "2019-06-28, 10:15",
        "rating": 31
    },
    {
        "title": "По рельсам за облака: как помыть стекло в небоскребе",
        "description": "Помыть окно, заменить поврежденное стекло фасада — задачи вроде бы простые, но когда речь идет о зданиях высотой в 400 м, уровень сложности даже самых простых операций вырастает многократно.\n\n\nАльпинист за фасадным стеклом башни Лахта Центра, архив проекта",
        "data": "2019-05-20, 11:15",
        "rating": 57
    },
    {
        "title": "Просто космос! Как устроен планетарий Лахта Центра",
        "description": "В 2017 году звезда НБА Шакил О’Нил едва не перевернул устои современного представления о мире, усомнившись в том, что Земля круглая. «Я постоянно езжу из Флориды в Калифорнию, поэтому она плоская для меня. Ведь я не двигаюсь вверх и вниз под углом в 360 градусов. Вы хотите сказать, что Китай под нами? Это не так. Земля плоская», — обосновал свою позицию баскетболист. Правда, потом признался, что таким образом троллил своего коллегу из «Кливленда» Кайри Ирвинга, который до этого также выразил сомнения насчет формы Земли.",
        "data": "2019-04-12, 11:48",
        "rating": 44
    },
    {
        "title": "Низкий, высокий, последний. КЗС — пятый элемент Лахта Центра",
        "description": "Нам часто адресуют вопрос – будут ли в Лахте еще небоскребы? Высотный район, вроде Москва-Сити или Дефанса? Видно, что рядом с Лахта Центром набирает обороты еще одна стройка. Может, за ее синим забором скрывается рождение нового, даже более невероятного супернебоскреба?\n\n\n\nДа, действительно, с прошлого года геотехники и бетонщики, арматурщики и геодезисты, крановщики и проектировщики – все снова подставлены под ружье. Лучшие строительные силы брошены на возведение финального объекта комплекса Лахта Центр. И, как всякий финал, эта стройка интригует воображение. Посмотрим, что там?",
        "data": "2019-04-08, 12:16",
        "rating": 72
    },
    {
        "title": "Зажигаем! Ночные превращения Лахта Центра",
        "description": "В одном сером-сером городе стояла темная-темная башня…\n\n\n\nГоворят, что раньше в ней шла стройка, а потом — отделочные работы. Люди работали в три смены, и по ночам она была подобна световому маяку. А потом комплекс заселили обитатели офисов. Каждый день, кто раньше, кто позже, они расходились по домам, один за другим гася свет… Лахта Центр постепенно погружался во мрак, и появлялась она – башня Тьмы…\n\n\n\nКак вам такая страшилка? Что же на самом деле будет происходить с Лахта Центром с наступлением ночи – читайте под катом.",
        "data": "2019-03-18, 11:52",
        "rating": 49
    },
    {
        "title": "Башня Теслы. Что происходит в небоскребе и рядом с ним, когда ударяет молния?",
        "description": "Когда в сентябре на башню Лахта Центра «напали» молнии, наш главный инженер Сергей Никифоров всех успокоил, сообщив, что у башни «классическая система молниезащиты» и бояться нечего. Что это за «классическая»? На ум приходит что-то древнегреческое… А почему бы и нет? Ведь пользуемся мы по сей день такими результатами древней мысли, как колесо, замок, календарь или бумага. Может и молниезащита в башне – хорошо забытое старое? Тогда — может ли столь старое помочь столь новому?\n\n\nФото ch0col8te\n\nРазберемся!",
        "data": "2018-12-29, 12:47",
        "rating": 76
    },
    {
        "title": "Огонь, вода и тонкое распыление. Как будут защищены от пожара обитатели и посетители Лахта Центра",
        "description": "В России нет зданий выше 50 метров. Это утверждение выглядит абсурдным, но с точки зрения отечественного градостроительного и противопожарного законодательства это именно так.\nКак же быть тем, кто решил посетить самый высокий европейский и, главное в обсуждаемом контексте — российский небоскреб? Это безопасно?\n\n\n\nПроверим под катом!",
        "data": "2018-12-07, 11:58",
        "rating": 62
    },
    {
        "title": "Некиношные супергерои. Кто и как защищает стройку Лахта Центра от пожаров?",
        "description": "Как думаете, на фото пожар или нет? В этом посте рассказываем – все-таки было когда-нибудь возгорание в Лахта Центре или не было? А также — почему опасность пожара на стройке выше, чем в готовом здании? Как с этим бороться? Наконец, почему мы вас обманули, когда сказали, что первым в башне Лахта Центра высоту набирало ядро, и что на самом деле возводилось, опережая небоскреб.",
        "data": "2018-10-09, 12:24",
        "rating": 64
    },
    {
        "title": "Про пожар в небоскребе. Кино и реальность",
        "description": "Пожар в 900-метровой башне! На секунду мелькнула мысль про Burj Khalifa, но отлегло — речь всего лишь о художественном фильме, с бесхитростным названием «Небоскреб» и таким же простым, но пугающим сюжетом. Мы не могли это пропустить. Почему загорелось и как тушили? А если бы «Скала» Джонсон не проходил мимо? Сюжет реален или киношники, как обычно, придумывают? Обсуждаем под катом — заходите «на огонек».\n\n\nКадр из официального трейлера фильма\n\nОсторожно! В посте спойлеры в количестве, делающим последующий просмотр фильма, возможно, бессмысленным.",
        "data": "2018-08-14, 12:04",
        "rating": 77
    },
    {
        "title": "3 000 глаз для искусственного интеллекта. Как устроена система мониторинга конструкций Лахта Центра",
        "description": "Самое сильное впечатление от небоскреба Лахта Центра получаешь, когда смотришь на него снизу, от подножия — вверх и кажется, что он уходит куда-то в небесную бесконечность. И вот именно тогда, а не с далеких городских ракурсов, захватывает дух от высоты и мощи. И где-то десятой очередью приходит мысль – хорошо точно знать, что строили толково и на совесть. И дважды хорошо, что у нас есть он, мониторинг. Разработка отечественных программистов, специально для комплекса. Волшебная вещь, для предотвращения малейшей возможности плохих вариантов развития будущего. Под катом – все о том, как это работает.",
        "data": "2018-06-25, 11:22",
        "rating": 41
    },
    {
        "title": "Горизонталь против вертикали. Или за? Для чего Лахта Центру «лежачая» доминанта",
        "description": "Вмятина в фасаде, диаметром 19 м; зеркальный шар, парящий в воздухе; трансляция настроения через четырехэтажный экран – многофункциональное здание Лахта центра таит в себе немало сюрпризов. И именно оно придаст красивой, но однообразной по своему офисному содержанию башне комплекса на Лахте статус нового центра притяжения Петербурга.",
        "data": "2018-06-08, 11:32",
        "rating": 90
    },
    {
        "title": "Большая прогулка. Приглашаем на экскурсию по строительной площадке Лахта Центра",
        "description": "Люди часто спрашивают – можно ли попасть на экскурсию по стройке Лахта Центра? Сегодня наступил тот приятный день, когда я, наконец, могу ответить: «Да»!\n\n\nФото Виктора Сухорукова\n\nЖелающих жду под катом.",
        "data": "2018-05-16, 12:59",
        "rating": 50
    },
    {
        "title": "Бой стекла. Можно ли разбить фасад небоскреба?",
        "description": "Сегодня мы будем бить стекло. Что тут может быть интересного? А то, что это – фасадное стекло башни Лахта Центра, которое мы в одном из предыдущих постов сравнивали с каменной стеной. Интригует? Тогда – прошу за мной!",
        "data": "2018-04-12, 13:14",
        "rating": 73
    },
    {
        "title": "Триумф и будни. Как устанавливали шпиль на небоскребе Лахта Центра. Часть 2",
        "description": "Монтаж конструктивного завершения шпиля башни Лахта Центра напоминает войсковую операцию: подготовка – ожидание – сигнал – блицкриг: молниеносное покорение человеком высочайшей в Европе небесной отметки.\n\n\n\nУстановка завершающей части шпиля заняла менее суток. Ожидание затянулось на два дня. А вот подготовка… Ее начало стартовало на заре поэтажного строительства, еще до появления гигантских башенных кранов на берегу Финского залива.",
        "data": "2018-02-26, 13:29",
        "rating": 86
    },
    {
        "title": "Триумф и будни. Как устанавливали шпиль на небоскребе Лахта Центра. Часть 1",
        "description": "29 января 2018 на ближнюю надземную орбиту выведен новый российский спутник. Запуск состоялся в Петербурге, в районе строительной площадки Лахта Центра.\n\n\n\nСтарт прошел успешно. С понедельника петербуржцы могу наблюдать новое небесное явление: — огни светомаркировки объекта почти на полукилометровой отметке над городом. Также хороший обзор на объект представляется с борта воздушных судов, заходящих на посадку в аэропорт Пулково.\n\nКонечно, это шутка. На фото – наземная подготовка к монтажу конструктивного завершения шпиля на башне Лахта Центра. Установка прошла в тот же день, 29 января 2018. Главный европейский небоскреб достиг отметки архитектурной высоты — 462 метра. Последний отрезок пути вверх — шпиль башни, высотой 117.5 метров — проделали за пять месяцев. Как шла операция по монтажу в условиях, уникально суровых для мирового высотного строительства – читайте в нашем обзоре.\n\n\nОгни световой маркировки на шпиле Лахта Центра. 29 января 2018",
        "data": "2018-02-07, 11:10",
        "rating": 67
    },
    {
        "title": "Гонки по вертикали. Как, зачем и куда едут лифты Лахта Центра",
        "description": "Добраться до самых верхних обитаемых этажей Лахта Центра – дело секундное. На лифте-шаттле путь до обзорной площадки займет 45 секунд. 45 секунд – и вы уже над городом, над облаками, над петербургским дождем и туманом. Можно ли жалеть, что поездка окончилась так быстро? Да, ведь и лифт повезет такой, что покидать его не захочется. Другие лифты, составляющие систему вертикального транспорта Лахта Центра, тоже тоже отличаются от собратьев – строением, грузоподъемностью, функционалом. Посмотрим на них поближе.\n\n\nНе очевидный побочный функционал лифтов Лахта Центра — поездки за солнечной погодой. Фото Михаила Проскалова",
        "data": "2017-12-27, 13:13",
        "rating": 48
    },
    {
        "title": "Экспресс в облака. Как устроена система вертикального транспорта в современных небоскребах",
        "description": "На первые «настоящие» лифты – Сименса и Гальске, Отиса — ходили смотреть как на чудо. Это и было чудом – одним из ключевых изобретений, которые сделали возможным рост зданий вверх. Поездка на лифте – в какой-то мере парадокс: лифт дает возможность добраться до 10, 15 или 87 этажа, но не будь лифта, нам бы не пришлось ехать на 10, 15 или 87 этаж ввиду отсутствия собственно этих этажей. С этой точки зрения лифты изменили нашу жизнь, наверное, больше, чем интернет, космические ракеты, криптовалютные биржи и добыча сланцевой нефти. Впрочем, не будем противопоставлять все перечисленное пассажироподъемному труженику – ведь и он сегодня уже не тот, что раньше. Очередная технологическая революция бесповоротно меняет этот вид. Посмотрим, как?\n\n\nСкриншот из фильма «Иван Васильевич меняет профессию»",
        "data": "2017-12-04, 13:36",
        "rating": 43
    },
    {
        "title": "Прогулка по будущему. Как проектируют современные небоскребы",
        "description": "Можно ли прогуляться по этажам еще непостроенного здания? Могут ли проектировщики эффективно работать вместе, находясь в тысячах километров друг от друга? Можно ли за считанные минуты найти и исправить критичную ошибку в схеме инженерных коммуникаций, избежав колоссальных затрат в дальнейшем? Ответить «да» на все эти вопросы позволяет технология BIM — информационного моделирования здания, которая применяется и при строительстве Лахта Центра. Узнаем, как это работает.",
        "data": "2017-11-02, 17:48",
        "rating": 30
    },
    {
        "title": "Лахта Центр – высочайший в Европе. И все-таки, почему небоскреб?",
        "description": "Ядро башни Лахта Центра перешагнуло за 380 метров. Это значит – петербургский супертолл стал самым высоким зданием Европы. Предшественник – московская Восток-Федерация (374 м) смотрит слегка снизу. В 2018 разрыв превратится в убедительные 88 метров.\n\n\n\nДостижение запланированных 462 метров даже чем-то менее интересно, чем текущей высоты – ведь дальше соревноваться в своей категории и географическом ареале просто не с кем. Используем же эту дату, чтобы откровенно поговорить о высоте. Правда ли, что продвинутые европейцы небоскребы уже или вообще не строят? И почему Лахта Центр — все-таки его «высочайшество», а не «длиннейшество», как регулярно предлагают многие? Кивали на здание «Статойл» или «Яблока»? Писали про бессмысленность стремления «к звездам»? Добро пожаловать под кат.",
        "data": "2017-10-09, 14:33",
        "rating": 61
    },
    {
        "title": "Под крыльями лебедя. Инженерные секреты главной арки Лахта Центра",
        "description": "В конце лета в Лахта Центре приняли новый вызов. Речь — о монтаже Арки главного входа. Строителям очень надо успеть собрать основные металлоконструкции до нуля градусов.\n\n\nЗима близко. Важно успеть до нее\n\nСама арка главного входа интересна не только этим фактом. Не хочется употреблять уже затертое в отношении Лахта Центра описание — «уникальная конструкция», но выхода нет. Вход в комплекс — уникальная конструкция.\n\nВо-первых, потому что безопорный пролет арки — 125 метров. При этом общепринятая точка отсчета уникальности большепролетных и безопорных — «всего» 60 метров.\n\nВо-вторых — функционал арки: это вход в башню, но выполненный в виде отдельного здания.\nПочему так сделали? Как это большепролетное великолепие будет держаться? Зачем успевать до холодов? Все ответы — под катом.\n\n\nВизуализация Арки главного входа в Лахта Центр",
        "data": "2017-09-15, 12:24",
        "rating": 53
    },
    {
        "title": "Секретное оружие или зачем небоскребам шпили",
        "description": "Что находится на самой верхушке небоскреба? Очень часто – ничего, вернее шпиль, без которого вполне можно было бы обойтись, если бы не гонка по вертикали между архитекторами, где для победы иногда не хватает считанных сантиметров. Впрочем, это не относится к башне Лахта Центра, у которой шпиль – неотъемлемый элемент архитектуры, за эстетикой которого скрываются важные инженерные системы.\n\n\nФото — installtechno",
        "data": "2017-08-29, 11:52",
        "rating": 74
    },
    {
        "title": "Будут ли птицы атаковать небоскреб и другие вопросы воздушного общежития. Часть 2",
        "description": "Птиц в Петербурге боялись всего два раз. Первый раз — все, когда бродил птичий грипп. Второй раз — небоскребостроители на старте Лахтинской стройки. Будут ли птицы «нападать» на небоскреб, как порой пишут некоторые авторы, претендующие на мировую сенсацию? Как правильно выстроить отношения с исконными обитателями воздушного пространства?\n\nЧтобы во всем разобраться, на стройку пригласили орнитологов. О том, как работают главные по птицам — читайте в первой части. А сейчас разберем ответ на вопрос номер 2.\n\nБудут ли птицы сталкиваться с небоскребом?\n\n\nФото",
        "data": "2017-08-02, 13:16",
        "rating": 36
    },
    {
        "title": "Будут ли птицы атаковать небоскреб и другие вопросы воздушного общежития. Часть 1",
        "description": "О птицах забеспокоились еще на заре петербургской мегастройки Лахта Центра. Через побережье Невской Губы пролегают традиционные пути миграции пернатых – появились опасения, что птицы могут изменить маршруты и места гнездования из-за крупных строительных работ. Сейчас — новые тревоги — говорят, что пернатые по каким-то причинам будут не облетать небоскреб, а разбиваться об него. И даже цифру называют: 30 тысяч птичьих смертей в год. Такое вообще возможно?\n\n\nГлавная птичья опасность в регионе? Или нет?\nРазберемся!",
        "data": "2017-08-02, 11:33",
        "rating": 35
    },
    {
        "title": "Наша металлика. Кое-что любопытное о металлоконструкциях Лахта Центра",
        "description": "Башню Лахта Центра порой сравнивают с произведением барад-дурских архитекторов, широко отрекламированных Дж. Р.Р. Толкиеном.\n\n\n\nМеня такое сравнение даже немного радует – в нем чувствуется романтичный взгляд на строительные реалии. Однако дальнейшая «легендизация» небоскреба в этом направлении вскоре станет невозможной. Сказочного вида сверхмассивное ядро и хардкорный остов из металлов и композитов уже через полгода окончательно обернутся в стекло и навсегда скроются из виду.\n\n\nby boyarskaya_48\n\nНу а пока наша атлантида не исчезла, самое время поговорить о металле – важной составляющей каркаса супертолла.",
        "data": "2017-07-06, 15:18",
        "rating": 46
    },
    {
        "title": "Жизнь в воздушном океане. Что происходит в 326 метрах над Петербургом",
        "description": "Впервые высотная линия Петербурга отодвинулась на 326 метров 2011-м, когда с помощью вертолетов на телебашню установили новую антенну. Эта отметка оставалась неприступной вплоть до 10 мая в 2017. В 9.50 утра строители Лахта Центра залили стены ядра 78 этажа башни – это уровень 327,6 метра. Одновременно разменяли последний десяток этажей. Со старта поэтажного строительства прошло чуть больше 20 месяцев.\n\n\n\nУзнаем, что там, наверху? Наши проводники сегодня – люди, которые управляют самыми высокими кранами в городе.",
        "data": "2017-05-13, 12:57",
        "rating": 65
    },
    {
        "title": "Бетонное программирование для небоскреба",
        "description": "Приготовить бетон очень просто. Возьмите цемент, воду и песок, щепотку щебня, смешайте. Готово! Можно ли построить из получившегося раствора что-нибудь? Конечно. Можно ли построить из него уникальное здание? Нет.\n\nЧто с этой смесью не так? Отправимся на стройку петербургского «Лахта центра» и узнаем. Сегодняшний пост – про второй из трех «компонентов» башни. Узнать про первый, стекло, можно тут.\n\n\n(Фотоисточник)",
        "data": "2017-05-03, 11:41",
        "rating": 69
    },
    {
        "title": "Есть ли у небоскребов высшая лига и кого в нее берут?",
        "description": "Авангардный отряд наших строителей – те, что работают на опалубке «Лахта центра». Они возводят ядро и растят башню. И вот они сделали то, что делали с осени 2015 уже множество десятков раз. Но именно в этот случай особенный — он вывел петербургский небоскреб в премьер-лигу мирового высотного клуба. Пойдемте за мной, и я расскажу вам, что это значит.\n\n\n«Лахта центр». Фото Саши Соколовой",
        "data": "2017-04-11, 12:15",
        "rating": 27
    },
    {
        "title": "Свайная суперсила",
        "description": "Более 600 тысяч тонн на площади фундамента в 5700 квадратных метров… Вряд ли вы найдете в мире аналоги параметров петербургского «Лахта центра». Держать супертолл и супертяж помогают сваи. Непростые. Они не опираются, они – висят.\n\n\n\nСтало не по себе? Не спешите обходить участок строительства по радиусу в 500 метров. Разберемся, как можно получить надёжную опору от того, что находится в «висячем» положении.",
        "data": "2017-03-29, 17:25",
        "rating": 100
    },
    {
        "title": "Лахтинская терра инкогнита: битва за устойчивость небоскреба",
        "description": "Чтобы небоскреб вырос вверх, нужно сначала спуститься вниз. Чем выше здание – тем глубже спуск. Для возведения «Лахта центра», высотой 462 м., пришлось прокопать 40 км скважин, в том числе — глубиной до 150 метров. Сегодняшний пост – про путешествие к центру земли.\n\n\n\nПетербург, 2011-й. До начала строительства самого высокого здания в Европе, небоскреба «Лахта центр» – три года. Перед строителями – участок в Лахте, на перешейке Финского залива и Лахтинского разлива. И стоять тут в этот момент немного страшно.",
        "data": "2017-02-22, 10:08",
        "rating": 69
    },
    {
        "title": "Как построить небоскреб «на болоте»?",
        "description": "Когда начиналась стройка «Лахта центра», здания весом почти в 600 тысяч тонн, один из главных вопросов от наблюдателей был связан с представлением о том, что «Петербург стоит на болоте» и строить здания категории «супертяж» тут нельзя в принципе — засосет.\n\n\n\nВ ту пору ходило множество теорий. В топ, пожалуй, можно вынести пару апокалиптических сценариев о том, что «башня продавит землю до магмы», и «башня сползет в Финский залив, поднимет цунами и гигантская волна смоет „Зенит-Арену“ и все остальное. Может даже так:\n\n\n\nСтоит ли веселится над этими гипотезами? Пригоден ли грунт в Петербурге для зданий-тяжеловесов? Если нет, то какие технологии позволяют все же сказать „да“? Если да, то откуда тогда взялось представление про „болото“?\nПредлагаем разобраться в серии тематических постов. Начнем с грунтовой обстановки в городе — ведь именно она являет благодатную почву для „болотных споров“. Дальше перейдем собственно к проекту.",
        "data": "2017-01-23, 12:59",
        "rating": 70
    },
    {
        "title": "Новогоднее+ подборка фильмов про небоскребы",
        "description": "Друзья! Поздравляю вас с предпоследним днем уходящего 2016 года и всеми последующими десятью днями праздничной недели, особенно завтрашним.",
        "data": "2016-12-31, 11:11",
        "rating": 19
    },
    {
        "title": "Операция «У». Как делают фасад небоскреба",
        "description": "Остекление первого петербургского небоскреба — уникальная операция. Причин тому как минимум две. Первая — объем работ. Площадь остекления башни «Лахта центра» — 72 500 м². Это почти три Красных площади в Москве, или десять футбольных полей или пятнадцать платформ для посадки первой ступени Falcon 9 миссии SpaceX…\n\n\n\nВсего же стеклянная часть фасадов комплекса (башня+МФЗ) достигает 130 тыс. кв. метров. Претендует на мировой рекорд.\n\nВторая причина — помимо впечатляющей квадратуры, сложности придает уникальная форма башни. Она меняется на каждом этаже — расширяется, сужается и закручивается — каждый этаж на 0,82 градуса относительно центральной оси.\n\nЭта непростая геометрия задала немало задач не только проектировщикам, но и тем, кто непосредственно остекляет башню. Из-за формы большая часть стеклопакетов немного отличается друг от друга — значит, для каждого предусмотрено его собственное место.\n\nУзнаем, как складывается этот стеклянный пазл из 16 505 элементов + премьерный показ видео о том, как его будут мыть.",
        "data": "2016-12-28, 10:27",
        "rating": 45
    },
    {
        "title": "Стеклянный vs каменный — лучше, хуже или равно?",
        "description": "Тема со стеклом в петербургском «Лахта центре» весьма любопытна, хотя бы потому, что стекло выполняет в башне функцию стен. Значит, должно защищать от внешней среды и быть устойчивым к деструктивному воздействию как минимум не хуже, чем традиционные материалы. Но можно ли сказать, что за фасадом «Лахта центра» — как за каменной стеной?\n\n\n\nВопрос не праздный. Ведь все мы с детства знаем, как печально заканчиваются истории про домики, где стены сделаны из неправильных материалов…\n\n\n\nРазберемся!",
        "data": "2016-12-22, 09:36",
        "rating": 49
    },
    {
        "title": "Может ли небоскреб сдуть ветром?",
        "description": "В понедельник на Петербург обрушился снежный шторм и ураганный ветер — до 23 м/с вдоль побережья и чуть ниже — в других районах.\n\n\nПару дней назад на улицах города… (Фото отсюда)\n\nА может ли таким ветром сдуть небоскреб? А каким может? Давайте разбираться — конечно, на примере возводимого в Северной столице «Лахта центра».",
        "data": "2016-12-08, 09:47",
        "rating": 74
    },
    {
        "title": "Ответы на вопросы о геодезистах «Лахта центра»",
        "description": "Лазерные, оптические, механические приборы для вычисления даже миллиметрового отклонения от цели…\n\n\n— Мне нужна твоя одежда, каска и электронный тахеометр!\n\nВ первой части нашего большого геодезического обзора мы уже выяснили, что это богатство — не из арсенала экстра-классного снайпера, а «джентельменский набор» геодезиста «Лахта центра».\n\nЧто было в первой части?\nЗадача геодзистов – следить, чтобы все конструкции возводимых зданий заняли проектное положение, а башня «Лахта центра» шла строго вертикально. Разрешенная погрешность — не более 6 мм. на протяжении всего полукилометрового пути наверх.\nВероятно, это было бы менее сложно сделать с башней «в вакууме». Но реальность вносит свои «колебательные поправки»: здание всегда в движении. Эти колебания – результат поведения самой башни – ее конструкций, материалов, подфундаментного грунта, и внешней среды – ветра, солнца, собственно строительных работ. Нахождение правильного курса «в этом мире бушующем» — задача геодезистов «Лахта центра».\n\nЧто будет дальше?\nВ заключительной части обзора о гонке за вертикалью – разбор приборов с ответами на вопросы: что, зачем, и как используют геодезисты «Лахта центра».",
        "data": "2016-12-02, 12:03",
        "rating": 50
    },
    {
        "title": "Лед и ветер. Как решаются климатические задачи для самого северного небоскреба мира",
        "description": "Как решаются климатические проблемы для самого северного небоскреба мира – башни «Лахта центра». Обзор в двух частях. Сегодня — задачка про лёд.\n\nЛёдоборцы\n\nСосульки и обледенение – классическая петербургская проблема. Ее значимость демонстрирует тот факт, что с некоторых пор у нее даже имеется «диалектизм» — «сосули»: однажды сказанное активно разошлось в массы. Сей фольклор наглядно отражает знаменитый своей влажностью, ветром и холодом климат, а также – уважительное отношение к серьезному противнику.\n\n\nПитерские «сосули» (фото Юрий Белинский, ИТАР ТАСС)\n\nОтчасти, именно потому, что проблема имеет выраженный петербургский колорит, отчасти – потому что «Лахта центр» станет самым северным небоскребом мира, отобрав титул у нынешнего владельца — екатеринбургского «Высоцкого», реализаторы проекта решают задачу борьбы с обледенением башни без полумер, с применением последних технологических достижений в этой области. В случае с 462-метровой башней капитуляция перед «сосулями» просто невозможна. Борьба предстоит активными и пассивными методами.",
        "data": "2016-11-21, 10:16",
        "rating": 38
    },
    {
        "title": "Как управляется вертикаль небоскреба «Лахта центр»?",
        "description": "Очевидец, побывавший на стройплощадке и понаблюдавший за работой геодезистов, развенчивает миф о легкости их бытия и рассказывает о том, как предотвратить превращение небоскреба в «пизанскую башню».\n\nРабота этой команды не столь наглядна как деятельность самих строителей, однако цена ошибки чрезвычайно высока, особенно при возведении высотных объектов. Речь идет о геодезистах – их на стройке «Лахте центра» работает несколько десятков. Их технологическая оснащенность поражает воображение: строить небоскреб в буквальном смысле помогают из космоса.",
        "data": "2016-11-15, 15:16",
        "rating": 100
    },
    {
        "title": "Все о том, как строится самый высокий небоскреб Европы",
        "description": "Друзья, рады вас приветствовать в блоге «Лахта центра». Вероятно, что раз вы заглянули к нам, то уже что-то слышали о о петербургской «стройке века», как успели окрестить наш проект некоторые СМИ. Впрочем не беда, если нет.\n\n\nВизуализация проекта «Лахта центр». Санкт-Петербург, Финский залив, 2018 год\n\nЧтобы прийти к общей отправной точке, напомним в двух словах, о чем речь.",
        "data": "2016-11-07, 15:05",
        "rating": 42
    }
]