[
    {
        "title": "«Здравствуйте, как пройти в FinOps?» Краткая история адаптации фреймворка в Леруа Мерлен",
        "description": "Текст статьи не удалось получить",
        "data": "2023-07-19, 16:01",
        "rating": 6
    },
    {
        "title": "Какого цвета Ripple?",
        "description": "Текст статьи не удалось получить",
        "data": "2023-06-21, 10:01",
        "rating": 12
    },
    {
        "title": "Как следить за здоровьем GreenPlum",
        "description": "Текст статьи не удалось получить",
        "data": "2023-05-23, 11:55",
        "rating": 5
    },
    {
        "title": "Святой Грааль: техническая зрелость продукта",
        "description": "Текст статьи не удалось получить",
        "data": "2023-05-03, 15:30",
        "rating": 3
    },
    {
        "title": "Два прихлопа, два притопа: как я делал раннер со звуковым управлением на JS",
        "description": "Текст статьи не удалось получить",
        "data": "2023-04-14, 16:05",
        "rating": 6
    },
    {
        "title": "Оптимизируем NiFi Flow. Настройка Load Balancing, подходы к Scheduling и выбор метода merge",
        "description": "Текст статьи не удалось получить",
        "data": "2023-04-05, 14:13",
        "rating": 6
    },
    {
        "title": "Очередной этап сделайсама: микроконтроллеры + JS",
        "description": "Текст статьи не удалось получить",
        "data": "2023-03-14, 15:02",
        "rating": 2
    },
    {
        "title": "О факапах с любовью",
        "description": "Текст статьи не удалось получить",
        "data": "2023-02-14, 11:04",
        "rating": 13
    },
    {
        "title": "Платформа данных в Леруа Мерлен — как мы победили масштабирование",
        "description": "Текст статьи не удалось получить",
        "data": "2023-02-08, 11:08",
        "rating": 9
    },
    {
        "title": "Data driven SRE",
        "description": "Текст статьи не удалось получить",
        "data": "2023-01-26, 12:00",
        "rating": 6
    },
    {
        "title": "Tests as code с Allure TestOps и что из этого вышло",
        "description": "Текст статьи не удалось получить",
        "data": "2023-01-11, 16:00",
        "rating": 10
    },
    {
        "title": "DIY-метаданные: как мы собрали велосипед, который везет на себе технологические данные компании",
        "description": "Текст статьи не удалось получить",
        "data": "2022-12-15, 10:30",
        "rating": 2
    },
    {
        "title": "«Светофор 3.0»: тонкости настройки ML для работы с поставщиками",
        "description": "Текст статьи не удалось получить",
        "data": "2022-11-17, 10:30",
        "rating": 3
    },
    {
        "title": "От кода «на коленке» к эффективному CI/CD: строим общий Pipeline as Code командой в 100+ человек",
        "description": "Текст статьи не удалось получить",
        "data": "2022-11-02, 15:00",
        "rating": 10
    },
    {
        "title": "«Светофор 3.0»: как мы начали доверять поставщикам на основе рекомендаций машинного обучения",
        "description": "Текст статьи не удалось получить",
        "data": "2022-10-18, 10:00",
        "rating": 4
    },
    {
        "title": "Название статьи не удалось получить",
        "description": "Текст статьи не удалось получить",
        "data": "2022-01-17, 19:03",
        "rating": 22
    },
    {
        "title": "Управление распределенными транзакциями с помощью Camunda",
        "description": "Текст статьи не удалось получить",
        "data": "2021-11-22, 11:46",
        "rating": 9
    },
    {
        "title": "Airflow + Ray: Data Science История",
        "description": "Текст статьи не удалось получить",
        "data": "2021-10-14, 13:16",
        "rating": 3
    },
    {
        "title": "Микрофронтенды: наш путь к более быстрому и гибкому сайту",
        "description": "Текст статьи не удалось получить",
        "data": "2021-10-06, 16:51",
        "rating": 4
    },
    {
        "title": "Как мы развернули коммунальный Apache Airflow для 30+ команд и сотни разработчиков",
        "description": "Текст статьи не удалось получить",
        "data": "2021-09-30, 16:10",
        "rating": 6
    },
    {
        "title": "Хакатон за месяц или практичные советы по организации хакатонов для новичков (от новичков)",
        "description": "Текст статьи не удалось получить",
        "data": "2021-09-17, 15:06",
        "rating": 4
    },
    {
        "title": "Camunda: автоматизация бизнес-процессов и оркестрация микросервисов",
        "description": "Текст статьи не удалось получить",
        "data": "2021-07-23, 10:00",
        "rating": 9
    },
    {
        "title": "Платформа данных в Леруа Мерлен. Part 2. Обновления 2021 года: Flink и Superset",
        "description": "Текст статьи не удалось получить",
        "data": "2021-07-15, 13:35",
        "rating": 6
    },
    {
        "title": "DAG’и без напрягов: наш опыт использования метаданных при работе с Apache Airflow",
        "description": "Текст статьи не удалось получить",
        "data": "2021-06-23, 14:17",
        "rating": 3
    },
    {
        "title": "Что нам стоит… загрузить JSON в Data Platform",
        "description": "Текст статьи не удалось получить",
        "data": "2021-06-16, 16:05",
        "rating": 2
    },
    {
        "title": "Платформа данных в Леруа Мерлен – 2 года, сотни источников и более 2.000 пользователей",
        "description": "Текст статьи не удалось получить",
        "data": "2021-06-09, 16:27",
        "rating": 5
    },
    {
        "title": "DIY Mobile Day в формате Live coding",
        "description": "Текст статьи не удалось получить",
        "data": "2021-04-15, 09:11",
        "rating": 0
    },
    {
        "title": "Опыт разработки и внедрения систем данных в data-driven компаниях",
        "description": "Текст статьи не удалось получить",
        "data": "2021-04-06, 12:40",
        "rating": 2
    },
    {
        "title": "Рекомендательный движок за 2 строчки кода",
        "description": "Текст статьи не удалось получить",
        "data": "2021-02-04, 10:00",
        "rating": 23
    },
    {
        "title": "Эволюция оркестратора микросервисов. Как переход на WebClient помог пережить пандемию",
        "description": "Текст статьи не удалось получить",
        "data": "2021-01-19, 10:14",
        "rating": 12
    },
    {
        "title": "Как попадает товар в магазины «Леруа Мерлен» с точки зрения математики заказа",
        "description": "Ячейка пикинга на первом этаже стеллажа\n\nВы берёте один из смесителей для кухни у нас в магазине и уносите его под мышкой к кассе. На кассе вам делают документ о продаже, и в этот момент уменьшается количество этого товара на остатках в системах и на сайте.\n\nНочью каждый магазин считает прогноз по заказам на следующий период. Точнее, каждую неделю просчитывается прогноз на один год вперёд, а из него каждую ночь рассчитываются заказы для управляющего магазина. Скрипт видит, что кто-то купил смеситель, и если продажи пойдут такими темпами (тут целый блок сложной модели, что считать «такими темпами» и на каком периоде), то смесители закончатся через семь дней. Это значит, что нужно сформировать следующий заказ, чтобы их привезли.\n\nБольшая часть товаров едет в магазины либо по потоку кросс-докинга (склад перебрасывает паллеты, не открывая и не сохраняя их у себя на стоке), либо напрямую от местных поставщиков. Частично мы эти процессы уже разбирали в прошлом посте. Рассмотрим сложный случай, когда магазину смесители нужны из паллеты, которая лежит на складе в Москве.\n\nСложность в том, что паллета — это довольно много смесителей. А в магазин нужно привезти 50 штук, скажем. Не везти же её целиком? И вот появляется процесс пикинга, когда паллета снимается с ячейки, кладётся вниз, а потом из неё достаётся вложенная тара. Это может быть транспортный короб, иннер и штука. Штуками распределительный центр почти никогда не оперирует, за исключением редкого и дорогого оборудования. Для единиц нужны фулфилмент-центры, но это уже немного другая часть логистики, и в этом посте про них не будет.",
        "data": "2020-12-15, 14:35",
        "rating": 42
    },
    {
        "title": "Управляем технологиями в компании без тех. радара",
        "description": "В цикле развития любой быстрорастущей компании наступает момент, когда CIO, CTO, главный технический архитектор (нужное подчеркнуть) задумывается о том, что компания доросла до уровня осознанного управлении технологиями, и нужно начинать двигаться в эту сторону. Первое, что приходит в голову, — визуализировать технологии, с которыми каждый день работают сотрудники. Кажется, этого достаточно. Но решает ли это проблему управления технологиями? Давайте разбираться — и добро пожаловать под кат.",
        "data": "2020-11-24, 11:01",
        "rating": 17
    },
    {
        "title": "Опыт использования фреймворка Featuretools",
        "description": "Нынче важнейшим вектором развития многих компаний является цифровизация. И почти всегда она так или иначе связана с машинным обучением, а значит, с моделями, для которых нужно считать признаки.\n\nМожно делать это вручную, но также для этого существуют фреймворки и библиотеки, ускоряющие и упрощающие этот процесс.\n\nОб одной из них, featuretools, а также о практическом опыте ее использования мы сегодня и поговорим.\n\n\nМоднейший пайплайн",
        "data": "2020-07-21, 14:25",
        "rating": 8
    },
    {
        "title": "Как мы ускоряли время разгрузки товара на складе",
        "description": "Терминал сбора данных Zebra WT-40 со сканером-кольцом. Нужен для того, чтобы была возможность быстро сканировать товар, при этом укладывать физически короба на паллету (свободные руки).\n\nНа протяжении нескольких лет мы очень быстро открывали магазины и росли. Закончилось это тем, что сейчас наши склады принимают и отправляют порядка 20 тысяч паллет в день. Естественно, сегодня у нас уже больше складов: два больших в Москве — 100 и 140 тысяч квадратных метров, но есть и небольшие в других городах.\n\nКаждая сэкономленная секунда в процессах приёмки, сборки или отправки товара в таких масштабах — это возможность сберечь время на операции. А ещё это огромная экономия.\n\nИменно поэтому два главных множителя эффективности — это продуманный алгоритм действий (процесс) и настроенные ИТ-системы. Желательно «как часы», но «работающие чуть менее, чем идеально» тоже вполне подойдёт. Всё же мы в реальном мире.\n\nИстория началась шесть лет назад, когда мы присмотрелись к тому, как именно поставщики разгружают фуры у нас на складе. Это было настолько нелогично, но привычно, что сотрудники даже не замечали неоптимальности процесса. Более того, в тот момент у нас не было промышленной системы управления складом, и в основном логистические операции мы доверяли 3PL-операторам, которые использовали свой софт и опыт в построении процессов.",
        "data": "2020-07-14, 14:04",
        "rating": 46
    },
    {
        "title": "Лучшие data-продукты рождаются в полях",
        "description": "Большинство наших интернет-заказов собираются с торговых залов магазинов, а не со складов. Это приводит к ошибкам между тем, что показывается на сайте, и тем, что мы можем реально собрать в интернет-заказ.\nИз-за высокой скорости оборота товаров в магазинах и сложности систем управления стоком возникают ошибки, которые можно обнаруживать автоматически. Опираясь на наши знания систем и используя социальный инжиниринг, мы предложили решение, которое позволяло бы автоматически находить проблемные товары и корректировать их сток перед публикацией на сайте.",
        "data": "2020-07-08, 16:17",
        "rating": 9
    },
    {
        "title": "Некоторые особенности HR-политики в ИТ-ориентированной рознице",
        "description": "Привет! Меня зовут Катя, я занимаюсь автоматизацией HR-процессов «Леруа Мерлен» в России. Сразу скажу: сама я не пишу код, но участвую в каждом проекте. Хочу рассказать про некоторые особенности того, как это у нас устроено.\n\nСамый частый вопрос ко мне от новых разработчиков: правда ли, что надо работать в магазине до того, как стать разработчиком «Леруа»? Правда, вне зависимости от того, с чем будет связана ваша работа. Типовое обучение любого сотрудника подразумевает интеграцию в магазине, то есть погружение в процессы розницы. Чем выше должность, тем больше времени на разных линейных должностях придётся проработать. Например, наш руководитель разработки четыре месяца провёл в двух магазинах, работая продавцом, участвуя в инвентаризациях и так далее.\n\nВторой вопрос: правда ли, что мы выдаём телефоны всем сотрудникам? Правда. У нас есть корпоративные телефоны, которые выдаются всем без исключения сотрудникам магазинов и офиса.\n\nТретий вопрос обычно — про соцпакет. Да, мы выкинули оттуда всё, кроме медстраховки и еды. Каждый сотрудник в зависимости от стажа работы получает очки, на которые можно «докупать» остальные нужные услуги по меню. Это значит, что можно взять дополнительный полис ДМС с отличным покрытием для родственника, либо получить компенсацию отпуска (билетов, путёвок, отелей), либо получить что-то ещё нужное именно вам.",
        "data": "2020-06-18, 14:03",
        "rating": 32
    },
    {
        "title": "Выпуск#37: ITренировка — актуальные вопросы и задачи от ведущих компаний",
        "description": "Привет! Принесли вам новую подборку задачек с собеседований.\n\nЗадачки — самые что ни на есть настоящие, любезно предоставленные Леруа Мерлен — крупнейшей в России компанией формата DIY.\n\nЛеруа Мерлен — компания с серьёзным ИТ, в том числе внутренней разработкой. Именно они создают самый современный и технологичный ритейл в России.\n\n\n\nЕсли с лёгкостью решите все задачи из выпуска, советую тогда заодно ознакомиться со списком открытых вакансий в Леруа, мало ли, вдруг это судьба?\n\nДля тех, у кого решение вызовет сложности, правильные ответы, как всегда, опубликуются через неделю. Кстати, ответы на задачи из предыдущего выпуска — здесь.",
        "data": "2020-04-30, 11:44",
        "rating": 0
    },
    {
        "title": "Перенос конференции в онлайн: опыт InnerSource Commons Summit",
        "description": "Этой весной в моде домашние тапочки, футболки и длинные созвоны по зуму. Не отстают от трендов и конференционные активности. Большие российские IT-мероприятия уходят в онлайн, а международные гиганты, которые традиционно собирали на площадках тысячи посетителей, теперь распыляют виртуальные корона-вирусы. Не отстаём и мы, небольшая группа энтузиастов из сообщества InnerSource Commons, которые по планам должны были в Мадриде за паэльей обсуждать проблемы применения Open source подходов внутри организации, а теперь в перерывах между докладами устраиваем конкурс на самый вкусный кекс, приготовленный в микроволновке.\n\n\nПо словам Johannes Tigges, автора кекса и фото, получилось вкусно",
        "data": "2020-04-29, 12:00",
        "rating": 2
    },
    {
        "title": "Корпоративные телефоны каждому из 31 тысячи сотрудников",
        "description": "У каждого сотрудника Леруа Мерлен есть корпоративный телефон. Там два слота под симки: один — под корпоративную с пакетом в 100 минут и трафиком для корпоративных приложений и 3 Гб на мобильный интернет-трафик, во второй можно втыкать личную. На телефонах — мессенджеры, соцсети, личные звонки и корпоративный EMM с двумя десятками корпоративных же приложений. То есть если надо сказать что-то сотруднику в магазине, то он получит сообщение в Ватсапе. Заболел ребёнок — тоже жена дозвонится в рабочее время.\n\nА я расскажу про то, как мы это внедряли. Потому что есть там несколько неочевидных моментов вроде того места, где вся эта прорва телефонов вдруг решит одновременно ломануться за обновлением.\n\nЯ с командой провела исследование на 1000 человек про то, можно ли перенести наши основные процессы в мобильность, тогда ещё было не ясно нужен нам терминал или телефон. И если да — какой он должен быть. Будут ли сотрудники использовать свой личный телефон или устройство должно быть предоставлено компанией? Какой личный аппарат сейчас у сотрудника? После этого мы смотрели на мировые практики. В итоге выбор пал в сторону телефона от компании, чтобы не поддерживать зоопарк устройств. Телефон — потому что устройство должно быть у каждого в руках и доступно в любой момент, что нельзя обеспечить с терминалом.",
        "data": "2020-03-12, 10:02",
        "rating": 39
    },
    {
        "title": "Устройство Helm и его подводные камни",
        "description": "Typhon freight hauler concept, Anton Swanepoel\n\nМеня зовут Дмитрий Сугробов, я разработчик в «Леруа Мерлен». В статье расскажу, зачем нужен Helm, как он упрощает работу с Kubernetes, что поменялось в третьей версии и как с его помощью обновлять приложения в продакшене без простоя.\n\nЭто конспект по мотивам выступления на конференции @Kubernetes Conference by Mail.ru Cloud Solutions — если не хотите читать, смотрите видео.",
        "data": "2020-02-20, 12:05",
        "rating": 37
    },
    {
        "title": "Опыт интеграции веб-компонентов на сайт Леруа Мерлен",
        "description": "Однажды вечером, попивая кофеек, я получил сообщение от коллеги с емким словом «Дожили» и ссылкой на выступление на PiterJS. В этом выступлении спикер взял сайт «Леруа Мерлен» и показывал, как надо делать оптимизацию на неоптимизированном сайте. И он прав. Если взять PageSpeed Insights, то на главной странице мы имеем следующие значения:\n\nМобилка Десктоп\n\nМожно ли «пробить дно»? Да! И это зависит от того, в каком «настроении» находится PageSpeed Insights или в каком положении сегодня звезды на небе.",
        "data": "2020-02-18, 09:02",
        "rating": 15
    },
    {
        "title": "Заметки с полей: одна из самых больших OpenSource конференций FOSDEM 2020",
        "description": "FOSDEM 2020 на прошлых выходных собрал в Брюсселе 8000+ разработчиков, объединённых идеей открытого ПО. 2 дня, 800 докладчиков и докладов, безлимитное общение и возможность встретить легенд из мира OpenSource. Делюсь своими впечатлениями и заметками с выступлений. Видео с докладов выложили здесь (а это, ни много ни мало, 420 часов контента).",
        "data": "2020-02-06, 11:00",
        "rating": 10
    },
    {
        "title": "Как мы взвешивали товары или маленькая ода автоматизации",
        "description": "Купили невесомый саморез за 0 рублей и теперь думаете, куда прикрутить? Размышляете о теории заговора в лице пиар-службы магазина? Хорошо, если не понимаете, о чём идёт речь. Это значит, что до вас не добрался мем с весами, которым почему-то все родственники считают важным со мной поделиться.\n\n\nНачало и развитие истории, откуда я взял эту картинку.\n\nИстория с весами мне напомнила случай, который случился на старте карьеры в Леруа три года назад. Я пришёл в эту компанию на позицию бэкенд-разработчика и сразу попал на трёхнедельную интеграцию: предстояло побывать почти на всех ролях в магазине. Через пару недель уже поработал с местным айтишником (привет, Коля!), ночью потаскал коробки на складе и разобрался в устройстве кухонной вытяжки. Как это было, это отдельное приключение, достойное собственного поста. Парой слов: для разработчика это необычный опыт, который даёт прочувствовать боли сотрудников и покупателей на собственной шкуре.",
        "data": "2020-01-24, 12:10",
        "rating": 15
    },
    {
        "title": "Как я определение “продукта” искал",
        "description": "В один прекрасный летний день к нашей команде пришла коллега из отдела контента сайта и попросила сделать инструмент для публикации информации о работе кафе и туалетов во всех магазинах страны. И все бы ничего, только мы не имеем никакого отношения к кафе и туалетам, а занимаемся “Платформой услуг”, благодаря которой наши клиенты могут нанять профессионалов в ремонте и обустройстве дома.\n\nНа мой вопрос: “Почему ты пришла к нам?” — мне был дан простой ответ: “Кафе и туалеты — это тоже услуги для клиентов!” Здесь вспоминаются слова Рене Декарта: “Если бы среди философов навсегда установилось согласие относительно значения слов, то почти все их споры были бы прекращены” (“Правила для руководства ума”).\n\nМы работаем продуктовой командой, и у меня встал вопрос: как описать наш продукт так, чтобы каждый понимал, что мы делаем и в чем мы можем помочь? Чтобы дать на него ответ, я решил разобраться, что означает само слово “продукт”.\n\nРезультат моих изысканий под катом…",
        "data": "2020-01-08, 12:06",
        "rating": 10
    },
    {
        "title": "Как сэкономить на психотерапевте используя test-driven development",
        "description": "У вас когда-нибудь было такое состояние?\n\n\nХочу показать вам, как TDD может улучшить качество кода на конкретном примере.\nПотому что всё то, что я встречал при изучении вопроса, было довольно-таки теоретическим.\nТак получилось, что мне довелось написать два практически идентичных приложения: одно писалось в классическом стиле, так как я ещё не знал тогда TDD, в второе — как раз с использованием TDD.\n\nНиже я покажу, где были самые большие различия.\n\nЛично мне это было важно, потому что каждый раз, когда кто-то находил баг в моём коде, я ловил увесистый минус на самооценку. Да, я понимал, что баги — это нормально, их пишут все, но ощущение неполноценности никуда не уходило. Также, в процессе эволюции сервиса, я иногда понимал, что сам понаписал такого, что чешутся руки всё выкинуть и переписать заново. И как это получилось — непонятно. Как-то всё было хорошо в начале, но вот пару фич и через некоторое время уже на архитектуру без слёз не взглянешь. Хотя вроде каждый шаг изменения был логичный. Ощущение того, что мне не нравится продукт собственного труда, плавно перетекало в ощущение, что программист из меня, простите, как из говна пуля.\n\nОказалось, я не один такой и схожие ощущения возникают у многих моих коллег. И тогда я решил, что либо научусь писать нормально, либо пора менять профессию. Я попробовал test-driven development в попытке что-то изменить в своём подходе к программированию.\n\nЗабегая вперёд, по результату нескольких проектов, могу сказать, что TDD даёт более чистую архитектуру, но при этом замедляет разработку. И подходит не всегда и не всем.",
        "data": "2019-07-04, 10:41",
        "rating": 30
    },
    {
        "title": "Как мы развивали ИТ в «Леруа Мерлен»: пересборка двигателя на ходу",
        "description": "Четыре года назад база клиентов велась отдельно в каждом магазине плюс ещё одна — на сайте.\n\nВ предыдущих сериях: три года назад мы решили, что нужно делать свою разработку в России. Два года назад начали писать собственный код вместо того, чтобы модифицировать форк кода материнской компании. Сегодняшняя история будет про то, как мы переключались с одного большого легаси-монолита на кучу маленьких микросервисов, соединённых своего рода шиной (оркестратор).\n\nСамый простой юзеркейс: сделать заказ через сайт и забрать его в реальном магазине «Леруа Мерлен» в России. Раньше заказы интернет-магазина обрабатывались в другом приложении вообще и по другой схеме. Теперь нам нужна была омниканальная витрина, чтобы любой заказ был разбит на интерфейс: касса в магазине, мобильное приложение, терминал в магазине, сайт — что угодно. Если вы поставите Linux на микроволновку — пускай будет микроволновка. Главное, чтобы какие-то интерфейсы могли стучать по API к беку и говорить, что вот тут надо оформить такой-то заказ. И получали на это внятный ответ. Вторая история была с запросами наличия и свойств товара из его карточки.\n\nНа фронте (скоро и про это напишем) у нас монстр — AEM, а за ним в беке было два больших приложения: OPUS и MoVe. Первое — это база данных свойств каждого товара (от габаритов до описания), второе — отвечает за чекаут, то есть монолит касс. Если сильно упростить.",
        "data": "2019-06-25, 10:07",
        "rating": 27
    },
    {
        "title": "Зачем нам в «Леруа Мерлен» нужен собственный российский отдел разработки на 200 человек",
        "description": "Привет! Я Валерий Лаптев, руководитель разработки LM в России. За два года мне нужно было поднять огромный отдел, и это был довольно интересный опыт.\n\nДело в том, что «Леруа Мерлен» есть во многих странах. Головная компания — во Франции, называется ADEO. Там пишут код под Францию, Италию, Испанию и Россию. Бизнес-модели у нас разные: если на российском рынке мы держим минимальные цены (ниже всех конкурентов в мониторинге), то в Европе всё иначе. На самом деле отличий море — начиная от особенностей локали и заканчивая другим законодательством. Есть особенности инфраструктуры России (те же очень большие задержки до Хабаровска) и другой жизненный цикл оформления заказа. Всё это порождает вот такой адский код, состоящий из огромных блоков IF:\n\n\n\nДва года назад у нас было 60 магазинов и много-много хотелок по фичам. Накатывались они примерно за полгода и не всегда правильно. Последней каплей после кучи отклонённых по низкому приоритету фич была просьба завести в заказ поле-строку, чтобы мы его уже потом сами парсили. Это нужно было для особенностей доставки в России, поскольку страна больше других стран присутствия LM. Нам отказали и в этом, точнее, сказали, что будет где-то через семь-восемь месяцев.\n\nПолугодовой цикл неспешной головной компании нам не подходил. Естественно, мы предложили написать свой код, отдать на ревью и подождать внедрения… Правда, из этого ничего хорошего не вышло.",
        "data": "2019-06-13, 10:03",
        "rating": 47
    },
    {
        "title": "Корпоративный телефон — как швейцарский нож: для инвентаризации, чата, обращений в поддержку и справок",
        "description": "Мы, команда разработчиков, делаем корпоративные сервисы Леруа Мерлен. И у нас есть одно преимущество, которым может похвастаться мало какой разработчик: у каждого сотрудника компании есть телефон, где всё это запускается.\n\nТо есть мы можем быть уверены, что, если завтра будет релиз приложения для инвентаризации, то все пользователи его получат. И смогут мгновенно использовать.\n\nЯ хочу рассказать про эту экосистему приложений и то, что сотрудники делают с ними в магазине и в офисе. Вот так выглядит экран телефона:\n\n\n\nКак видите, тут корпоративные приложения соседствуют с соцсетями, Телеграмом и прочим «бытовым» набором. Мы поощряем использование мессенджеров и соцсетей с корпоративных устройств. Принципиально не отслеживаем пользователей и не обращаемся к их данным (французская политика приватности в MDM примерно на уровне GDPR).\n\nПо нашим наблюдениям, когда у сотрудника появляются рабочий Телеграм и ВКонтакте на телефоне, он начинает эффективнее использовать приложения, которые нужны ему для работы.",
        "data": "2019-05-30, 10:03",
        "rating": 28
    },
    {
        "title": "Как в Леруа Мерлен можно купить товар со склада поставщика, которого нет в ассортименте магазина",
        "description": "У нас в Леруа есть много товаров, которые хотелось бы поставить на полки. Например, побольше видов обоев. Или профессиональное оборудование. У нас есть материалы для отделки спален, но нет кроватей и постельного белья. И так далее. 16 миллионов человек ежемесячно посещают сайт при населении России 146,8 миллиона человек. Поверьте, нашим покупателям хочется много чего, кроме 40 тысяч товаров основного ассортимента.\n\nИ вот к нам приходит маркетинг и говорит: слушайте, уважаемые разработчики, вы такие крутые и быстрые, что, наверное, можете запилить нам платформу для того, чтобы разные поставщики продавали свой товар через сайт. И мы это комплектовали в доставку к нашим обычным товарам.\n\nЭто космос. Это почти как закупить товар и продать его клиенту, только без закупки. В смысле: чего клиент хочет, мы показываем ему сразу наличие у поставщика, он покупает, транспортная компания везёт с нашими документами напрямую (как если бы это было куплено у нас), а если вдруг надо вернуть по гарантии или обменять — это делается через любой наш магазин.\n\nВ случае успеха это такое резкое изменение бизнес-модели, что можно гордиться ещё года три. А внедрять всё пару месяцев. Как нам поначалу показалось.",
        "data": "2019-05-16, 10:03",
        "rating": 38
    },
    {
        "title": "Как мы сделали форк российского Леруа Мерлен на Казахстан",
        "description": "Нужно было успеть адаптировать все ИТ-системы до конца строительства магазина.\n\nВ 2016 году было решено открыть магазин в Казахстане (в Алматы). В логике группы компаний Adeo (это все магазины Leroy Merlin по всему миру) на каждую новую страну нужно создавать отдельный бизнес-юнит со своей инфраструктурой и всем-всем-всем. Например, Украина — это отдельный юнит из пяти магазинов со всеми собственными подразделениями, службами и ИТ-процессами.\n\nНа Казахстан мы решили (впервые в истории развития компании) сделать форк российской инфраструктуры, фактически расширяя наши системы на новый регион. Почему? Потому что закупки, цепи поставок, юридические и финансовые службы централизованы. Рынки близки. Законодательство близкое, хотя и есть свои особенности (каждый департамент выявлял для себя отличия с помощью коллег из юротдела). Это евразийский Таможенный союз. У нас было 90 магазинов в России, и можно было закупать на условиях, которых в Казахстане поставщики просто не дадут, да и местного производства не так много. У нас много отлаженных процессов, работающее ПО и так далее.\n\nОсталось только чуть-чуть докрутить пару ИТ-систем. Простая работа года на полтора, потому что переписать пришлось не всё, но очень-очень многое. Началось с того, что, оказывается, надо подписать дополнительные соглашения с 800 поставщиками, чтобы их товары правильно маркировались и сертифицировались при необходимости. Чтобы в Казахстане их можно было правильно учесть, соответственно и правильно напечатать ценник, на котором по закону наименование товара должно быть на казахском и русском языках.\n\nНа этом сюрпризы только начинались.",
        "data": "2019-05-13, 10:04",
        "rating": 73
    }
]