[
    {
        "title": "Roadmap для начинающих DevOps-инженеров: личный опыт",
        "description": "Текст статьи не удалось получить",
        "data": "2023-07-19, 11:33",
        "rating": 1
    },
    {
        "title": "Как извлечь больше данных о посетителях сайта через «Яндекс.Метрику» при помощи Python и с минимумом библиотек",
        "description": "Текст статьи не удалось получить",
        "data": "2023-06-16, 12:39",
        "rating": 3
    },
    {
        "title": "Невредные советы по Cassandra — как избежать ошибок?",
        "description": "Текст статьи не удалось получить",
        "data": "2023-05-31, 15:15",
        "rating": 12
    },
    {
        "title": "Улучшаем лендинг на основе метрик, а не мнений: гайд",
        "description": "Текст статьи не удалось получить",
        "data": "2023-05-05, 10:56",
        "rating": 2
    },
    {
        "title": "Snapshots в Cassandra — как пользоваться и восстанавливать данные?",
        "description": "Текст статьи не удалось получить",
        "data": "2023-04-20, 14:45",
        "rating": 2
    },
    {
        "title": "Как мы быстро создавали задачи в Jira по ГОСТовому ТЗ и почему это облегчило работу с госзаказчиком",
        "description": "Текст статьи не удалось получить",
        "data": "2023-03-31, 14:36",
        "rating": 3
    },
    {
        "title": "Подходы для создания системы управления доступом устройства на ОС Android. Что изменилось в 2023 году?",
        "description": "Текст статьи не удалось получить",
        "data": "2023-03-14, 12:01",
        "rating": 3
    },
    {
        "title": "«Аналитики не нужны» — действительно ли это так?",
        "description": "Текст статьи не удалось получить",
        "data": "2023-02-28, 11:03",
        "rating": 4
    },
    {
        "title": "Пишем чат-бот для Telegram на Python, используя webhook и минимум внешних библиотек",
        "description": "Текст статьи не удалось получить",
        "data": "2023-02-14, 09:30",
        "rating": 3
    },
    {
        "title": "Миграция с СУБД Oracle на PostgreSQL: опыт крупного ритейлера",
        "description": "Текст статьи не удалось получить",
        "data": "2023-01-26, 11:15",
        "rating": 15
    },
    {
        "title": "Нам требовался мониторинг покрытия проекта автотестами. Для этого мы разработали сервис Coverage Manager",
        "description": "Текст статьи не удалось получить",
        "data": "2022-12-22, 15:12",
        "rating": 3
    },
    {
        "title": "Miroпонимание при анализе задач. Как упорядочить информацию в три этапа?",
        "description": "Текст статьи не удалось получить",
        "data": "2022-12-13, 12:49",
        "rating": 2
    },
    {
        "title": "Как переехать из Slack в Mattermost — личный опыт",
        "description": "Как переехать из Slack в Mattermost — личный опыт\nПриветствую, уважаемые читатели Хабра. Меня зовут Иван, я руковожу направлением омниканальных решений в Лиге Цифровой Экономики. На старте одного из проектов около шести лет назад мы с заказчиком решили, что будем вести все проектные коммуникации в Slack. На тот момент для нашей небольшой команды стоил он не так дорого, да еще и был удобнее, чем альтернативные мессенджеры.\nSummary: Из-за проблем со Slack нам нужно было искать альтернативу, а терять накопленные наработки не хотелось. Мы нашли способ переехать относительно безболезненно и с сохранением данных — рассказываем, как это сделали.",
        "data": "2022-11-25, 11:00",
        "rating": 5
    },
    {
        "title": "Адаптация джунов. Как из «кутят» вырастить матерых специалистов?",
        "description": "Текст статьи не удалось получить",
        "data": "2022-11-10, 10:12",
        "rating": 3
    },
    {
        "title": "Синхронизация в UX-дизайне: как поддерживать единую стилистику сервисов для разных устройств",
        "description": "Текст статьи не удалось получить",
        "data": "2022-10-25, 13:57",
        "rating": 1
    },
    {
        "title": "Квест на прокачку QA или приключение на 20 минут",
        "description": "Текст статьи не удалось получить",
        "data": "2022-10-10, 12:39",
        "rating": 4
    }
]