[
    {
        "title": "Анализ маркетплейсной воронки. Сколько карточек товаров нужно открыть чтобы совершить покупку?",
        "description": "Текст статьи не удалось получить",
        "data": "2023-06-01, 11:23",
        "rating": 0
    },
    {
        "title": "16 команд продуктовой разработки: страшный сон наяву или необходимость для бизнеса?",
        "description": "Текст статьи не удалось получить",
        "data": "2023-04-28, 13:55",
        "rating": -1
    },
    {
        "title": "Как выпускать успешные продукты на высококонкурентном рынке",
        "description": "Текст статьи не удалось получить",
        "data": "2023-03-09, 16:14",
        "rating": -1
    },
    {
        "title": "Методы анализа A/B тестов: как выбрать правильный метод для каждого типа метрик и размера выборки",
        "description": "Текст статьи не удалось получить",
        "data": "2023-02-21, 16:28",
        "rating": 1
    },
    {
        "title": "Почему нам всем нужна автоматизация HR-сервисов",
        "description": "Текст статьи не удалось получить",
        "data": "2023-01-18, 14:55",
        "rating": -4
    },
    {
        "title": "История одной смелой гипотезы. Как мы проверяли социальную механику",
        "description": "Текст статьи не удалось получить",
        "data": "2022-12-22, 17:25",
        "rating": -1
    },
    {
        "title": "Как оценивать эффективность продуктовых команд. Часть 1: процессные метрики",
        "description": "Текст статьи не удалось получить",
        "data": "2022-08-18, 15:39",
        "rating": 1
    },
    {
        "title": "Беттинговый инжиниринг: марьяж айтишников и трейдеров",
        "description": "Текст статьи не удалось получить",
        "data": "2022-05-26, 14:52",
        "rating": -1
    },
    {
        "title": "Исследуем Дорожную карту Красной шапочки. Руководство по ошибкам создания roadmap",
        "description": "Текст статьи не удалось получить",
        "data": "2022-01-05, 14:46",
        "rating": 4
    },
    {
        "title": "Как продуктовые планы могут внести хаос в IT команду",
        "description": "Текст статьи не удалось получить",
        "data": "2021-12-28, 20:36",
        "rating": -1
    },
    {
        "title": "Метод персон против Франкенштейна: эликсир продакта для бизнес анализа",
        "description": "Текст статьи не удалось получить",
        "data": "2021-08-27, 14:11",
        "rating": 2
    },
    {
        "title": "Почему онлайн не заменит LAN-турниры в киберспорте",
        "description": "Текст статьи не удалось получить",
        "data": "2021-07-16, 17:16",
        "rating": 2
    },
    {
        "title": "Flutter: слоёный пирог с интересной начинкой. Графика",
        "description": "Текст статьи не удалось получить",
        "data": "2021-03-27, 10:03",
        "rating": 15
    },
    {
        "title": "Магия асинхронных операций: взгляд изнутри. Future",
        "description": "Текст статьи не удалось получить",
        "data": "2021-02-11, 23:28",
        "rating": 13
    },
    {
        "title": "Автоматизация сбора данных по рекламным кампаниям: сделай жизнь проще",
        "description": "Текст статьи не удалось получить",
        "data": "2021-02-03, 19:03",
        "rating": 5
    },
    {
        "title": "Мама, я хакер: пробуем вскрыть приложение на Flutter",
        "description": "Текст статьи не удалось получить",
        "data": "2021-01-10, 22:25",
        "rating": 16
    }
]