[
    {
        "title": "Как сделать мини-игру с Кузей с помощью голосового бота. Часть 2: Настройка Godot",
        "description": "Текст статьи не удалось получить",
        "data": "2023-07-18, 08:00",
        "rating": 4
    },
    {
        "title": "Как сделать мини-игру с Кузей с помощью голосового бота. Часть 1: Управление персонажем",
        "description": "Текст статьи не удалось получить",
        "data": "2023-07-11, 08:00",
        "rating": 11
    },
    {
        "title": "Адаптивный синтез речи вместо типичного ИИ: что это, для чего и как работает",
        "description": "Текст статьи не удалось получить",
        "data": "2023-06-13, 10:12",
        "rating": 3
    },
    {
        "title": "Почему 90% звонков бесполезны, и как правильно применять конструктор ботов",
        "description": "Текст статьи не удалось получить",
        "data": "2023-04-13, 09:09",
        "rating": -2
    },
    {
        "title": "Тенденции и тренды API на 2023 год: от API-First до искусственного интеллекта",
        "description": "Текст статьи не удалось получить",
        "data": "2023-02-28, 10:45",
        "rating": 1
    },
    {
        "title": "Как создать бота для своей отрасли бизнеса",
        "description": "Текст статьи не удалось получить",
        "data": "2023-02-02, 08:00",
        "rating": 1
    },
    {
        "title": "Обзор чат-бота ChatGPT: что это, возможности и примеры использования",
        "description": "Текст статьи не удалось получить",
        "data": "2023-01-17, 10:02",
        "rating": 12
    },
    {
        "title": "«Краткость сестра...» или  интеграция SMS API в бизнес процессы",
        "description": "Текст статьи не удалось получить",
        "data": "2022-12-26, 08:00",
        "rating": 3
    },
    {
        "title": "Как за пару шагов персонализировать шаблонные звонки клиентам",
        "description": "Текст статьи не удалось получить",
        "data": "2022-12-08, 08:50",
        "rating": 1
    },
    {
        "title": "Как разгрузить операторов отдела поддержки парой сценариев",
        "description": "Текст статьи не удалось получить",
        "data": "2022-11-15, 09:39",
        "rating": 2
    },
    {
        "title": "«А у нас сиеста!» или как ресторану обрабатывать звонки клиентов с помощью API",
        "description": "Текст статьи не удалось получить",
        "data": "2022-10-24, 08:50",
        "rating": 1
    },
    {
        "title": "Как создать сценарии обзвона базы холодных и «спящих» клиентов в Digital",
        "description": "Текст статьи не удалось получить",
        "data": "2022-09-29, 09:59",
        "rating": -2
    },
    {
        "title": "«Позвони мне позвони» или решаем проблему скрытия телефонного номера с помощью callback сервиса",
        "description": "Текст статьи не удалось получить",
        "data": "2022-08-30, 05:00",
        "rating": 4
    },
    {
        "title": "Как построить работу с очередью вызовов и спорными статусами предыдущих звонков",
        "description": "Текст статьи не удалось получить",
        "data": "2022-08-18, 13:23",
        "rating": 1
    },
    {
        "title": "Как силами робота автоматизировать проверку номера, его подтверждение или изменение",
        "description": "Текст статьи не удалось получить",
        "data": "2022-08-09, 05:09",
        "rating": 2
    },
    {
        "title": "Практическая ботология: как интернет-магазину сэкономить миллионы на подтверждении и хранении заказов",
        "description": "Текст статьи не удалось получить",
        "data": "2022-07-26, 13:25",
        "rating": -2
    },
    {
        "title": "«Смартфон и его команда» или скрываем номер звонящего и управляем вызовом с помощью MTT API",
        "description": "Текст статьи не удалось получить",
        "data": "2022-06-10, 11:07",
        "rating": 0
    },
    {
        "title": "Как 1С и голосовой робот МТТ помогли автоматизировать уведомления клиентов в клинике",
        "description": "«Здравствуйте, Вы записаны на завтра, 5 июня 2022 года, на прием к стоматологу, в 10:05. Вы придете на прием?».\n\nПожалуй, каждый из нас, в той или иной форме получал подобный звонок от оператора колл-центра клиники. На фоне другие операторы кликают клавишами, доносится гул их голосов. Усталым голосом оператор отрабатывает скрипт, кладет трубку. Полезный звонок, надо поставить напоминание в телефоне, предупредить коллег, что с 10 до 11 будешь не на связи.\n\nТакие звонки достаточно просто автоматизировать, обрабатывать и отслеживать. Мало того, с точки зрения комфортной беседы, исполнение такого скрипта роботом с простыми вариантами ответа — «Да», «Нет», «Оператор» — создают более привлекательное впечатление о бизнесе, который инициирует звонок. Приятным голосом, за короткое время, вы получаете полезное сообщение, что может быть удобнее?",
        "data": "2022-06-08, 17:36",
        "rating": -1
    },
    {
        "title": "Виртуальная АТС МТТ: обзор возможностей",
        "description": "Текст статьи не удалось получить",
        "data": "2022-04-19, 17:00",
        "rating": 1
    },
    {
        "title": "Тандем офисной и мобильной телефонии. Как мы разрабатывали FMC",
        "description": "FMC (fixed mobile convergence) — это новое технологическое решение на стыке разных типов сетей связи: фиксированной и мобильной. С его помощью любая организация может создать единую сеть офисных и мобильных телефонов с общим планом короткой нумерации. Технология дает возможность созваниваться напрямую по коротким внутренним номерам сотрудникам вне офисов в разных регионах страны или мира без использования реальной офисной АТС.",
        "data": "2017-07-07, 19:35",
        "rating": 5
    },
    {
        "title": "Стандарты голоса",
        "description": "Всякий раз, когда вы снимаете телефонную трубку, помните: внутри происходит магия. Просто представьте себе, что каждый герц теплого человеческого голоса обрабатывается, модулируется, трансформируется и передается на тысячи километров. Небольшие ручейки отдельных разговоров сливаются в огромные реки магистралей и опять распадаются на отдельные разговоры человека с человеком.\n\nИ все это происходит благодаря стандартам.",
        "data": "2017-04-11, 16:10",
        "rating": 16
    },
    {
        "title": "Переход в облако: как современные компании используют выгоды IP-телефонии",
        "description": "Переход на виртуальные АТС: статистика, аналитика и экономические аспекты.\n\n\nВ интернете не утихают дискуссии о перспективах виртуальных АТС в России. Одни выступают за их развитие, другие смело заявляют о смерти аналоговой связи, а бизнес растерянно ищет лучший вариант. Почему российские компании продолжают выбирать виртуальные АТС, чем они руководствуются? Мы все подробно исследовали и готовы вам рассказать. Только цифры, только графики, только хардкор.",
        "data": "2016-08-09, 13:37",
        "rating": 8
    },
    {
        "title": "Новые софтфоны YouMagic теперь с кодеком OPUS",
        "description": "Уважаемые пользователи Хабра, сегодня компании МТТ хотелось бы поделиться с вами информацией о выходе сразу двух собственных софтфонов YouMagic с кодеком OPUS под операционные системы Windows и Linux. В конце декабря вышел софтфон YouMagic на ОС Linux, а 14 января состоялся релиз на платформе Windows.",
        "data": "2013-01-22, 18:09",
        "rating": 2
    },
    {
        "title": "Как создавалось новое приложение IP-телефонии на Android",
        "description": "Не так давно мы выпустили софтфон, разработанный полностью внутри компании МТТ. О некоторых интересных моментах его создания мы и хотим рассказать в этом материале. Здесь не будут рассмотрены трудности подбора команды разработчиков, которых сейчас сложно найти, а также не будет углубления в тонкости программного кода. Специалисты из МТТ разработали софтфон с большим количеством функций, поэтому на нем мы и остановимся подробнее. Так можно будет оценить — какая работа была проделана при разработке новой версии приложения.",
        "data": "2012-12-27, 18:47",
        "rating": -10
    },
    {
        "title": "Международная нумерация с бонусом от МТТ",
        "description": "Уважаемые хабраюзеры, с сегодняшнего дня всем новым пользователям сервиса IP-телефонии YouMagic при регистрации международного номера (код +88314) на счет зачисляется 10 рублей. Казалось бы, сумма не велика, тем не менее, ее хватит на 6 минут разговоров с владельцем любого российского мобильного номера, а так же минимум на 10 минут общения с любым абонентом фиксированной телефонной сети. Теперь можно легко протестировать звонки с YouMagic, даже не пополняя баланс после регистрации.",
        "data": "2012-11-14, 19:04",
        "rating": -1
    },
    {
        "title": "IP-телефония: современная технология бесплатных звонков",
        "description": "Введение\nC момента изобретения телеграфа история телекоммуникаций насчитывает уже более 200 лет. Стремительное развитие телефонии привело к тому, что возможности связи, казавшиеся совсем недавно фантастическими, уже сегодня используются повсеместно. Одно из таких нововведений – IP-телефония. Не так давно, было бы исключительно сложно представить себе передачу голоса не по привычным телефонным проводам, а через каналы передачи данных. Сегодня же телефонные сети и Интернет объединяются в единую инфраструктуру. Голосовой IP трафик уже потеснил привычную телефонию и конкурирует с сотовой связью. С развитием IP-телефонии увеличивается ее функционал, и к отсутствию роуминга в сети интернет, прибавляется бесплатная аудио-видео связь, возможность проведения конференций, облачные услуги и так далее. Совсем скоро весь потенциал IP-телефонии станет неотъемлемой частью нашей жизни, как пульт от телевизора или сигнализация на автомобиле, а пока этого не произошло, мне бы хотелось рассказать вам о том, как реализуется IP-телефония и какие технологии для этого применяются в МТТ.",
        "data": "2012-10-15, 18:57",
        "rating": -1
    },
    {
        "title": "Использование городской телефонной нумерации в IP-телефонии",
        "description": "Хабравчане, здравствуйте!\n\nНе так давно появилась занимательная новость, о том, что Международная Ассоциация GSM предложила перейти «большой тройке» и Tele2 на единую IP-платформу. Переход на IP-телефонию должен позволить операторам к уже имеющимся базовым услугам дать возможность обмена файлами, совершения видеозвонков, конференций, чата и других услуг. При этом, подобные услуги давно и успешно предоставляют различные интернет-сервисы, зарабатывающие на «чистой» IP-телефонии. И хотя пока IP-сервисы имеют ограничения, IP-телефония уже становится полноценным продуктом для общения, конкурирующим с сотовой связью.\n\nМТТ запустила сервис IP-телефонии YouMagic, который в удобной форме объединяет в себе основные преимущества использования передачи данных через интернет протокол, традиционную телефонию и может использовать мобильную сеть как инфраструктуру для своей работы. Помимо привычных удобств IP-телефонии, в YouMagic можно бесплатно и быстро получить в свое пользование городской номер России или даже другой страны. В традиционной связи получение прямого городского номера достаточно сложный и трудоемкий процесс, на который обычно уходит много денег, времени и нервов. В YouMagic это делается быстро и без визитов в офис оператора. О том, как реализуется данная возможность мне бы и хотелось вам рассказать.",
        "data": "2012-08-23, 10:33",
        "rating": 6
    },
    {
        "title": "Приветственный пост",
        "description": "Хабравчане!\n\n\n\nКомпания «Межрегиональный ТранзитТелеком» (МТТ) объявляет о запуске блога на habrahabr.ru! При подготовке материалов для вас будут подключаться специалисты из разных отделов компании: разработчики, продуктологи, инженеры.\n\nДля плодотворной коммуникации предлагаем задавать в комментариях к этому посту интересующие вас вопросы о работе МТТ, сервисе YouMagic и других услугах оператора. Из ваших вопросов мы вместе сможем сложить цепочку интересных постов.",
        "data": "2012-08-08, 12:34",
        "rating": -31
    }
]