[
    {
        "title": "Готовим детей к школе с Кубокотом",
        "description": "Текст статьи не удалось получить",
        "data": "2023-06-22, 14:30",
        "rating": 11
    },
    {
        "title": "Чем плохо ООП (иногда)",
        "description": "Текст статьи не удалось получить",
        "data": "2023-05-31, 15:21",
        "rating": 14
    },
    {
        "title": "Эволюция процессов CI/CD в more.tv",
        "description": "Текст статьи не удалось получить",
        "data": "2023-05-19, 11:30",
        "rating": 18
    },
    {
        "title": "Как мы делаем RL в more.tv",
        "description": "Текст статьи не удалось получить",
        "data": "2023-05-11, 14:00",
        "rating": 12
    },
    {
        "title": "Рисуем верёвку в формате SVG при помощи JavaScript",
        "description": "Текст статьи не удалось получить",
        "data": "2023-03-02, 15:54",
        "rating": 61
    },
    {
        "title": "Look-a-like. Как это работает на стороне площадки и чем полезно бизнесу",
        "description": "Текст статьи не удалось получить",
        "data": "2023-01-17, 10:43",
        "rating": 10
    },
    {
        "title": "Учёба — это запоминание",
        "description": "Текст статьи не удалось получить",
        "data": "2022-12-30, 14:05",
        "rating": 13
    },
    {
        "title": "Автоматизируем рутину при создании рекламных digital-размещений",
        "description": "Текст статьи не удалось получить",
        "data": "2022-12-27, 17:05",
        "rating": 10
    },
    {
        "title": "Сага о SEO, часть 3: UX",
        "description": "Текст статьи не удалось получить",
        "data": "2022-12-07, 10:00",
        "rating": 6
    },
    {
        "title": "Стройте карьеру на выполнении грязной работы",
        "description": "Текст статьи не удалось получить",
        "data": "2022-11-18, 15:17",
        "rating": 32
    },
    {
        "title": "Братство кольца в командировке: как мы обновляли систему для организации деловых поездок в НМГ",
        "description": "Текст статьи не удалось получить",
        "data": "2022-11-07, 19:24",
        "rating": 5
    },
    {
        "title": "Сага о SEO, часть 2: разметка",
        "description": "Текст статьи не удалось получить",
        "data": "2022-10-15, 09:51",
        "rating": 6
    },
    {
        "title": "Как в more.tv организовали команды разработки",
        "description": "Текст статьи не удалось получить",
        "data": "2022-09-19, 15:09",
        "rating": 11
    },
    {
        "title": "Сага о SEO, часть 1: серверный рендеринг",
        "description": "Текст статьи не удалось получить",
        "data": "2022-08-19, 15:00",
        "rating": 11
    },
    {
        "title": "Интерактивное ТВ: как всё работает и что оно умеет (часть 1)",
        "description": "Текст статьи не удалось получить",
        "data": "2022-07-26, 15:35",
        "rating": 4
    },
    {
        "title": "Плеер more.tv: каким он был и что умеет теперь",
        "description": "Текст статьи не удалось получить",
        "data": "2022-07-12, 13:40",
        "rating": 15
    },
    {
        "title": "Одна библиотека программных прав, чтобы править ими всеми",
        "description": "Текст статьи не удалось получить",
        "data": "2022-06-28, 13:52",
        "rating": 18
    }
]