[
    {
        "title": "Восстановить удаленную фотографию с флешки? Искусственный интеллект в помощь",
        "description": "Привет, Хабр! В статье хотел бы поделиться своим опытом восстановления данных (на самом деле, всего одной фотографии), который перерос в любопытный кейс применения методов машинного обучения для решения задачи реконструкции файлов изображений. Думаю, что проблема с восстановлением удаленной информации с носителей весьма актуальна для читателей Хабра (и обычных юзеров, и целых компаний), поэтому поделюсь некоторыми наработками. Все это - под катом.  ",
        "data": "2023-05-18, 09:50",
        "rating": 41
    },
    {
        "title": "В помощь разработчикам гаджетов. «USB-Разрыватель» — что это, зачем и для чего?",
        "description": "Привет, Хабр! В этой статье рассказываем о созданном нами устройстве, которое помогает тестировать электронные девайсы в процессе разработки.  Речь идет об устройстве для автоматизации и имитации процесса отключения/переподключения USB-гаджетов. Подробности разработки и самого устройства – под катом.",
        "data": "2023-05-03, 11:00",
        "rating": 16
    },
    {
        "title": "Фотореалистичная графика на уровне ААА в Unity",
        "description": "Текст статьи не удалось получить",
        "data": "2022-01-11, 11:00",
        "rating": 12
    },
    {
        "title": "Как мы делали виртуальный ситуационный центр (и разворачивали его в SOC Сбера)",
        "description": "Текст статьи не удалось получить",
        "data": "2021-12-29, 10:00",
        "rating": 6
    },
    {
        "title": "Решение нашего задания для YauzaCTF, или рассказ о том, что делать с орочьими нулями и единицами",
        "description": "Текст статьи не удалось получить",
        "data": "2021-12-13, 10:00",
        "rating": 5
    },
    {
        "title": "IoT Labs 2021: итоги практики для студентов",
        "description": "Текст статьи не удалось получить",
        "data": "2021-09-09, 10:00",
        "rating": 2
    },
    {
        "title": "Упрощаем жизнь Embedded-разработчика: отладочный стенд своими руками",
        "description": "Текст статьи не удалось получить",
        "data": "2021-08-25, 10:00",
        "rating": 26
    },
    {
        "title": "Еще одна стажировка, или сказ про реверс IP-камеры",
        "description": "Текст статьи не удалось получить",
        "data": "2021-08-02, 10:00",
        "rating": 17
    },
    {
        "title": "Хакатон RaccHack 2021",
        "description": "Текст статьи не удалось получить",
        "data": "2021-07-23, 10:42",
        "rating": 2
    },
    {
        "title": "Continuous Integration для Intel FPGA (Altera)",
        "description": "Текст статьи не удалось получить",
        "data": "2021-07-14, 10:00",
        "rating": 8
    },
    {
        "title": "Защита секретов с помощью технологии SRAM PUF",
        "description": "Текст статьи не удалось получить",
        "data": "2021-06-23, 10:03",
        "rating": 18
    },
    {
        "title": "Разработка своего устройства от А до Я. Часть 2: Создание устройства",
        "description": "Разработка своего устройства от А до Я. Часть 2: Создание устройства\n\n\nВ предыдущей статье мы рассказали о том, что такое электронное устройство и как начать разработку собственного девайса. Мы рассмотрели следующие этапы:\n\nпроработка концепции устройства;\nразработка функциональной схемы;\nразработка принципиальной схемы;\nзакупка компонентов;\nмакетирование и симуляция устройства.\n\nВ этой статье вы узнаете, как и в чем можно начать разработку печатной платы и корпуса для своего устройства. Поговорим про верификацию своей работы перед отправкой на производство. Посмотрим, где можно заказать печатную плату и как изготовить корпус в домашних условиях. В конце концов мы поэтапно пройдемся по сборке и отладке реального устройства и посмотрим на финальный результат.",
        "data": "2020-12-03, 11:00",
        "rating": 24
    },
    {
        "title": "Разработка своего устройства от А до Я. Часть 1: От концепции до макета",
        "description": "Задумывались ли вы когда-нибудь о том, чтобы разработать собственное электронное устройство, но не знали, с чего начать? Тогда приглашаем вас к прочтению данной статьи, в которой мы постараемся осветить весь процесс создания своего электронного устройства – от концепции до реального девайса на примере хобби-проекта одного из наших сотрудников. Статья разделена на две части и имеет следующий план:\n\nЧасть 1: От концепции до макета\nЧто такое электронное устройство\nКонцепция устройства\nФункциональная схема\nПринципиальная схема\nЗакупка компонентов\nМакетирование и симуляция устройства\nЧасть 2: Создание устройства\nРазработка печатной платы\nРазработка корпуса и оснасток\nВерификация и исправление ошибок\nОтправка платы на производство\nСоздание корпуса\nСборка и отладка устройства\n\nДалее повествование будет вестись от лица сотрудника.",
        "data": "2020-12-01, 11:00",
        "rating": 42
    },
    {
        "title": "USB4: все тот же USB?",
        "description": "В конце 2020 года ожидается выход устройств с поддержкой интерфейсов нового поколения USB4/Thunderbolt 4. Данные интерфейсы похожи, однако имеют ряд принципиальных отличий. Среди таких отличий можно выделить наиболее значимое: спецификации на USB4 общедоступные и любой желающий может изучить основные принципы работы данного интерфейса, в отличие от Thunderbolt 4.\n\nВ данной статье мы рассмотрим изменения, которые претерпел интерфейс USB4 по сравнению с предыдущей версией (USB 3.2), разберем архитектуру USB4 и перечислим его основные характеристики.\n\nБолее подробную информацию можно найти в спецификации на USB4.",
        "data": "2020-09-07, 10:23",
        "rating": 39
    },
    {
        "title": "Реверс embedded: трассировка кода через SPI-flash",
        "description": "Зачем?!\n\nНаверное, это первая эмоция большинства людей, прочитавших название статьи. Однако, давайте представим следующую ситуацию: в процессе исследования устройства вы доходите до точки, когда можете исполнить внутри устройства свой код, и хотите вывести через UART заветное \"Hello, Habr!\", помигать светодиодами на плате как на новогодней ёлке или включить JTAG, но всего этого в вашем распоряжении нет.\n\nВ этой статье мы покажем необычный способ трассировки прошивки устройств с помощью эмулятора SPI-флешек.",
        "data": "2020-08-20, 11:00",
        "rating": 22
    },
    {
        "title": "Опасная периферия: разбираемся в Thunderspy",
        "description": "Год от года мы наблюдаем технический прогресс: мощность компьютеров растет, скорости передачи данных увеличиваются, появляются новые стандарты… Но, как говорилось в одном известном фильме, с великой силой приходит великая ответственность! Что мы получаем (помимо большой скорости) от новых стандартов и интерфейсов? Какие угрозы таят в себе Thunderbolt и USB4? Так ли опасен Thunderspy, как его описывают? Давайте разберемся!",
        "data": "2020-06-02, 10:00",
        "rating": 15
    },
    {
        "title": "Пространственная осведомленность: что могут очки Hololens?",
        "description": "Сегодня мы совершим прыжок в область Spatial Awareness с помощью очков Hololens от Microsoft и поговорим о развитии Windows Mixed Reality (WMR), а также о том, чего стоит ожидать от второго поколения.\n\nСтатья рассчитана на тех, кто занимается разработкой под Hololens с использованием среды Unity и Mixed Reality Toolkit (MRTK).\n\nНа всякий случай оставим здесь руководство по UWP от Microsoft.",
        "data": "2020-04-28, 10:57",
        "rating": 16
    },
    {
        "title": "Как начать использовать USB Type-C в своих разработках",
        "description": "В современных embedded-устройствах используется огромное количество различных разъемов, таких как USB Type-B, miniUSB, microUSB и так далее. Все они отличаются форм-фактором, максимальной пропускной способностью и другими различными характеристиками. Самым верным решением в данной ситуации было бы минимизировать количество используемых разъемов и остановиться на каком-то одном, «едином» для большинства разработок. Наиболее перспективным выглядит использование разъема Type-C. В нем объединены невероятная пропускная способность с высокой мощностью питания. Такие производители, как Apple, Huawei, Sony уже внедряют разъем Type-C в свои разработки, постепенно отказываясь от использования «старых» разъемов. А чем embedded-разработчики хуже?\n\nВ данной статье мы приведем общую информацию, необходимую для практического применения Type-C. Наиболее полезной она будет для новичков в сфере embedded, но надеемся, что каждый найдет в ней что-то интересное.",
        "data": "2020-04-14, 09:58",
        "rating": 52
    },
    {
        "title": "Я иду искать: геопозиционирование хоста по IP-адресу в глобальной сети Интернет на примере криптобиржи Binance",
        "description": "В статье рассмотрены методы геопозиционирования сетевых интерфейсов по IP-адресу на примере API-сервиса криптобиржи Binance. Геопозиционирование основано на дистанционно-временных моделях пересчета времени кругового обхода (RTT) в дистанцию и определения примерного местоположения сетевого интерфейса.\n\nСовременным электронным сервисам очень важно знать о географическом местоположении клиентов для «тонких» настроек своих маркетинговых процессов. Повсеместно используются разные техники геопозиционирования пользователей, основанные на привязке к базовым станциям мобильной связи и точкам доступа Wi-Fi. Однако существует целый ряд других задач, для решения которых необходимо знать геопозицию не самого пользователя, а сервера и его сетевого интерфейса. Такие сервисы, как MaxMind (безусловный отраслевой лидер), широко известны публике (можно также почитать здесь), но в целом в сети мало материала в открытом доступе, посвященного технологическим вопросам глобального геопозиционирования хоста по его IP-адресу. В этой статье мы расскажем о некоторых решениях в этой предметной области и поделимся результатами наших исследований.\n\nЗа подробностями следуйте под кат.",
        "data": "2020-02-27, 13:02",
        "rating": 8
    },
    {
        "title": "TDD для микроконтроллеров. Часть 3: Запуск на железе",
        "description": "TDD для микроконтроллеров. Часть 1: Первый полет\nTDD для микроконтроллеров. Часть 2: Как шпионы избавляют от зависимостей\nTDD для микроконтроллеров. Часть 3: Запуск на железе\n\n\nВ первой части нашего цикла статей мы начали освещать тему эффективности применения методологии TDD для микроконтроллеров (далее – МК) на примере разработки прошивки для STM32. Мы выполнили следующее:\n\nОпределили цель и инструменты разработки.\nНастроили IDE и фреймворк для написания тестов.\nНаписали тест-лист для разрабатываемого функционала.\nСоздали первый простой тест и запустили его.\n\nВо второй статье мы описали процесс разработки платформонезависимой логики по методологии TDD.\n\nВ заключительной статье мы опишем, как запускали разработанный код на STM32F103C8, а также подведем итоги всего нашего исследования эффективности TDD для микроконтроллеров.\n\nПодробности – под катом.",
        "data": "2020-02-20, 11:06",
        "rating": 11
    },
    {
        "title": "TDD для микроконтроллеров. Часть 2: Как шпионы избавляют от зависимостей",
        "description": "TDD для микроконтроллеров. Часть 1: Первый полет\nTDD для микроконтроллеров. Часть 2: Как шпионы избавляют от зависимостей\nTDD для микроконтроллеров. Часть 3: Запуск на железе\n\n\nВ предыдущей статье мы начали освещать тему эффективности применения методологии TDD для микроконтроллеров (далее – МК) на примере разработки прошивки для STM32. Мы выполнили следующее:\n\nОпределили цель и инструменты разработки.\nНастроили IDE и фреймворк для написания тестов.\nНаписали тест-лист для разрабатываемого функционала.\nСоздали первый простой тест и запустили его.\n\nВ этой статье расскажем, как мы применили методологию TDD для реализации тестов из тест-листа и написания кода прошивки для их успешного выполнения. При написании тестов будем использовать специальные тестовые объекты для ликвидации зависимостей разрабатываемой логики от других программных модулей. В конце статьи мы представим бизнес-логику проекта и проанализируем особенности применения методологии TDD для реализации прошивки МК. Подробности – под катом.",
        "data": "2020-02-14, 14:06",
        "rating": 15
    },
    {
        "title": "TDD для микроконтроллеров. Часть 1: Первый полет",
        "description": "TDD для микроконтроллеров. Часть 1: Первый полет\nTDD для микроконтроллеров. Часть 2: Как шпионы избавляют от зависимостей\nTDD для микроконтроллеров. Часть 3: Запуск на железе\n\n\nВстраиваемые системы широко применяются в бытовой электронике, промышленной автоматике, транспортной инфраструктуре, телекоммуникациях, медицинском оборудовании, а также в военной, аэрокосмической технике и т. д. Хотя последствия любой ошибки проектирования обходятся дорого, ошибку в ПО для ПК или в большом корпоративном приложении обычно относительно легко исправить. А если дефект будет во встраиваемом ПО (далее – ВПО) электронного блока управления тормозной системой автомобиля, то это может вызвать массовый и дорогостоящий отзыв продукции.\n\nСфера применения встраиваемых систем постоянно расширяется, сложность выполняемых ими задач растет. Это в свою очередь повышает риск внесения ошибок в процессе разработки, что увеличивает вероятность весьма дорогостоящих дефектов в ПО.\n\nОдной из наиболее популярных методологий улучшения качества разрабатываемых приложений является Test-driven development (TDD). Но эффективна ли методология TDD для разработки встраиваемых систем? Ответ на этот вопрос будем искать под катом.",
        "data": "2020-02-12, 16:06",
        "rating": 16
    },
    {
        "title": "Реверс USB-SATA-адаптера (история одного стажера)",
        "description": "Предыстория\n\nСтажировка – это процесс получения знаний и опыта. Наша команда Raccoon Security считает, что повышение уровня информационной безопасности окружающих нас устройств и ПО невозможно без передачи этих знаний и опыта будущим поколениям специалистов. Именно поэтому мы уже много лет организуем индивидуальные стажировки для талантливых студентов и выпускников.\n\nИсследование защищенности – это умение, которому не учат в университете. Ему можно научиться на конкретных примерах и под руководством опытных наставников. Ежегодно наши стажеры решают сложные технические задачи, добиваются поставленных целей и двигаются дальше, расширяя свой профессиональный кругозор и делая мир чуточку безопаснее. У каждого из них своя история становления специалистом, а под катом – начало одной из них.",
        "data": "2020-01-29, 12:25",
        "rating": 100
    },
    {
        "title": "Настройка балансировки нагрузки на InfoWatch Traffic Monitor",
        "description": "Что делать, если мощности одного сервера не хватает для обработки всех запросов, а производителем ПО не предусмотрена балансировка нагрузки? Есть много вариантов – от покупки балансировщика нагрузки до ограничения числа запросов. Какой из них правильный, нужно смотреть по ситуации, принимая во внимание существующие условия. В этой статье мы расскажем, что можно сделать, если бюджет ограничен, а в наличии имеется свободный сервер.",
        "data": "2020-01-23, 10:57",
        "rating": 8
    },
    {
        "title": "Считывание защищенной прошивки из флеш-памяти STM32F1xx с использованием ChipWhisperer",
        "description": "В предыдущей статье мы разбирались с Vcc-glitch-атаками при помощи ChipWhisperer. Нашей дальнейшей целью стало поэтапное изучение процесса считывания защищенной прошивки микроконтроллеров. С помощью подобных атак злоумышленник может получить доступ ко всем паролям устройства и программным алгоритмам. Яркий пример – взлом аппаратного криптокошелька Ledger Nano S с платой МК STM32F042 при помощи Vcc-glitch-атак.\n\nИнтересно? Давайте смотреть под кат.",
        "data": "2020-01-16, 10:57",
        "rating": 39
    },
    {
        "title": "Играем с огнем: запускаем произвольный код на девелоперском iPhone 7",
        "description": "Под Новый год к нам в руки попал программатор JC PCIE-7. В процессе использования выяснилось, что его функционал ограничен, однако вещица оказалась с двойным дном. Внутри этого программатора мы обнаружили плату iPhone 7 специальной отладочной версии. За новогодними приключениями в мире исследования и отладки «яблочной» продукции – добро пожаловать под кат!",
        "data": "2020-01-04, 10:55",
        "rating": 34
    },
    {
        "title": "Как организовать DDoS в благих целях?",
        "description": "Перед релизом нового сервиса неплохо бы убедиться в том, что он работает в соответствии с нашими ожиданиями и доступен вне зависимости от того, сколько клиентов одновременно им пользуются.\n\nА как этот сервис отреагирует, если против него будет организована распределенная DoS-атака? Защищен ли ресурс от потенциальных действий злоумышленников?\n\nДля того чтобы оценить возможные риски и повысить защищенность, имеет смысл самостоятельно провести действия, имитирующие DDoS-атаку, пока ресурс еще не запущен для массового использования.\n\nВ этой статье мы расскажем про опыт организации нагрузочного тестирования для DNS- и HTTP-сервисов.",
        "data": "2019-12-25, 09:57",
        "rating": 8
    },
    {
        "title": "Аппаратные атаки на микроконтроллеры с использованием ChipWhisperer и методы защиты от них",
        "description": "Аппаратные атаки представляют большую угрозу для всех устройств с микроконтроллерами (далее – МК), поскольку с их помощью можно обойти разные механизмы безопасности. От таких атак тяжело защититься программными или аппаратными средствами. Для примера можно прочитать статью от STMicroelectronics про различные виды аппаратных атак и методы защиты МК.\nМы – команда Raccoon Security – заинтересовались этой темой, поскольку одним из направлений деятельности нашей компании является разработка embedded-устройств, в том числе содержащих механизмы защиты информации. По большей части нас интересуют glitch-атаки, поскольку они позволяют проскользнуть мимо исполняемых инструкций МК. Это серьезная угроза для конфиденциальной информации, содержащейся в МК, и самое опасное последствие таких атак – считывание закрытой прошивки в обход механизмов безопасности, предусмотренных разработчиками МК.\n\nНа конференциях Hardwear.io 2018 в Гааге и EmbeddedWorld 2019 в Нюрнберге компания NewAE демонстрировала устройство ChipWhisperer, позволяющее реализовать ту часть неинвазивных аппаратных атак, которые не требуют глубинных знаний наноэлектроники и наличия специфического оборудования. При помощи этого устройства мы изучили безопасность embedded-устройств и поняли, как минимизировать результат подобных атак. Под катом – что у нас получилось.",
        "data": "2019-12-17, 06:22",
        "rating": 27
    },
    {
        "title": "Берегите ваши донглы: исследование безопасности ресивера клавиатур Logitech",
        "description": "Так исторически сложилось, что большинство сотрудников пользуются беспроводными клавиатурами и мышами фирмы Logitech. В очередной раз вводя свои пароли, мы – специалисты команды Raccoon Security – задались вопросом: насколько сложно обойти механизмы защиты беспроводных клавиатур? Проведенное исследование выявило архитектурные недостатки и программные ошибки, которые позволяют получить доступ к вводимым данным. Под катом – что у нас получилось.",
        "data": "2019-12-09, 15:23",
        "rating": 32
    },
    {
        "title": "Заметки по итогам университетского Дня карьеры",
        "description": "Здравствуй, %username%!\nИзвестное выражение «Кадры решают всё» в ИТ-компаниях актуально, как ни в какой другой отрасли. На тему подбора персонала написано много, а мы хотели бы сосредоточиться на таком явлении, как вузовский «День карьеры». Недавно нам довелось поучаствовать в подобном мероприятии на факультете ВМК МГУ. В этом посте мы хотим поделиться некоторыми впечатлениями от увиденного.",
        "data": "2014-05-15, 15:46",
        "rating": 5
    },
    {
        "title": "«Шпионская» камера в Android",
        "description": "Привет, %username%! Сегодня я хочу поделиться опытом разработки одного приложения для Android и трудностями, с которыми пришлось столкнуться при не совсем честном использовании камеры.\nИдея приложения «Страж» жила внутри отдела разработки достаточно давно, но первая реализация появилась на платформе Symbian 2 года назад. Сама идея незамысловата – делать фотографии человека, взявшего телефон в руки. В первой реализации приложение было разделено на сигнальные модули и модули обратных вызовов. Сигнальные модули отвечали за регистрацию изменений определённого состояния телефона. Например: извлечение или установка SIM-карты или карты памяти, входящий или исходящий звонок, или совсем хитрые – главным сенсором был сенсор акселерометра, который определял момент поднятия телефона со стола. Модули обратных вызовов – это действия, которые выполняются по сигналам сенсоров. Были реализованы фотография и запись звука.\nПри портировании приложения на платформу Android подход заметно поменялся. Да и вообще от старого приложения осталась только идея, оно перестало быть модульным, а из всего функционала остался только функционал фотографирования. О реализации этого функционала и хочется рассказать.",
        "data": "2014-03-13, 17:00",
        "rating": 23
    }
]