[
    {
        "title": "ОС Аврора 4.0.2 для разработчиков: обзор и примеры исходного кода",
        "description": "Текст статьи не удалось получить",
        "data": "2022-10-31, 17:59",
        "rating": 8
    },
    {
        "title": "Распознаем речь в Авроре",
        "description": "Текст статьи не удалось получить",
        "data": "2021-09-16, 12:31",
        "rating": 8
    },
    {
        "title": "Linux на мобилках, PDFium и как рендерить PDF в 2 раза быстрее",
        "description": "Текст статьи не удалось получить",
        "data": "2021-07-21, 12:20",
        "rating": 3
    },
    {
        "title": "Как писать кодогенераторы в Go",
        "description": "Текст статьи не удалось получить",
        "data": "2021-06-03, 16:00",
        "rating": 7
    },
    {
        "title": "Создаём плагин Qt GeoServices на примере ОС Аврора, OpenStreetMap и Sight Safari",
        "description": "Текст статьи не удалось получить",
        "data": "2021-05-04, 10:49",
        "rating": 2
    },
    {
        "title": "Защита ядра Linux из ARM Trustzone: как усилить Linux Kernel Runtime Guard и предотвращать последствия zero-day",
        "description": "Всем привет! В ОС Аврора мы уделяем большое внимание обеспечению безопасности. Сегодня немного расскажем о перспективном подходе — синергии технологии ARM TrustZone и open-source проекта Linux Kernel Runtime Guard (LKRG) для повышения защищённости девайсов (в том числе от zero-day уязвимостей). Поговорим о том, что такое вообще ARM TrustZone, продукт Аврора ТЕЕ, пройдёмся по внутреннему миру LKRG и его ограничениям. Затем о том, как с использованием доверенной среды исполнения можно преодолеть эти ограничения, для того чтобы LKRG можно было рассматривать для применения в продакшене ОС.\n\nCтатья была подготовлена по материалам доклада нашего коллеги Антона Рыбакова на конференции OS-DAY 2020 https://youtu.be/jjYJKZK_bas\n\nИтак, для начала краткое содержание:\n\n• О технологии ARM TrustZone и Аврора ТЕЕ\n• О проекте Linux Kernel Runtime Guard\n• Ограничения Linux Kernel Runtime Guard\n• Устранение недостатков с помощью ARM TrustZone",
        "data": "2021-02-02, 09:51",
        "rating": 11
    }
]