[
    {
        "title": "Сопротивление ИИ — почему сотрудники и бизнес не верят интеллектуальным системам и как исправить ситуацию",
        "description": "Текст статьи не удалось получить",
        "data": "2023-07-19, 12:30",
        "rating": -1
    },
    {
        "title": "Гибкая разработка прототипа на Python",
        "description": "Текст статьи не удалось получить",
        "data": "2023-06-16, 09:45",
        "rating": 1
    },
    {
        "title": "ИИ в депо: 7 вопросов от ChatGPT про работу вагоноремонтного предприятия",
        "description": "Текст статьи не удалось получить",
        "data": "2023-05-31, 10:43",
        "rating": 6
    },
    {
        "title": "Цифровой путь: из слесаря по ремонту вагонов в бизнес-аналитики на ж/д",
        "description": "Текст статьи не удалось получить",
        "data": "2023-05-17, 15:14",
        "rating": 0
    },
    {
        "title": "Когда не только выключить и включить: как работает техподдержка ЛКК",
        "description": "Текст статьи не удалось получить",
        "data": "2023-04-27, 11:24",
        "rating": 1
    },
    {
        "title": "Автоматизация подачи инициатив сотрудниками. Часть 2",
        "description": "Текст статьи не удалось получить",
        "data": "2023-03-14, 12:52",
        "rating": 1
    },
    {
        "title": "7 кругов аналитики",
        "description": "Текст статьи не удалось получить",
        "data": "2023-02-16, 12:40",
        "rating": 3
    },
    {
        "title": "Голоса из-под вагона: миссия выполнима",
        "description": "Текст статьи не удалось получить",
        "data": "2023-01-24, 15:04",
        "rating": 2
    },
    {
        "title": "Голоса из-под вагона: кейс инвентаризации на хакатоне",
        "description": "Текст статьи не удалось получить",
        "data": "2022-12-14, 17:36",
        "rating": 1
    },
    {
        "title": "Как математика помогает логистике быть точнее. Опыт ПГК",
        "description": "Текст статьи не удалось получить",
        "data": "2022-11-03, 13:55",
        "rating": 1
    },
    {
        "title": "Можно ли снизить затраты на ремонт вагонов?",
        "description": "Текст статьи не удалось получить",
        "data": "2022-10-28, 15:00",
        "rating": 1
    },
    {
        "title": "Что нужно знать и уметь продакту в логистической компании",
        "description": "Текст статьи не удалось получить",
        "data": "2022-09-30, 13:53",
        "rating": 2
    },
    {
        "title": "Вагон не тронется: какие данные используют операторы для контроля за перемещением грузов по железной дороге",
        "description": "Текст статьи не удалось получить",
        "data": "2022-09-16, 16:31",
        "rating": 3
    },
    {
        "title": "Что ждет продактов из B2C в «оффлайн» компаниях",
        "description": "Текст статьи не удалось получить",
        "data": "2022-09-09, 16:43",
        "rating": 2
    },
    {
        "title": "Цифровой вагон приехал в депо",
        "description": "Текст статьи не удалось получить",
        "data": "2022-08-18, 13:02",
        "rating": 2
    },
    {
        "title": "Как ускорить движение поездов при помощи «виртуальной сцепки»",
        "description": "Текст статьи не удалось получить",
        "data": "2022-08-03, 12:37",
        "rating": 3
    },
    {
        "title": "Цифровая или железная дорога? Как технологии меняют отрасль",
        "description": "Текст статьи не удалось получить",
        "data": "2022-07-28, 10:22",
        "rating": 1
    },
    {
        "title": "Онлайн-заявка на перевозку: от идеи до прототипа",
        "description": "Текст статьи не удалось получить",
        "data": "2022-07-20, 14:14",
        "rating": 1
    },
    {
        "title": "Применение научного подхода при решении задач в Data Science",
        "description": "Текст статьи не удалось получить",
        "data": "2022-07-13, 13:36",
        "rating": 8
    },
    {
        "title": "Зачем геймификация логистам?",
        "description": "Текст статьи не удалось получить",
        "data": "2022-07-06, 12:16",
        "rating": 5
    },
    {
        "title": "Стартапы на железной дороге: куда проложен путь?",
        "description": "Текст статьи не удалось получить",
        "data": "2022-06-21, 11:51",
        "rating": 1
    },
    {
        "title": "Из инженера – в Data Scientist: лайфхаки от первого лица",
        "description": "Текст статьи не удалось получить",
        "data": "2022-06-14, 13:00",
        "rating": 4
    },
    {
        "title": "От конкуренции производителей – к конкуренции продуктов",
        "description": "Текст статьи не удалось получить",
        "data": "2022-06-08, 16:02",
        "rating": 0
    },
    {
        "title": "«Яндекс.Такси» на железной дороге: почему это реально?",
        "description": "Текст статьи не удалось получить",
        "data": "2022-06-01, 14:38",
        "rating": 3
    },
    {
        "title": "Третья космическая скорость IT, или как мы в Первой грузовой компании тестируем гипотезы",
        "description": "Текст статьи не удалось получить",
        "data": "2022-05-17, 12:09",
        "rating": 5
    },
    {
        "title": "Защитить нельзя облажаться. Бюджет цифрового продукта",
        "description": "Текст статьи не удалось получить",
        "data": "2022-04-28, 16:23",
        "rating": 1
    },
    {
        "title": "Проблемы продуктовых команд и инструменты спасения",
        "description": "Текст статьи не удалось получить",
        "data": "2021-12-28, 15:42",
        "rating": 0
    },
    {
        "title": "Data Science для «неайтишных» компаний. Как организовать работу направления с «нуля»?",
        "description": "Текст статьи не удалось получить",
        "data": "2021-11-30, 12:09",
        "rating": 3
    },
    {
        "title": "Применение Materialized Views в организации ETL-процессов",
        "description": "Текст статьи не удалось получить",
        "data": "2021-11-25, 17:24",
        "rating": 3
    },
    {
        "title": "Подводные камни в работе с данными в проектах Data Science",
        "description": "Текст статьи не удалось получить",
        "data": "2021-11-15, 16:45",
        "rating": 0
    },
    {
        "title": "Проект «Цифровой вагон»: предиктивные ремонты",
        "description": "Текст статьи не удалось получить",
        "data": "2021-10-18, 16:06",
        "rating": 3
    },
    {
        "title": "Hi-tech на железной дороге: математически обоснованная логистика при помощи «Навигатора»",
        "description": "Текст статьи не удалось получить",
        "data": "2021-10-13, 12:59",
        "rating": 5
    },
    {
        "title": "Как перейти в Data Science из другой сферы",
        "description": "Текст статьи не удалось получить",
        "data": "2021-09-30, 12:47",
        "rating": 2
    },
    {
        "title": "Выросли на глазах. Как развить компетенции команды в процессе прототипирования и проектирования UX-интерфейса приложения",
        "description": "Текст статьи не удалось получить",
        "data": "2021-09-20, 15:04",
        "rating": 0
    },
    {
        "title": "Как принципы ResponsibleAI помогают ML-моделям работать по максимуму?",
        "description": "Текст статьи не удалось получить",
        "data": "2021-09-14, 15:14",
        "rating": 7
    },
    {
        "title": "Цифровой двойник вагона",
        "description": "Текст статьи не удалось получить",
        "data": "2021-07-26, 16:29",
        "rating": 8
    },
    {
        "title": "Как сформировать эффективную продуктовую команду",
        "description": "Текст статьи не удалось получить",
        "data": "2021-07-15, 12:57",
        "rating": 1
    },
    {
        "title": "Интерфейс с человеческим лицом",
        "description": "Текст статьи не удалось получить",
        "data": "2021-07-14, 14:23",
        "rating": 7
    },
    {
        "title": "Внутренние цифровые продукты и их особенности",
        "description": "Текст статьи не удалось получить",
        "data": "2021-07-13, 11:36",
        "rating": 2
    }
]