[
    {
        "title": "Как Почта моделирует риски потери отправлений",
        "description": "Текст статьи не удалось получить",
        "data": "2023-06-07, 11:02",
        "rating": 14
    },
    {
        "title": "Ускоряем приложение: никаких фреймворков — только математика",
        "description": "Текст статьи не удалось получить",
        "data": "2023-05-02, 14:46",
        "rating": 32
    },
    {
        "title": "Делаем ТруЪ-DevOps в мире хранилищ данных",
        "description": "Текст статьи не удалось получить",
        "data": "2023-02-14, 10:03",
        "rating": 26
    },
    {
        "title": "Прокачиваем логирование: как отслеживать бизнес-процессы в Kibana",
        "description": "Текст статьи не удалось получить",
        "data": "2022-12-15, 10:52",
        "rating": 12
    },
    {
        "title": "Превью сайта с разметкой Open Graph: как автоматически рендерить картинку",
        "description": "Текст статьи не удалось получить",
        "data": "2022-09-13, 11:57",
        "rating": 6
    },
    {
        "title": "Внутренние комьюнити мобильных разработчиков: опыт крупных ИТ-компаний",
        "description": "Текст статьи не удалось получить",
        "data": "2022-08-17, 11:04",
        "rating": 11
    },
    {
        "title": "Как мы построили корпоративную шину данных на Kafka, которая обрабатывает до 3 млн сообщений в секунду",
        "description": "Текст статьи не удалось получить",
        "data": "2022-04-28, 10:36",
        "rating": 35
    },
    {
        "title": "Как начинался Рунет для почтатеховцев",
        "description": "Текст статьи не удалось получить",
        "data": "2022-04-07, 18:05",
        "rating": 19
    },
    {
        "title": "С 2 лет до 6 месяцев: как мы ускорили «доставку» почтового ПО в 4 раза",
        "description": "Текст статьи не удалось получить",
        "data": "2022-03-22, 10:40",
        "rating": 33
    },
    {
        "title": "Java One day offer от Почтатеха",
        "description": "Текст статьи не удалось получить",
        "data": "2022-03-21, 12:26",
        "rating": 23
    },
    {
        "title": "Создание системы управления проектами в Почтатехе",
        "description": "Текст статьи не удалось получить",
        "data": "2022-01-10, 13:48",
        "rating": 3
    },
    {
        "title": "Автоматизация логистики: от первой и до последней мили",
        "description": "Текст статьи не удалось получить",
        "data": "2021-12-17, 10:57",
        "rating": 19
    },
    {
        "title": "Коммьюнити руководителей проектов: подход к развитию",
        "description": "Текст статьи не удалось получить",
        "data": "2021-12-10, 16:00",
        "rating": 5
    },
    {
        "title": "Системный взгляд на UI. Разбираем часть ИТ-платформы сети отделений Почты России",
        "description": "Текст статьи не удалось получить",
        "data": "2021-07-13, 10:00",
        "rating": 4
    },
    {
        "title": "Как Почта России управляет самой большой частной телеком-сетью в стране",
        "description": "Почта есть везде, где живут люди — от мегаполисов до крошечных посёлков в горах и на крайнем Севере. Мы седьмая крупнейшая в мире компания по количеству точек обслуживания клиентов. Почта России — это 42 000 отделений, логистические и сортировочные центры, склады, автобазы, почтамты при вокзалах и аэропортах, ЦОДы. И все они должны быть подключены к сети передачи данных, чтобы там могли работать различные сервисы — например, отслеживание отправлений, упрощённое получение посылок по СМС.\nОсобенности нашей работы влияют на подход к построению сети. Почта — специфический бизнес, и поэтому мы не можем довольствоваться стандартным решением. Чтобы качество нашей связи было одинаковым на всей территории России, совместно со своим стратегическим партнёром Ростелекомом мы создали единую корпоративную сеть передачи данных (ЕКСПД) Почты России, которая охватывает все наши объекты почтовой связи. \nВ основе этого масштабного проекта лежит частная сеть, построенная по технологии IP VPN и обеспечивающая высокоскоростной доступ в интернет. Это крупнейшая корпоративная сеть в России, которую можно сравнить разве что с инфраструктурами Сбербанка и РЖД. При этом КСПД расширяется, и к ней постоянно подключаются новые объекты. К примеру, сейчас мы строим 30 логистических центров, которые будут работать 24/7 и использовать много трафика.",
        "data": "2021-06-23, 13:13",
        "rating": 8
    },
    {
        "title": "Как устроены авиаперевозки Почты России",
        "description": "Текст статьи не удалось получить",
        "data": "2021-05-26, 14:49",
        "rating": 21
    },
    {
        "title": "Первый митап Почтатеха «DevOps на набережной»",
        "description": "Текст статьи не удалось получить",
        "data": "2021-04-23, 09:55",
        "rating": 4
    },
    {
        "title": "От функции к культуре: как развивался DevOps в большой компании",
        "description": "Мы уже рассказывали на Хабре про цифровые продукты Почты — электронные заказные письма, отправку для бизнеса, электронные марки. Те, кто пользуется Почтой, могли заметить, что мы стали выпускать всё больше приложений и сервисов и научились делать это оперативно. Сейчас time to market для новых продуктов в Почте — всего 3 месяца, а релизы выходят каждую неделю. \nМы решили оглянуться назад и вспомнить, как большая компания внедрила DevOps практики, чтобы быстро реагировать на новые запросы. ",
        "data": "2021-03-09, 09:06",
        "rating": 11
    },
    {
        "title": "Увидеть всё. Как и зачем мы создаём цифрового двойника посылки",
        "description": "Текст статьи не удалось получить",
        "data": "2020-12-29, 15:58",
        "rating": 8
    },
    {
        "title": "Дизайнер продукта в Почте России: кровь, слёзы, радость",
        "description": "Текст статьи не удалось получить",
        "data": "2020-12-15, 19:30",
        "rating": 36
    },
    {
        "title": "Сортировочные центры Почты России: как устроены «заводы», которые обрабатывают миллионы отправлений ежедневно",
        "description": "Каждый день через сортировочные узлы Почты России проходят миллионы писем и посылок. Наша задача — быстро распределить весь этот поток по направлениям. В местах, через которые проходят внушительные объемы отправлений (как, например, во Внуково, куда прилетают самолеты с посылками из Китая), без крупных сортировочных комплексов не обойтись. Поэтому в больших городах — Москве, Санкт-Петербурге, Казани и Новосибирске и других — мы строим огромные автоматизированные центры.\n\nАвтоматизированный сортировочный центр похож на завод – по сути, он им и является. Площадь самого большого на сегодняшний день сортцентра Почты, который расположен во Внуково, – 64 тысячи квадратных метров. Мощность производства такого АСЦ — 3 миллиона почтовых отправлений ежедневно и 125 тысяч стандартных писем в час. Производственный процесс здесь идет круглосуточно.",
        "data": "2020-11-26, 13:25",
        "rating": 26
    },
    {
        "title": "25 петабайт данных: как устроена BigData в Почте России",
        "description": "Сегодня любая компания старается копить и использовать данные в своих бизнес-процессах, и Почта не исключение.\n\nУ Почты нет проблем с количеством данных – у нас работает более 300 IT-систем, есть база в 40 млн пользователей и каждый день происходит 11 миллионов клиентских взаимодействий. В результате мы накопили 25 петабайт различных данных, которые помогают нам проектировать сервисы, улучшать процессы внутри компании, снижать риски и находить новые способы монетизации и экономии.\n\nВ этой статье мы расскажем про то, как в Почте России устроена работа с данными, как устроены специфические почтово-логистические процессы и какую роль в них играет Big Data.\n\nКакие данные у нас есть и для чего\n\nПочта — это крупнейшая в России логистическая и ритейл сеть, главная особенность которой с точки зрения данных заключается в том, что каждая единица «товара» (т. е. письмо, посылка) принадлежит конкретному получателю. В обычном магазине, если покупателю нужен товар, ему выдают любую единицу из партии, в Почте же каждое отправление поименовано, поэтому требования к сбору и отслеживанию данных намного строже.",
        "data": "2020-11-10, 11:28",
        "rating": 15
    },
    {
        "title": "Все, что вам надо знать о юридически значимой переписке: бумажной и электронной",
        "description": "Как устроен обмен юридически значимыми сообщениями в России\n\nВ любимых нами американских сериалах часто встречается эпизод, когда притворяющийся курьером или случайным прохожим человек вручает герою увесистый пакет и сообщает, что тому пришла повестка. Герой меняется в лице: он понимает, что деваться некуда, повестку он получил. Лео Месси, чтобы сообщить «Барселоне» плохие новости, использовал специальную испанскую технологию доставки сообщений, которая называется “бюрофакс” (собственно, заинтересовавшись кейсом Лео, мы и решили затронуть эту тему).\n\nВ России тоже бывают случаи, когда нужно не просто отправить документ, а еще и зафиксировать факт его отправки и получения. Например, если нужно уведомить работодателя об увольнении, сообщить компании о прекращении договора или отправить производителю претензию к качеству товара. В подобных случаях закон предусматривает использование юридически значимых сообщений.\n\nПро юридически значимую переписку в сети можно найти много мифов – вроде «я не открою письмо с повесткой, значит, я его не получу, и мне ничего не будет» или «отправлять заказное письмо электронно – ненадежно». В этой статье мы собрали ответы на самые популярные вопросы, которые касаются обмена юридически значимыми сообщениями в России, чтобы вы точно знали зачем, когда и как ими правильно пользоваться.",
        "data": "2020-09-24, 10:33",
        "rating": 15
    },
    {
        "title": "Экскурсия в Питерский офис Почтатеха",
        "description": "Как появился, развивался и как выглядит сегодня IT-центр Почты России на Неве\n\nУ Почты России есть собственное цифровое подразделение — «Почтовые технологии», которое занимается разработкой программного обеспечения, цифровых услуг и продуктов. Филиалы Почтатеха открыты уже в девяти российских городах, и сегодня мы познакомим вас с Питерским офисом, который недавно переехал в новое здание на берегу Невы.",
        "data": "2020-09-03, 11:13",
        "rating": 8
    },
    {
        "title": "Почтовая марка: от бумаги к QR-коду",
        "description": "В отношениях Почты и клиента марка выступает эквивалентом денег и показывает, что отправление, на которое она наклеена, оплачено. Казалось бы, что технологичного можно придумать для кусочка бумаги с клеевым слоем? Оказывается, марка, как и деньги, постепенно переходит в цифру. Самое интересное в такой трансформации — причины перемен. В этой статье разберёмся, как и почему знак почтовой оплаты (марка) меняла свой облик.\n\nПочему вообще нужно было что-то менять?\n\nКогда вы отправляете одно письмо, не так уж сложно прийти в отделение, купить марки и\nприклеить их на конверт. Но большая часть почтовых отправлений приходится на письма и бандероли от компаний, а это сотни или тысячи штук в день только от одного отправителя. Для таких объемов нужен более простой способ отмечать факт оплаты, иначе придётся нанимать на приклеивание марок отдельного человека или заказывать услугу у Почты. Так на смену марке стали приходить другие знаки почтовой оплаты: маркированные конверты, открытки, оттиски специальных машин. Новые, более удобные для отправителя способы стали вытеснять старые, помогая улучшать бизнес-процессы как со стороны клиента, так и со стороны Почты.",
        "data": "2020-08-11, 09:35",
        "rating": 2
    },
    {
        "title": "Снятся ли логистике электропочтальоны",
        "description": "Логистика, как бы сказать это помягче, не стоит на месте. В силу масштаба мы считаемся неповоротливой отраслью, но именно поэтому мы довольно внимательно наблюдаем за трендами и стараемся импортировать их в наши процессы, поскольку ожидаем от них такого же масштабного эффекта. Какие-то идеи мы прямо сейчас встроить не можем, например, массовое использование электромобилей или применение беспилотников в магистральных грузоперевозках. Но есть несколько прочих историй, которые кажутся нам весьма интересными и полезными, и которыми мы хотим с вами поделиться.",
        "data": "2020-07-29, 10:30",
        "rating": 1
    },
    {
        "title": "Как интернет-магазину встроить услуги доставки Почтой в свои бизнес-процессы",
        "description": "Почта помогает интернет-магазинам автоматизировать большую часть процессов, связанных с логистикой. Нам можно поручить доставку посылок, печать и отправку писем, хранение, сбор и упаковку заказов.\n\nПока что за каждый из этих процессов отвечает отдельная система. Для использования сервиса электронных заказных писем, отправки или фулфилмента требуются интеграции с каждой из них. А мы хотим сделать так, чтобы клиент получал доступ ко всем возможностям Почты по принципу «одного окна», без дополнительных усилий и гораздо быстрее. Для реализации этой идеи мы создаем интеграционную платформу, о которой хотим вам рассказать.",
        "data": "2020-07-03, 15:04",
        "rating": 5
    },
    {
        "title": "«Покинуло сортировочный центр»: как устроена логистика Почты России",
        "description": "Если вы отправляли письмо из Москвы в Москву, то могли обратить внимание, что оно сделало непонятный крюк. К примеру, письмо из Алтуфьево в Ясенево может проехать через подмосковный Ногинск. Вот трекинг тестового письма, отправленного из Тверского района Москвы в Лефортово. Его маршрут выглядит так:\n\n\n\nДавыдково — это крупный сортировочный центр во Внуково. Прежде чем попасть к получателю, письмо пройдёт три сортировки. Расстояние, которое оно проезжает, почти в десять раз больше очевидной удаленности по карте.",
        "data": "2020-05-28, 10:31",
        "rating": 46
    },
    {
        "title": "Центры гибридной печати: как мы материализуем миллионы писем каждый день",
        "description": "Вы задумывались, как печатают письма со штрафами от ГИБДД или счета от Ростелекома? Чтобы отправить письмо, нужно распечатать его, купить конверт и марки и потратить время на поход в почтовое отделение. А если таких писем сто тысяч? А миллион?\n\nДля массового производства отправлений существует гибридная почта — здесь печатают, упаковывают и отправляют корреспонденцию, которую нельзя доставить электронно. Клиенту достаточно передать информацию о получателе и загрузить текст в цифровом виде, остальное сделаем мы.\n\nСейчас услугами гибридной почты пользуются государственные и частные компании, которые рассылают тысячи отправлений ежедневно. Среди них ГИБДД, Ростелеком, Сбербанк.\n\nБольшая часть работы в цехах автоматизирована — письма печатают с помощью промышленных принтеров огромными бобинами и автоматически упаковывают на специальных линиях.\n\nСтоимость услуги при этом осталась такой же, как и у самостоятельной отправки. Для обычных писем без отслеживания это 27 рублей 60 копеек, для заказных — 64 рубля 80 копеек.",
        "data": "2020-04-24, 09:07",
        "rating": 15
    },
    {
        "title": "Электронные заказные письма — как и зачем Почта России оцифровала корреспонденцию",
        "description": "Задача заказного письма — передать адресату важные бумаги: договоры, счета, акты или претензии. Заказные письма имеют трек-номер и вручаются лично получателю под подпись или представителю по доверенности. Эти письма часто используются для общения с государственными организациями, судами, Роспатентом.\n\nМы оцифровали заказные письма: вы можете отправлять и получать их через личный кабинет, без похода в почтовое отделение.",
        "data": "2020-03-24, 10:55",
        "rating": 14
    },
    {
        "title": "Как работает Почта для бизнеса – интернет-магазинов и крупных отправителей",
        "description": "Раньше, для того чтобы стать клиентом Почты, нужно было обладать специальными знаниями о её устройстве: разбираться в тарифах и правилах, пробираться сквозь ограничения, о которых знали только сотрудники. Заключение договора занимало две недели и больше. Не было API для интеграции, все бланки заполнялись вручную. Одним словом — дремучий лес, продираться сквозь который бизнесу некогда.\n\nИдеальный сценарий использования Почты мы видим так: пользователь нажимает на кнопку и получает результат — посылки едут, отправления отслеживаются. Внутренние процессы — распределения по группам отправлений, формирование документов и другие — происходят «под капотом».",
        "data": "2020-03-04, 10:17",
        "rating": 18
    },
    {
        "title": "Как устроена доставка товаров, подпадающих под таможенный лимит с 1 января 2020 года",
        "description": "В прошлой статье мы в общих чертах писали о том, как переводим Почту России на электронные рельсы. В этот раз мы решили рассказать о животрепещущей теме — доставке покупок с зарубежных интернет-площадок, превышающих таможенный лимит.\n\nC 1 января в России снизился порог беспошлинного ввоза. Теперь платёж берут с товаров дороже 200 € и тяжелее 31 кг. В самом процессе доставки ничего не изменилось, но теперь это может коснуться большего количества людей, поэтому у покупателей, которых раньше вопрос пошлин не касался, возникают резонные вопросы: что нужно для прохождения таможни? как оплатить пошлину? увеличится ли срок доставки?\n\nВ этой статье мы рассмотрим как устроен процесс расчета и уплаты пошлины и расскажем про интеграцию Почты с Федеральной таможенной службой (ФТС), которая упрощает и ускоряет прохождение таможни.",
        "data": "2020-01-29, 10:37",
        "rating": 24
    },
    {
        "title": "Почтовые Технологии — как мы цифровизируем Почту России",
        "description": "Цифровая трансформация сегодня — как Bluetooth лет десять назад: все убеждены, что с ним всё становится лучше. Даже если он по факту вообще не нужен. С трансформацией история похожая — ее пытаются внедрять все компании, чтобы не сойти с парохода современности (у других-то есть, значит, и нам надо) и немного повысить привлекательность бренда работодателя в глазах потенциальных сотрудников.\n\nПроблема в том, что часто за такой «трансформацией» скрывается лишь базовая цифровизация пары очевидных штук и закупка цветных маркеров (это порой срабатывает как сертификат об успешном внедрении Agile в ряде компаний).\n\nНо есть отрасли и компании, которым цифровая трансформация показана, даже более чем. Особенно когда речь идет об огромных организациях, где деятельность сопровождается десятками согласований, заполнением бланков (бумажных, от руки, да). Там, где правильно внедренные технологии смогут не только спасти леса Сибири от превращения в миллиарды квитанций для населения или временных бумажных пропусков, но и существенно ускорить и упростить уже имеющиеся процессы, чтобы и конечному потребителю услуг стало сильно проще, и с сотрудников снять откровенно механическую работу.\n\nВ общем, по названию нашего блога вы уже поняли, что говорить мы будем о нашей любимой Почте и о том, как мы делаем ее цифровой. Под катом — с чего все начиналось, что мы делаем сейчас и какие у нас планы на будущее.\n\nПопытки поставить Почту на правильные цифровые рельсы датируются 2014 годом. Тогда из публичных штук у нас был только портал russianpost.ru, единственной функцией которого было отслеживание посылок по трек-номеру. Выглядел этот портал вот так:\n\n\n\nВнутренние процессы тоже требовали определенной доработки. Но заданный в 2014 году импульс на улучшение ситуации сработал, и технологии стали потихоньку менять Почту изнутри и снаружи.",
        "data": "2019-08-29, 12:03",
        "rating": 39
    }
]