[
    {
        "title": "Игорь Мелех, Ozon — что такое агентства-галеры и почему их разработчики хотят сбежать в продуктовую компанию",
        "description": "Текст статьи не удалось получить",
        "data": "2023-07-18, 17:46",
        "rating": 4
    },
    {
        "title": "Подписчик может стоить 8 или 8000₽. Что ещё мы узнали, потратив 2+ млн на рекламные посевы в Telegram",
        "description": "Текст статьи не удалось получить",
        "data": "2023-07-10, 12:27",
        "rating": 7
    },
    {
        "title": "Как компания «585*ЗОЛОТОЙ» развивается в e-commerce: инсайты про KVI-товары, выход на маркетплейсы, работу с CDP",
        "description": "Текст статьи не удалось получить",
        "data": "2023-06-29, 13:54",
        "rating": -1
    },
    {
        "title": "«Я за бутиковое агентство с тремя клиентами, но лучшими кейсами». Интервью с Евгением Ракитиным из Лазурит Мебель",
        "description": "Текст статьи не удалось получить",
        "data": "2023-06-22, 11:50",
        "rating": 0
    },
    {
        "title": "Посягаем на святое! Что говорит закон про создание и использование мемов в личных и коммерческих целях",
        "description": "Текст статьи не удалось получить",
        "data": "2023-06-16, 14:35",
        "rating": 24
    },
    {
        "title": "Как «Петрович» интегрирует внешних разработчиков в проекты",
        "description": "Текст статьи не удалось получить",
        "data": "2023-06-15, 14:24",
        "rating": 6
    },
    {
        "title": "Можно ли использовать текст и код, созданные нейросетью, в коммерческих целях — например, в рекламе или на сайте?",
        "description": "Текст статьи не удалось получить",
        "data": "2023-05-30, 11:10",
        "rating": 6
    },
    {
        "title": "«Мечта из IT ушла. Теперь это бизнес и процессы»: интервью с Антоном Макаровым, руководителем агентства Creonit",
        "description": "Текст статьи не удалось получить",
        "data": "2023-05-11, 15:31",
        "rating": 5
    },
    {
        "title": "Что делать, если клиент хочет знать, сколько вы на нём зарабатываете?",
        "description": "Текст статьи не удалось получить",
        "data": "2023-05-06, 10:30",
        "rating": 3
    },
    {
        "title": "Можно ли использовать в коммерческих целях изображения, созданные нейросетью?",
        "description": "Текст статьи не удалось получить",
        "data": "2023-05-01, 13:27",
        "rating": 19
    },
    {
        "title": "Как продвигать ПО? Попросили опытных людей рассказать, как оформить сайт, настроить таргет и создать бренд для софта",
        "description": "Текст статьи не удалось получить",
        "data": "2023-04-24, 13:49",
        "rating": 24
    }
]