[
    {
        "title": "Технологическо-правовой прогноз по регулированию IT в РФ до 2025 года",
        "description": "Текст статьи не удалось получить",
        "data": "2023-05-07, 19:41",
        "rating": 7
    },
    {
        "title": "Privacy Day 2023: приватность во время кризисов и рост утечек данных",
        "description": "Текст статьи не удалось получить",
        "data": "2023-04-25, 14:58",
        "rating": 4
    },
    {
        "title": "Demhack 6: больше вызовов — больше ответов",
        "description": "Текст статьи не удалось получить",
        "data": "2023-04-03, 17:41",
        "rating": 10
    },
    {
        "title": "Большое обновление Censor Tracker",
        "description": "Текст статьи не удалось получить",
        "data": "2022-11-01, 12:31",
        "rating": 25
    },
    {
        "title": "Demhack 4: проекты во время *****",
        "description": "Текст статьи не удалось получить",
        "data": "2022-05-30, 13:29",
        "rating": 2
    },
    {
        "title": "Demhack 3: «Кодьте и будьте свободными!»",
        "description": "Рассказываем, как прошёл наш хакатон, а также чем он отличается от других.\n\n18-го и 19-е сентября в смешанном формате (офлайн и онлайн) прошёл новый хакатон «Роскомсвободы», организованный совместно с Privacy Accelerator, — Demhack 3. Перед участниками стояли следующие основные задачи: разработать технические решения, которые помогут гражданам защитить свои персональные данные, и визуализировать общественно важную информацию, связанную с запросами и сбором ПД различными госструктурами.\n\n\n\nDemhack 3: увлекаем темой приватности\n\nDemhack отличается от других хакатонов своей социальной направленностью — нацеленностью на решение общественных проблем. Как правило, на «коммерческих» хакатонах компании либо ищут себе кадры, либо решают таким образом свои локальные задачи. «Большая награда для команды, большая экономия для бизнеса», — замечает по этому поводу ментор, эксперт по анализу данных и системам искусственного интеллекта Артур Хачуян. Таких же хакатонов, как Demhack, мало. А среди хакатонов по приватности он и вовсе в числе первопроходцев.\nПодобные мероприятия вовлекают в тему молодых людей. В данном случае это тема приватности.",
        "data": "2021-09-30, 13:43",
        "rating": 10
    },
    {
        "title": "Accelerator Offline Day: проверка проектов очно",
        "description": "Текст статьи не удалось получить",
        "data": "2021-06-02, 12:48",
        "rating": 12
    },
    {
        "title": "Demhack 2: пришел, напрогал, победил",
        "description": "Текст статьи не удалось получить",
        "data": "2021-04-20, 11:04",
        "rating": 9
    },
    {
        "title": "О Twitter'е бедном замолвите слово",
        "description": "Текст статьи не удалось получить",
        "data": "2021-03-10, 19:35",
        "rating": 85
    },
    {
        "title": "Акселератор завершен… Да здравствует акселератор",
        "description": "Текст статьи не удалось получить",
        "data": "2021-03-04, 13:39",
        "rating": 2
    },
    {
        "title": "Privacy Day 2021: важные дискуссии о приватности и проекты Privacy Accelerator",
        "description": "Текст статьи не удалось получить",
        "data": "2021-03-03, 16:21",
        "rating": 16
    },
    {
        "title": "«РосКомСвобода» на ОГФ'2020: рассказываем про открытые данные о пандемии и праве на приватность",
        "description": "«РосКомСвобода» совместно с «Инфокультурой» весь день вела на Общероссийском гражданском форуме (ОГФ'2020) площадку «Право на приватность и открытость».\n\nСобрали для вас самое важное из всех секций: про приватность, открытые данные в здравоохранении, открытый код, распознавание лиц и слежку.\n\nКлючевые цитаты из выступлений:",
        "data": "2020-12-17, 15:42",
        "rating": 6
    },
    {
        "title": "Privacy Accelerator: рассказываем об участниках и строим планы",
        "description": "Текст статьи не удалось получить",
        "data": "2020-12-03, 12:57",
        "rating": 15
    },
    {
        "title": "На DemHack назвали победителей",
        "description": "Команды должны ещё поработать над проектами, но перспективы у них есть.\n\nС 5 по 10 октября в Москве прошёл буткемп Demhack. Ранее вышедшие в финал шесть участников сентябрьского хакатона представили на суд жюри улучшенные проекты. 10 октября эксперты определили победителей. Ими стали:\n\nVPN123;\nCryptocar;\nCommon data.",
        "data": "2020-10-14, 13:08",
        "rating": 18
    },
    {
        "title": "DemHack: больше кода для социальных изменений",
        "description": "В сентябре «Роскомсвобода» и «Теплица социальных технологий» провели хакатон Demhack для активистов и ИТ-специалистов из разных областей разработки программного обеспечения (программистов, дизайнеров, менеджеров, разработчиков). Они встретились для создания ИТ-решений в сфере цифрового гражданства. На хакатоне разрабатывались проекты в области защиты персональных данных, свободы слова и борьбы с фейковыми новостями и т.д.\n\nЦенность таких мероприятий, как Demhack заключается в возможности разным специалистам встретиться для решения социальных социальных проблем и общественно важных вопросов с помощью цифровых сервисов, считают менторы, члены жюри хакатона и сами участники. Программисты могут предложить общественникам решения, а общественники — продвигать гуманистические идеи в ИТ-мир. UX-специалист команды Common data Вероника Волкова считает, что сочетать «технологические истории с социальными» — хорошая идея. «Только тогда решения будут работать. Технологии в отрыве от социальных проблем — гиблое дело», — заключила она.\n\nМероприятие реализуется в рамках концепции цифрового гражданства, где ключевой элемент — это взаимоотношения между гражданами и государством и непосредственно между самими гражданами с помощью электронных платформ, сервисов, устройств и ресурсов. В условиях цифровизации, когда большая часть процессов и коммуникации переходит в онлайн-среду, а потребности и запросы, права и интересы удовлетворяются и защищаются в Сети, новая концепция получает особую актуальность.",
        "data": "2020-10-01, 16:57",
        "rating": 11
    },
    {
        "title": "Расширение для Chrome, которое предупредит вас о слежке",
        "description": "Привет, Хабр! Роскомсвобода снова с хорошими новостями.\n\nУмелые руки нашей команды разработали расширение для браузера Google Chrome Censor Tracker и запускают его в открытое плавание публичное бета-тестирование.\n\n\nНесколько месяцев мы проверяли работу Censor Tracker с помощью наших друзей, коллег и преданных подписчиков, обсуждали и исправляли возникающие ошибки и сейчас готовы представить наше расширение широкой публике.",
        "data": "2020-09-02, 14:05",
        "rating": 66
    },
    {
        "title": "Privacy Accelerator: приглашаем на прокачку проекты в сфере прайваси и доступа к информации",
        "description": "К нам часто приходят тематические проекты, которые просят помощи. В основном — с рекламой. Почему-то команды проектов считают, что если мы разместим на РосКомСвободе упоминание или пост-обзор их продукта, то сразу пойдет поток пользователей, и их бизнес- или гражданский проект заработает. Мы тем временем знаем, что это не так, и практически в 100 процентах случаев отказываем, просто потому что это никому не выгодно: ни читателям, которым мы прорекламируем сырой, потенциально небезопасный продукт, ни проекту, который не добьется ожидаемых результатов, и энтузиазм его создателей скоро потухнет.\n\nДва момента, почему так происходит:\n\nэто стандартная для технарей недооценка маркетинговых составляющих проекта;\nа еще непонимание в целом поляны прайваси (анонимности и вот этого всего), недостаточно изученная мотивация пользователей (как физических, так и организаций) при пользовании какого-либо продукта в этой нише.\n\nВесной мы провели антиковид-хакатон, в котором получили очень крутые отзывы как от менторов, так и от проектов, и поняли, что на самом деле мы хотим и готовы сделать отдельную программу прокачки для проектов, которые хотят улучшать прайваси, анонимность или доступ к информации. У нас есть сильный нетворкинг в областях, которые нужны проектам для полноценного запуска (маркетинг, продуктовый менеджмент, киберправо, разработка, фандрайзинг); мы сами обладаем хорошей экспертизой и компетенцией в вопросах функционирования прайваси-проектов; у нас есть партнеры, которые находятся в постоянном поиске идей в этой сфере и готовы вкладывать в них деньги. Таким образом паззл сложился. Мы решили запустить акселератор и сейчас объявляем о наборе в него первых проектов!\n\nСейчас объясним, как это будет работать.",
        "data": "2020-08-26, 12:37",
        "rating": 16
    },
    {
        "title": "РосКомСвобода провела онлайн-конкурс Pandemic Hackathon. Знакомство с проектами-победителями",
        "description": "Привет, Хабр! Недавно мы определили победителей онлайн-конкурса проектов Pandemic Hackathon. Ими стали шесть команд, представивших проекты по направлениям “помощь здравоохранению” и “гражданская взаимопомощь”. Именно они разделили призовой фонд в 1,5 миллиона рублей и теперь готовятся к реализации своих идей.\n\nВсе проекты соответствуют концепции цифрового гражданства, в рамках которой проходил конкурс, и направлены на оказание помощи в период пандемии и после ее окончания, как каждому конкретному человеку (например, Karma), так и медицинскому сообществу (Covid Ray), а также обществу в целом («Фальсификации в медицине»). Они отвечают принципам открытости и защиты персональных данных.\n\n! Не все проекты носят кодонаписательный характер — с учетом коронавирусных реалий у нас прошёл онлайн-конкурс с возможностью представить в том числе проекты по адвокации в области цифровых прав.\n\nДавайте поближе познакомимся проектами, разделившими наш призовой фонд.",
        "data": "2020-06-22, 12:23",
        "rating": 4
    },
    {
        "title": "РосКомСвобода приглашает на Privacy Day и Pandemic Hackathon",
        "description": "РосКомСвобода в деле! Хотим рассказать про наши ближайшие онлайн-мероприятия.\n\n\nМы запустили сбор заявок на конкурс-хакатон для помощи здравоохранению и гражданскому обществу — Pandemic Hackathon. Тему выбрали актуальную и важную, потому что искренне верим в то, что лишь совместными усилиями сможем пережить этот непростой для всех период. Призовой фонд хакатона составляет 1,5 млн рублей, подать заявку на участие можно до 22 мая.\n\nА 21 мая мы проводим вторую ежегодную конференцию Privacy Day. В этот раз она пройдёт в онлайн-формате по всем понятной причине.\n\nКстати, в обоих мероприятиях активное участие принимает Хабр: в конкурсе-хакатоне в качестве партнёра, а на конференции будет спикер.\n\nК обоим мероприятиям приглашаем присоединиться и вас!",
        "data": "2020-05-15, 16:00",
        "rating": 12
    },
    {
        "title": "Habr занял первое место в рейтинге соблюдения цифровых прав пользователей",
        "description": "Привет! На связи РосКомСвобода! Хотим поделиться с вами хорошими новостями. Мы выпустили исследование «Рейтинг соблюдения цифровых прав популярными веб-сервисами Рунета — 2020». И Habr (как это уже понятно из заголовка) занял первое место в этом рейтинге, опередив такие компании, как Яндекс, ВКонтакте, HeadHunter и других.\n\n\n\nРассказываем, что мы исследовали, на основе каких данных и как Habr выбился в лидеры.",
        "data": "2020-04-17, 13:24",
        "rating": 40
    },
    {
        "title": "Александр Плющев про политизацию интернета, цифровизацию власти и роботов, которые заменят журналистов (но это не точно)",
        "description": "Известный российский журналист, ведущий программы «Точка» на радио «Эхо Москвы» про интернет и технологии, а также автор колонки в Deutsche Welle Александр Плющев дал «Роскомсвободе» интервью.\n\nОн занимается темой интернета с 90-х, поэтому имеет хорошее представление о развитии Сети за последние двадцать лет. Александр поделился с нами своим видением взаимовлияния политики и Рунета, чем хитрость Жарова отличается от хитрости «Яндекса», почему Клишас и Бокова не обращают внимания на критику, есть ли у пользователей запрос на защиту персональных данных и может ли искусственный интеллект воспроизвести Шендеровича. А еще — что за последнее время его по-настоящему впечатлило.",
        "data": "2020-03-13, 13:01",
        "rating": 5
    },
    {
        "title": "DPI: Deep Packet INJECTION, или конспирологическая теория о заговоре между RTK и MRG",
        "description": "Привет, Хабр!\n\nЭто снова я, тот, кто отвечает за IT-составляющую РосКомСвободы! Ты, наверное, меня помнишь по посту о самопроизвольной активации камеры при открытии страницы с embedded-youtube-видео.\n\nНа этот раз у меня история из личной жизни и, на мой взгляд, расследование немного поинтереснее.\n\nВозможно, оно даже имеет запах теории заговора (между Ростелеком'ом (CC: Rostelecom ROSTELECOM-CENTER) и Mail.Ru Group).",
        "data": "2020-02-27, 21:06",
        "rating": 89
    },
    {
        "title": "Скрытая активация камеры браузерами: Большой Брат или технологический просчёт?",
        "description": "Всем привет!\n\nМеня зовут Вадим, и я один из технических консультантов и, по совместительству, системный администратор \"РосКомСвободы\".\n\nНо данный пост будет не обо мне. Он будет историей о подозрительной (с точки зрения приватности в контексте мобильных телефонов) ситуации, с которой мы недавно столкнулись.\nОн мог бы быть в стиле \"А-а-а-а-а-а! Смотрите, Большой брат (Google) следит за нами\", но я, всё же, попробую провести какой-никакой анализ и выдвинуть правдоподобные гипотезы о том, почему может происходить то, что произошло.\n\nЗаранее прошу прощения, если кому-то не нравится формат а-ля \"журнал }{akep в нулевые\". Пишите — исправлюсь.",
        "data": "2019-12-17, 15:16",
        "rating": 181
    },
    {
        "title": "IGF 2019. Интернет разваливается на части?",
        "description": "Закончился IGF 2019 в Берлине. Неделя плотных дебатов экспертов со всей планеты Земля под флагами ООН про Internet Governance. На IGF приехали все мультистейкхолдеры Интернета, которые сегодня делают Интернет, используют Интернет, отжимают Интернет и защищают этот самый Интернет на разных континентах.\n\nНа ежегодном Форуме было поднято большое количество злободневных вопросов, которые волнуют сейчас все прогрессивное человечество. Среди прочего обсуждалось:\n\nРиски гражданской дискриминации, создаваемые использованием искусственного интеллекта (ИИ).\nПорядок и объем доступа правоохранительных органов к данным, находящихся за границами собственной юрисдикции государств для борьбы с киберпреступностью\nКак защищать конфиденциальность на цифровых платформах\nКак решать задачи для эффективной борьбы с нелегальным контентом в Интернете и защиты цифровых прав одновременно\n\nЧтобы решить эти вопросы на международном уровне государствам нужна солидарность. Солидарность в стремлении сохранить интернет как мировое достояние, обеспечив его неделимость и связанность. Результатом такой солидарности мог бы стать уже давно назревающий международный договор, который определил бы статус интернета и обязательства государств-участников в отношении киберпространства. Однако такого единодушия нет.",
        "data": "2019-12-09, 15:42",
        "rating": 10
    },
    {
        "title": "Цифровая оборона от пластмассового мира отечественных интернет-регуляторов",
        "description": "Вы знали, что сегодня, 1 марта, Всемирный день гражданской обороны?\nЯ нет, мне это подсказали после того, как мы командой РосКомСвободы запустили случайным образом в этот же день общественную кампанию #ЦифроваяОборона\n\nНеплохо так совпало!\n\nДанная кампания является стратегической и направлена на отстаивание цифровых прав и против текущего негативного тренда государственного регулирования интернета в России.\n\nРоссийские власти за последние несколько лет приняли огромное количество правовых актов, которые пагубно сказываются на наших цифровых правах и свободах, на развитии интернет-бизнеса, на построении эффективных коммуникаций в онлайне: личных, общественных, деловых, образовательных. Регулирование сетевой среды уже давно явно пошло куда-то не туда. Депутаты Госдумы вместо законов, которые должны стимулировать общественные, коммерческие и научные связи в онлайн-среде, выдвигают всё более странные и пагубные для современного общества инициативы по расширению цензуры Сети, введению слежки за пользователями, обременению новыми обязанностями информационных посредников — операторов связи, хостеров, контент-провайдеров, владельцев сайтов, онлайн-СМИ и других участников интернет-взаимодействия.",
        "data": "2019-03-01, 15:34",
        "rating": 51
    },
    {
        "title": "Приложение Burger King: насмешка над защитой персональных данных. Исправляем?",
        "description": "После того, как Хабр буквально за сутки разорвала серия статей про вкусную еду слежку за пользователями от Burger King (раз, два, три), разработчик приложения e-Legion опубликовал на Хабре ответный пост.\n\nДа, ажиотаж эта тема вызвала серьезный, на текущий момент суммарно эти статьи просмотрели больше 230 тысяч раз и оставлено больше 1000 комментариев.\n\nВ своей статье разработчик пытается опровергнуть доводы молодого человека, рассказавшего о том, как приложение Burger King не очевидным образом мониторит поведение пользователей, и утверждает, что обработка персональных данных соответствует даже GDPR, который строже отечественного закона №152-ФЗ «О персональных данных».\n\nРосКомСвобода покажет, почему приложение Burger King не соответствует закону №152-ФЗ и подарит ООО «Бургер Рус» час бесплатной консультации юриста по персональным данным.\n\nИтак, поехали!",
        "data": "2018-07-13, 22:26",
        "rating": 203
    },
    {
        "title": "Википедия как доказательство в суде",
        "description": "Википедия в судах: от скепсиса к разумным подходам\n\nС развитием интернета Википедия заменила большинству людей книгопечатную энциклопедию. Популярность Википедии достигла таких масштабов, что российские суды и госорганы то пытаются заблокировать Википедию, то используют её при разрешении споров.\n\nВикипедия — это общедоступная многоязычная универсальная интернет-энциклопедия со свободным контентом. Пользователи могут самостоятельно изменять содержимое страниц, так называемых “вики”, с помощью инструментов, предоставляемых сайтом. Каждый раз, когда содержимое страницы Википедии изменяется, псевдоним редактора (или его IP-адрес), а также краткое изложение внесенных правок, становятся видны в разделе страницы “история изменений”. Таким образом, можно в любое время вернуть предыдущую версию в случае недобросовестных редакций, все версии страницы хранятся на серверах. Самоорганизованное сообщество редакторов и администраторов следит за тем, чтобы правки соответствовали руководящим принципам Википедии.\n\nВ силу наличия у пользователей доступа к редактированию содержания онлайн-энциклопедии сама Википедия не рекомендует цитировать её в качестве источника в исследовательских работах. Но всё же служители Фемиды иногда используют Википедию при разрешении судебных дел.",
        "data": "2018-04-18, 17:32",
        "rating": 23
    },
    {
        "title": "Право белых пятен",
        "description": "Мир полностью погрузился в эпоху цифровых технологий и интернета. С развитием поисковых систем, сетевых СМИ, социальных сетей и накоплением огромного пласта персональных данных право пользователя на защиту частной жизни в сети все чаще становится предметом не только общественных дискуссий, но и судебных споров. Одним из механизмов защиты стало так называемое “право на забвение” или “право быть забытым” (Right To Be Forgotten), вокруг которого в последние годы много шума и дискуссий в разных странах.\n\nНачало было положено, когда в 2014 году Суд справедливости Евросоюза (CJEU — Court of Justice of the European Union) в решении по делу Google Spain против AEPD и М.К. Гонсалеса разъяснил, что субъекты данных имеют право на удаление информации о них из результатов поиска (делистинг, de-listing), если такая информация является “некорректной, нерелевантной или излишней” (inadequate, irrelevant or excessive).\n\nС тех пор Google ввёл в своих отчетах Transparency Report специальный раздел, в котором публикует статистику по применению «права быть забытым» в Европе с публикацией примеров, когда IT-гигант удовлетворяет или отклоняет запросы пользователей по удалению информации о них из поисковой выдачи.",
        "data": "2018-02-18, 13:34",
        "rating": 17
    },
    {
        "title": "«Я — первый оператор узла Tor под уголовным преследованием и мы все следим, чтобы я стал последним»",
        "description": "Накануне митинга «За свободный Интернет!» мы взяли интервью у математика Дмитрия Богатова, который был помещен на 3 месяца в СИЗО, а сейчас находится под домашним арестом по сути за то, что являлся оператором выходного узла сети Tor.\n\nПодробно о самом деле и ходе следствия можно ознакомиться в следующих материалах:\n\n→ Узник Тора\n→ Таймлайн\n→ Общественная кампания в поддержку Димы",
        "data": "2017-08-25, 13:31",
        "rating": 44
    },
    {
        "title": "К VPN через доверие",
        "description": "В России на текущий момент времени защищённые сетевые сервисы, необходимость использования которых на первый взгляд не совсем очевидна, становятся если не стандартом де-факто, то всё более востребованы со стороны пользователей. Это происходит по ряду причин, среди которых, конечно же, почти пятилетняя агрессивная отечественная государственная политика по отношению к регулированию интернет-пространства, а также общемировой тренд на безопасность и сохранение как можно больше личных данных при себе во время сетевых коммуникаций, чтобы ни злоумышленники, ни корпорации, ни госчиновники не воспользовались ими в своих интересах без твоего ведома.\n\nПраво на анонимность при цифровом взаимодействии есть у каждого из нас и подтверждается даже на высоких площадках ООН регулярно.\n\nЕсли говорить про российское госрегулирование интернета и IT, то можно вспомнить десятки законов, которые были приняты за последние годы и все из них носят исключительно регрессивный, репрессивный и обременительный для интернет-отрасли и граждан характер. Большинство из этих законов вносят изменения в федеральный закон «Об информации, информационных технологиях и о защите информации» (149-ФЗ), а также в иные нормативно-правовые акты, например, в КоАП, вводя вместе с интернет-регуляторикой и административное воздействие для «непокорных». На данный момент «непокорными», которых можно наказывать блокировками и штрафами, для государства выступают только те или иные сетевые сервисы или IT-компании: веб-сайты, разработчики ПО, операторы связи, хостинг-компании, владельцы интернет-магазинов и т.д. До пользователей государство пока не добралось. Ну если оставить за скобками «экстремистские» дела за постинг и репостинг широкого спектра материалов, которые, как считают российские правоохранительные органы, могут нести угрозу безопасности государства или оскорбляют чьи-либо чувства.",
        "data": "2017-08-17, 11:11",
        "rating": 22
    },
    {
        "title": "Интернет vs Государство: Конференция Crypto Install Fest / CIF4",
        "description": "CIF (Crypto Install Fest) — это практическая конференция, во время которой IT-специалисты, юристы и общественные деятели обмениваются мнениями и рассказывают слушателям о текущем положении дел и новых тенденциях в Рунете, в частности, затрагиваются вопросы свободы слова и цензуры в Сети, государственного регулирования интернета и самоорганизации отрасли, сохранения анонимности и защиты персональных данных пользователей, новых технологиях децентрализации, которые помогают интернету защищаться от внешних воздействий сегодня, и о тех, которые придут завтра.\n\nКонференция пройдет 1 июля в Москве, начнётся в 13.00 по адресу: Сахаровский центр, ул.Земляной вал, д.57, стр.5.\n\nСайт мероприятия: cif.pirate-party.ru\n\nГлавный акцент в этом году будет поставлен на теме «Интернет и Государство».\nВсё больше и больше государство проникает своим жёстким контролем в интернет-пространство. Предложения по регулированию Сети всё жестче, абсурднее и звучат всё чаще. Законы о блокировках, «Пакет Яровой», антипиратские меры и множество других, правоприменение которых уже активно идет и, одновременно с этим, принимаются и новые репрессивные и регрессивные законодательные акты, которые в ускоренном темпе проходят через Госдуму, среди них: жёсткая регуляция средств анонимизации, туннелирования трафика и поисковых систем, блокировка «зеркал» запрещённых сайтов, принуждение мессенджеров передавать данные пользователей операторам сотовых сетей.",
        "data": "2017-06-27, 10:30",
        "rating": 13
    },
    {
        "title": "Узник Тора",
        "description": "История задержания московского учителя математики Дмитрия Богатова по обвинению в двух тяжких преступлениях всколыхнула не только российскую IT-тусовку, но и многих зарубежных гиков и сторонников ПО с открытым кодом. По версии следствия, Дима под аккаунтом “Айрат Баширов” размещал на сайте sysadmins.ru сообщения с призывами к осуществлению террористической деятельности и направленные на организацию массовых беспорядков. Дима отрицает, что писал эти сообщения. Когда жена и мама арестованного обратились в РосКомСвободу с просьбой помочь, мы, конечно же, не могли им отказать и сразу же включились в работу по его защите.\n\n20 апреля наш адвокат Саркис Дарбинян встретился с Димой в “Матроске”, принял участие в следственных действиях и выяснил все подробности дела для проработки эффективной стратегии защиты. Безосновательное ограничение его свободы нас, как и всё IT-сообщество, очень сильно беспокоит. Он не только пользовался открытым программным обеспечением и являлся адептом идей свободного распространения информации, но и всячески пытался внести свой личный вклад в развитие открытых технологий.",
        "data": "2017-04-24, 16:25",
        "rating": 79
    }
]