[
    {
        "title": "Как провести внутреннюю стажировку",
        "description": "Текст статьи не удалось получить",
        "data": "2023-07-19, 16:40",
        "rating": 10
    },
    {
        "title": "Доступность сервиса: встраивание в существующие процессы",
        "description": "Текст статьи не удалось получить",
        "data": "2023-07-13, 15:34",
        "rating": 19
    },
    {
        "title": "Как проверить доступность сервиса",
        "description": "Текст статьи не удалось получить",
        "data": "2023-07-07, 15:30",
        "rating": 19
    },
    {
        "title": "Как написать понятный текст. Опыт Госуслуг",
        "description": "Текст статьи не удалось получить",
        "data": "2023-06-29, 17:17",
        "rating": 34
    },
    {
        "title": "Как PI-планирование помогло выполнять задачи государственной важности и иногда немного спать",
        "description": "Текст статьи не удалось получить",
        "data": "2023-06-22, 11:44",
        "rating": 29
    },
    {
        "title": "Доступность сервиса: экспресс-тестирование",
        "description": "Текст статьи не удалось получить",
        "data": "2023-06-15, 14:54",
        "rating": 30
    },
    {
        "title": "Под капотом Госуслуг: про СМЭВ3 от первого лица",
        "description": "Текст статьи не удалось получить",
        "data": "2023-05-29, 15:34",
        "rating": 33
    },
    {
        "title": "История о жрущем память API-сервере Kubernetes",
        "description": "Текст статьи не удалось получить",
        "data": "2023-05-03, 11:16",
        "rating": 27
    },
    {
        "title": "Требования к графическим интерфейсам: одна памятка ответит на все ваши вопросы",
        "description": "Текст статьи не удалось получить",
        "data": "2023-04-21, 17:24",
        "rating": 17
    },
    {
        "title": "Как мы применяли исследования при разработке сервиса «Европротокол онлайн»",
        "description": "Текст статьи не удалось получить",
        "data": "2023-03-31, 10:45",
        "rating": 16
    },
    {
        "title": "Федеральные рекомендации по интерфейсам: переманить цифровую бюрократию на свою сторону",
        "description": "Текст статьи не удалось получить",
        "data": "2023-03-23, 11:09",
        "rating": 18
    },
    {
        "title": "Мессенджеры на работе — это не прокрастинация, или как мы сделали сервис для автотестирования. Часть 2",
        "description": "Текст статьи не удалось получить",
        "data": "2023-02-13, 19:03",
        "rating": 10
    },
    {
        "title": "Мессенджеры на работе — это не прокрастинация, или как мы сделали сервис для автотестирования. Часть 1",
        "description": "Текст статьи не удалось получить",
        "data": "2022-12-29, 10:20",
        "rating": 5
    },
    {
        "title": "Госуслуги: пользователь решает всё и даже больше",
        "description": "Текст статьи не удалось получить",
        "data": "2022-12-16, 12:03",
        "rating": 4
    },
    {
        "title": "Внедрение Allure (отчётность) в UI-тесты (swift, XCTest)",
        "description": "Текст статьи не удалось получить",
        "data": "2022-09-05, 15:46",
        "rating": 4
    },
    {
        "title": "Госуслуги — это просто: снижаем когнитивную нагрузку на пользователя",
        "description": "Текст статьи не удалось получить",
        "data": "2022-08-17, 15:57",
        "rating": 19
    },
    {
        "title": "Что делать, если нужно срочно вывести государственную услугу на портал Госуслуги",
        "description": "Текст статьи не удалось получить",
        "data": "2022-07-25, 11:44",
        "rating": 5
    },
    {
        "title": "Из волков-одиночек в продуктовую стаю: как продакт-менеджер может мотивировать команду",
        "description": "Текст статьи не удалось получить",
        "data": "2022-04-05, 12:18",
        "rating": 4
    },
    {
        "title": "Набираем джунов в команду: быстро, эффективно и почти безболезненно",
        "description": "Текст статьи не удалось получить",
        "data": "2022-03-11, 14:10",
        "rating": 3
    },
    {
        "title": "Госуслуги против интерфейсного хаоса",
        "description": "Текст статьи не удалось получить",
        "data": "2022-02-22, 12:41",
        "rating": 3
    },
    {
        "title": "Тесты на прод. Наша история",
        "description": "Текст статьи не удалось получить",
        "data": "2022-01-21, 10:48",
        "rating": 2
    },
    {
        "title": "Подпись в кармане: как мы разрабатывали приложение для подписания документов через Госуслуги",
        "description": "Текст статьи не удалось получить",
        "data": "2021-12-28, 10:13",
        "rating": 13
    },
    {
        "title": "Привет, я робот Макс! Как устроен цифровой ассистент Госуслуг",
        "description": "Текст статьи не удалось получить",
        "data": "2021-11-03, 12:40",
        "rating": 17
    },
    {
        "title": "Госуслуги: пользователь решает все",
        "description": "Текст статьи не удалось получить",
        "data": "2021-10-07, 17:22",
        "rating": 16
    },
    {
        "title": "Зачем нужны стандарты для ГИСов: опыт Госуслуг",
        "description": "Текст статьи не удалось получить",
        "data": "2021-09-29, 11:50",
        "rating": 9
    },
    {
        "title": "Стенд для нагрузочного тестирования: от DEV до PROD",
        "description": "Текст статьи не удалось получить",
        "data": "2021-09-13, 13:38",
        "rating": 15
    },
    {
        "title": "Как устроена Единая биометрическая система",
        "description": "Текст статьи не удалось получить",
        "data": "2021-09-08, 18:49",
        "rating": 15
    },
    {
        "title": "Чтобы улучшить Госуслуги, нужна простая советская…",
        "description": "Текст статьи не удалось получить",
        "data": "2021-08-04, 13:20",
        "rating": 27
    },
    {
        "title": "Как подготовиться к собеседованию на позицию системного аналитика. ТОП-5 тем",
        "description": "Текст статьи не удалось получить",
        "data": "2021-07-28, 11:13",
        "rating": 6
    },
    {
        "title": "Запихнуть многоквартирный дом в маленький телефон",
        "description": "Текст статьи не удалось получить",
        "data": "2021-06-29, 14:48",
        "rating": 17
    },
    {
        "title": "Как мы делали универсальный сервис подписания для инфраструктуры Госуслуг на C и GO. Часть 2",
        "description": "Текст статьи не удалось получить",
        "data": "2021-03-22, 15:06",
        "rating": 5
    },
    {
        "title": "Как мы делали универсальный сервис подписания для инфраструктуры Госуслуг на C и GO. Часть 1",
        "description": "Текст статьи не удалось получить",
        "data": "2021-03-18, 12:08",
        "rating": 7
    }
]