[
    {
        "title": "Модульное тестирование в iOS: всё, что надо знать. Часть 2",
        "description": "Текст статьи не удалось получить",
        "data": "2023-07-14, 17:24",
        "rating": 1
    },
    {
        "title": "Фича Флаги и управление ими “по-взрослому”: кейс команды СберЗдоровье",
        "description": "Текст статьи не удалось получить",
        "data": "2023-06-23, 16:00",
        "rating": 4
    },
    {
        "title": "Многомодульное iOS-приложение: подходы к организации межмодульного взаимодействия",
        "description": "Текст статьи не удалось получить",
        "data": "2023-05-18, 11:13",
        "rating": 7
    },
    {
        "title": "Модульное тестирование в iOS: всё, что надо знать. Часть 1",
        "description": "Текст статьи не удалось получить",
        "data": "2023-04-28, 12:03",
        "rating": 6
    },
    {
        "title": "Принципы построения многомодульного Android-приложения и их применение в СберЗдоровье",
        "description": "Текст статьи не удалось получить",
        "data": "2023-03-30, 10:11",
        "rating": 16
    },
    {
        "title": "Как компании подготовиться к модуляризации iOS приложений",
        "description": "Текст статьи не удалось получить",
        "data": "2023-03-17, 17:25",
        "rating": 2
    },
    {
        "title": "Оптимизация при работе с MySQL — экономия на спичках или с миру по нитке?",
        "description": "Текст статьи не удалось получить",
        "data": "2023-03-13, 17:34",
        "rating": 6
    },
    {
        "title": "Как начать тестировать frontend: гайд для новичков",
        "description": "Текст статьи не удалось получить",
        "data": "2023-02-13, 12:18",
        "rating": 6
    },
    {
        "title": "Как нам живется в фиче-командах при тестировании супераппа",
        "description": "Текст статьи не удалось получить",
        "data": "2022-12-19, 17:16",
        "rating": -2
    },
    {
        "title": "Как организовать роботизированный сбор показаний пациентов",
        "description": "Текст статьи не удалось получить",
        "data": "2022-11-29, 11:49",
        "rating": 3
    },
    {
        "title": "Как дизайн влияет на метрики: показываем на примере личного кабинета врача",
        "description": "Текст статьи не удалось получить",
        "data": "2022-11-23, 11:42",
        "rating": 9
    },
    {
        "title": "Фича-команды — профит или балласт?",
        "description": "Текст статьи не удалось получить",
        "data": "2022-09-12, 12:59",
        "rating": 1
    },
    {
        "title": "Процессы тестирования в условиях большого роста команды",
        "description": "Текст статьи не удалось получить",
        "data": "2022-08-19, 14:44",
        "rating": 1
    },
    {
        "title": "Непрерывность мобильной разработки — как это реализовано у нас",
        "description": "Текст статьи не удалось получить",
        "data": "2022-08-01, 12:47",
        "rating": 5
    },
    {
        "title": "От LiveData к Flow…",
        "description": "Текст статьи не удалось получить",
        "data": "2022-06-20, 15:05",
        "rating": 6
    },
    {
        "title": "I'm back, или где мы были эти 9 лет",
        "description": "Привет, Хабр!\n\nНа связи СберЗдоровье, до 2020 вы могли слышать о нас под именем DocDoc .\n\nПоследний пост у нас в Хабре от 2013 года, а потом были 9 лет тишины.\n\nЧто же у нас произошло за это время, и почему мы вообще решили вернуться.\n\nРассказываем обо всём по порядку и начнём сначала.",
        "data": "2022-05-20, 15:31",
        "rating": 0
    },
    {
        "title": "Отзывы, или как мы налаживали обратную связь",
        "description": "Итак, у вас есть готовый сайт – как технически, так идеологически. Контент полностью продуман и готов к употреблению. Реализованы механизмы поиска, выстроена грамотная перелинковка страниц. Налажена работа колл-центра. Обеспечен приток постоянного трафика: SEO-оптимизация, контекстная реклама, PR (как все это сделано, можно узнать здесь). Ежедневное количество посетителей – более 5 000. Остался один вопрос: как перевести этот трафик в обращения – в данном случае в записи к врачам?",
        "data": "2013-04-23, 16:21",
        "rating": 3
    },
    {
        "title": "«Люди, вы где?» или как искать первых пользователей стартапа",
        "description": "Дано: свеженький, полностью функционирующий стартап. Задача: привлечь аудиторию и начать получать прибыль. Главный вопрос: что делать?\nКто-то закупает медийную рекламу, развешивая свои баннеры на всех более-менее подходящих под тематику просторах сети. Кто-то начинает активно пиарится в СМИ среднего и крупного пошиба еще на этапе разработки. Есть еще социальные сети, в которые ломятся за толпами, но далеко не всегда там находят реальных пользователей.\nНа примере моего стартапа DocDoc, я расскажу, как за 2 месяца после запуска бета-версии дойти до 1000 уникальных посещений в день, а еще через месяц — удвоить это число. Самыми простыми и очевидными способами.",
        "data": "2013-01-28, 19:00",
        "rating": 2
    },
    {
        "title": "Вперед, невзирая на препятствия",
        "description": "Чем успешный стартап отличается от запущенного, но не набравшего обороты? Зачастую — вовсе не гениальной маркетинговой идеей и классной реализацией. А тем, удалось ли ему преодолеть «долину смерти», справившись со всеми возникшими на его пути стопперами.\nВот это — большой, важной и, на самом деле, очень позитивной (ведь разрулили же!) теме посвящается второй пост о сервисе DocDoc.\nЕсли вы забыли или вообще не в курсе, напоминаю: сервис помогает бесплатно подобрать врача нужной специализации, работающего в одной из клиник-партнеров (по-хорошему, мы стремимся собрать всех-всех-всех специалистов, включая частные кабинеты).\nТак что траблы, с которыми нам пришлось справиться, — в большинстве случаев специфичны. Тем не менее, с ними интересно ознакомиться хотя бы ради того, чтобы узнать, как нам пришлось извернуться, чтобы от них избавиться.",
        "data": "2012-08-23, 13:51",
        "rating": 7
    },
    {
        "title": "Doc — это доктор, а не документ",
        "description": "Как родилась идея сервиса DocDoc.ru\n\nЕсли вы когда-нибудь пытались найти хорошего врача — то вы не понаслышке знаете, насколько это трудная задачка. До сих пор самым лучшим средством поиска врача остается «сарафанное радио»: мы обращаемся за рекомендациями к знакомым врачам или человеку, уже столкнувшемуся с аналогичной проблемой, но если таких знакомых нет? Остается искать в Интернете.\n\nНо и тут не все так просто, множество сайтов клиник, но никаких гарантий, что попадешь на прием к действительно хорошему врачу. И ладно если плохой дантист поставит пломбу, которая вывалится через два месяца — это еще полбеды. А как насчет риска нарваться на дерматолога-недоучку? Или недобросовестного хирурга?\n\nМой поиск врача в интернете обернулся тем, что найденный «специалист» мою двухсторонию пневмонию принял за бронхиальную астму. Две недели неправильного лечения привели к тяжелым осложнениям и срочной госпитализации. Не буду долго мусолить тему — думаю, многие со мной согласятся, что на интернет полагаться в суровом медицинском вопросе крайне рискованно",
        "data": "2012-04-28, 19:49",
        "rating": 18
    }
]