[
    {
        "title": "ТОП-5 советов новичку в IT",
        "description": "Текст статьи не удалось получить",
        "data": "2023-05-10, 12:21",
        "rating": -2
    },
    {
        "title": "Из журналистики в тестирование: мой опыт переключения",
        "description": "Текст статьи не удалось получить",
        "data": "2023-02-16, 17:55",
        "rating": 7
    }
]