[
    {
        "title": "Принцип мягкой силы в руководстве стартапом",
        "description": "Текст статьи не удалось получить",
        "data": "2023-07-20, 10:11",
        "rating": -3
    },
    {
        "title": "Fitil о психологии: как чувствовать себя уверенно в незнакомой компании",
        "description": "Текст статьи не удалось получить",
        "data": "2023-07-12, 21:51",
        "rating": -2
    },
    {
        "title": "Любовь и наука: это match",
        "description": "Текст статьи не удалось получить",
        "data": "2023-07-07, 10:53",
        "rating": 3
    },
    {
        "title": "Как бренду построить своё комьюнити? Рассказываем на примере сообщества Fitil",
        "description": "Текст статьи не удалось получить",
        "data": "2023-06-29, 15:21",
        "rating": 0
    },
    {
        "title": "Знакомьтесь с Fitil. История проекта для поиска дружбы и отношений в оффлайне",
        "description": "Текст статьи не удалось получить",
        "data": "2023-06-26, 10:20",
        "rating": 0
    }
]