[
    {
        "title": "JMeter как инструмент для автоматизации функционального тестирования",
        "description": "Текст статьи не удалось получить",
        "data": "2023-06-19, 09:56",
        "rating": 12
    },
    {
        "title": "Как человек посередине помогает крутить прокси для парсинга",
        "description": "Текст статьи не удалось получить",
        "data": "2023-05-04, 09:24",
        "rating": 5
    },
    {
        "title": "Режим ответственности и свободы: ты можешь взять столько, сколько вывезешь",
        "description": "Текст статьи не удалось получить",
        "data": "2023-04-19, 19:19",
        "rating": 0
    },
    {
        "title": "Консистентность в конкуретной среде: как не захлебнуться в потоках данных",
        "description": "Текст статьи не удалось получить",
        "data": "2023-03-30, 17:33",
        "rating": 19
    },
    {
        "title": "Зачем кодить, если можно не кодить? Часть 2: Google Sheets и Notion",
        "description": "Текст статьи не удалось получить",
        "data": "2023-02-22, 12:09",
        "rating": 2
    },
    {
        "title": "Консистентность данных в конкурентной среде. Опыт Точки. Часть 1",
        "description": "Текст статьи не удалось получить",
        "data": "2022-12-21, 09:37",
        "rating": 3
    },
    {
        "title": "Зачем кодить, если можно не кодить? Часть 1: Какие задачи решают Glide и Lucidchart",
        "description": "Текст статьи не удалось получить",
        "data": "2022-12-06, 15:58",
        "rating": 6
    },
    {
        "title": "Открытые данные. Как сматчить несматчиваемое или Нейросеть вам в помощь",
        "description": "Текст статьи не удалось получить",
        "data": "2022-11-18, 12:59",
        "rating": 8
    },
    {
        "title": "Как мы строили самую большую модель кредитного скоринга в сегменте МСБ",
        "description": "Рано или поздно у любого банка появляется желание выдавать кредиты: максимально быстро, эффективно и с контролируемыми рисками. Для этой задачи нужна развитая система риск-менеджмента и как важная часть системы — модель кредитного скоринга. В статье речь пойдет о том, как это всё устроено в Точке.",
        "data": "2022-11-02, 17:54",
        "rating": 3
    },
    {
        "title": "Человеческим языком про метрики 4: PromQL",
        "description": "Текст статьи не удалось получить",
        "data": "2022-10-17, 16:08",
        "rating": 12
    },
    {
        "title": "Человеческим языком про метрики 3: перцентили для чайников",
        "description": "Текст статьи не удалось получить",
        "data": "2022-09-30, 09:05",
        "rating": 19
    },
    {
        "title": "Как мы строим свою платформу для аналитиков",
        "description": "Текст статьи не удалось получить",
        "data": "2022-09-22, 14:45",
        "rating": 2
    },
    {
        "title": "Человеческим языком про метрики 2: Prometheus",
        "description": "Текст статьи не удалось получить",
        "data": "2022-09-05, 09:05",
        "rating": 16
    },
    {
        "title": "Человеческим языком про метрики 1: Потерянное введение",
        "description": "Текст статьи не удалось получить",
        "data": "2022-08-22, 11:04",
        "rating": 16
    },
    {
        "title": "Как мы построили систему онбординга для аналитиков-новичков: подводные камни и полезные приёмы",
        "description": "Текст статьи не удалось получить",
        "data": "2022-07-19, 16:03",
        "rating": 8
    },
    {
        "title": "Учим ASP.NET Core новым трюкам на примере Json Rpc 2.0",
        "description": "Хотите добиться нестандартного поведения от aspnet core? Мне вот понадобилось добавить прозрачную поддержку Json Rpc. Расскажу о том, как я искал решения для всех хотелок, чтобы вышло красиво и удобно. Может быть, вам пригодятся знания о разных точках расширения фреймворка. Или о тонкостях поддержки Json Rpc, даже на другом стеке/языке.\n\nВ результате получилась библиотека, которая позволяет работать с Json Rpc, вообще не задумываясь, что он спрятан под капотом. При этом пользователю не нужно уметь ничего нового, только привычный aspnet mvc.",
        "data": "2021-04-06, 02:50",
        "rating": 6
    }
]