[
    {
        "title": "Многоуровневое моделирование работы мозга",
        "description": "Текст статьи не удалось получить",
        "data": "2023-07-18, 16:05",
        "rating": 18
    },
    {
        "title": "Может ли биолог починить радио? 20 лет спустя",
        "description": "Текст статьи не удалось получить",
        "data": "2023-05-26, 12:22",
        "rating": 56
    }
]