[
    {
        "title": "Хабр Q&A 2019: итоги года",
        "description": "Подводим итоги на Хабр Q&A: за год вы успели задать более 100 000 вопросов и дать почти 200 000 ответов! В статье вспоминаем самые большие запуски и делимся статистикой.",
        "data": "2019-12-27, 12:01",
        "rating": 16
    },
    {
        "title": "Тостер, Мой круг и Фрилансим становятся частью Хабра",
        "description": "Сервисы Хабра прекращают работу под отдельными брендами и становятся самостоятельными проектами внутри бренда Хабра, образуя связанную линейку сервисов для IT-специалистов.\n ",
        "data": "2019-12-12, 14:37",
        "rating": 168
    },
    {
        "title": "Тостер даёт пользователям больше прав",
        "description": "Привет от команды Тостера! Сегодня мы запускаем новую фичу, которая позволит опытным пользователям Тостера брать на себя права кураторов тегов. Подробности под катом.",
        "data": "2019-04-22, 11:24",
        "rating": 38
    },
    {
        "title": "Статистика Тостера за 2018 год",
        "description": "Привет от команды «Тостера»! Прошёл 2018 год и настало время подводить итоги. Этот год был богат на нововведения, о которых мы подробно рассказывали в нашем блоге.\n\nЗа прошедший год пользователи «Тостера» задали почти 100 тысяч вопросов, дали 166 тысяч ответов и нашли более 45 тысяч решений. В цифрах это выглядит так:",
        "data": "2018-12-27, 17:15",
        "rating": 28
    },
    {
        "title": "Запускаем коллективный выбор решений",
        "description": "Привет от команды Тостера! Сегодня мы запускаем долгожданную фичу, которая позволит членам нашего сообщества коллективно выбирать решения среди ответов. Все подробности под катом.",
        "data": "2018-10-24, 11:20",
        "rating": 50
    },
    {
        "title": "Обновление на Тостере",
        "description": "Всем привет от команды Тостера!\n\nСегодня мы обновили некоторые механизмы на Тостере, а также добавили новые функции. За подробностями добро пожаловать под кат.",
        "data": "2018-08-08, 12:08",
        "rating": 47
    },
    {
        "title": "Вводим систему достижений на Тостере",
        "description": "Всем привет от команды Тостера!\n\nВ этом посте мы хотим познакомить вас с системой достижений, которую мы вводим на Тостере. В первую очередь, хочется отметить, что создана она для того, чтобы отметить те или иные заслуги пользователя перед ресурсом, будь то хорошие вопросы, ответы или, например, редактирование чужого контента.\n\n\n\nЗа всеми подробностями добро пожаловать под кат.",
        "data": "2018-04-23, 12:48",
        "rating": 62
    },
    {
        "title": "Статистика Тостера за 2017 год",
        "description": "Всем привет от команды Тостера!\n\nНачался 2018 год, и мы хотим поделиться с вами итогами прошлого года, который для Тостера оказался достаточно позитивным и продуктивным.\n\nВ 2017 году, пользователи Тостера задали более 100 тысяч вопросов и получили на них более 200 тысяч ответов. Решения были найдены для 51% вопросов, то есть каждый второй вопрос на Тостере находит решение. А вот как выглядит вся статистика за год в цифрах:\n\nЗа всеми остальными подробностями добро пожаловать под кат.",
        "data": "2018-01-19, 13:30",
        "rating": 53
    },
    {
        "title": "Вводим фильтр сложности вопросов на Тостере",
        "description": "Всем привет от команды Тостера! Рады представить вам новую возможность сервиса, которую, как показал наш недавний опрос, ждали многие.\n\nТеперь можно настраивать выдачу вопросов в соответствии с их сложностью. Такая настройка доступна в трёх лентах: «Моя лента», «Все вопросы», «Вопросы в теге».\n\nДальше расскажем подробней, зачем мы это сделали и как всё работает.",
        "data": "2017-11-14, 16:10",
        "rating": 37
    },
    {
        "title": "Результаты опроса «Каким бы вы хотели видеть Toster.ru?»",
        "description": "Всем привет от команды Тостера! Работая над улучшением нашего сервиса, мы постоянно изучаем данные веб-аналитики, собираем обратную связь от пользователей через службу поддержки или через вопросы, которые задают по тегу «Toster.ru». А когда нам нужно принять более сложное решение или поглубже разобраться в поведении и предпочтениях пользователей, мы проводим опросы. Сегодня как раз хотим поделиться с вами результатами одного из опросов, который провели совсем недавно.\n\nМы спросили пользователей о некоторых принципиальных нововведениях, которые планируем ввести на сервисе, а также попросили сравнить Toster.ru и Stackoverflow.com по ряду параметров. В опросе приняли участие более 2.5 тысяч человек, из которых две трети являются разработчиками (причём 39% имеют уровень квалификации Senior или Lead, 38% — Middle, и 23% — Junior или Intern).",
        "data": "2017-09-18, 18:13",
        "rating": 55
    },
    {
        "title": "Тостер. Коллективное редактирование вопросов",
        "description": "Чуть раньше мы уже анонсировали коллективное редактирование тегов на «Тостере». Сегодня мы идём дальше и вводим коллективное редактирование вопросов. Теперь каждый участник сообщества может вносить правки в вопросы любого другого участника. Править можно всё: суть вопроса, его детали, а также теги, к которым вопрос привязан.\n\n\n\nНовая возможность открывает перед нами следующие ошеломительные перспективы.",
        "data": "2015-02-12, 12:04",
        "rating": 29
    },
    {
        "title": "Тостер. Близкие теги, страница первой подписки на теги",
        "description": "Мы ввели на «Тостере» понятие «близких тегов». Для любого заданного тега мы научились определять те теги, которые ему «близки», а именно чаще других тегов встречаются в одних и тех же вопросах наряду с заданным. Это можно использовать для самых разных задач, пока же мы применили эту технологию вот для чего.\n\n20 близких тегов\n\nУ каждого тега появился подраздел, в котором выводится 20 близких тегов. Попасть в этот подраздел можно из контекстного блока «Близкие теги», который выводится в правой колонке на всех подразделах тега. Этот подраздел призван улучшить качество и точность подписки на темы, которые интересуют каждого конкретного участника нашего сообщества. Пользуясь вдобавок дополнительным инструментом «Усиленной подписки», можно отслеживать вопросы по самым узким и специальным темам, не боясь ничего пропустить.",
        "data": "2014-12-18, 14:59",
        "rating": 20
    },
    {
        "title": "Тостер. Усиленная подписка на теги: получайте мгновенные email-уведомления обо всех новых вопросах по любому тегу",
        "description": "Мы вводим ещё один способ доставки вопросов на «Тостере»: с помощью «Усиленной подписки» на теги. Если вы усиленно подпишетесь на тег, то будете получать на свой email все новые вопросы по этому тегу. Эту подписку в любой момент времени можно отменить прямо из очередного письма-уведомления.\n\nПодобная усиленная подписка очень пригодится для узко-специализированных тегов, по которым на «Тостере» мало вопросов, однако при этом, данная тема вас очень интересует, и вы не хотите пропускать ни одного редкого вопроса по ней.\n\nЧтобы усиленно подписаться на тег, нужно зайти на его страницу, подписаться на него, после чего справа от кнопки подписки появится дополнительная кнопка, нажав на которую можно поставить нужную галочку.",
        "data": "2014-12-08, 14:19",
        "rating": 14
    },
    {
        "title": "Тостер. Новый отзывчивый дизайн и планы на будущее",
        "description": "Мы рады представить новый отзывчивый (responsive) дизайн «Тостера»! Теперь задать вопрос или дать ответ можно с одинаковой лёгкостью с любого устройства, оказавшегося у вас в данный момент под рукой.\n\nЗатевая глобальный редизайн «Тостера», мы ставили перед собой три цели:\n\nДоступность. Чтобы можно было задавать вопросы и давать ответы в любое время дня и ночи, где бы вы ни находились.\nПонятность. Язык интерфейса без дополнительных инструкций должен очень быстро доносить смысл сервиса и то, как им правильно пользоваться.\nГибкость. При добавлении новых функций не должно возникать препятствий в интерфейсе для их быстрого и качественного внедрения.",
        "data": "2014-10-22, 12:25",
        "rating": 22
    },
    {
        "title": "Тостер. Вклад пользователя в теги: вводим систему репутации",
        "description": "На Тостере мы строим сообщество экспертов в самых разных областях IT индустрии. Со временем ни у кого не должно остаться сомнений, куда обращаться за компетентным ответом на возникший перед тобой вопрос, если поиски в интернете не увенчались успехом. Каждый будет знать, что на Тостере он всегда найдёт того специалиста, который лучше всех разбирается в данной области и который обязательно поможет.\n\nЧтобы выявлять экспертов в той или другой области, нужна система репутации. И сегодня мы рады показать наши первые шаги по созданию такой системы на Тостере. Мы вводим понятие «Вклад в тег». Чем больший вклад в данный конкретный тег ты внёс, тем большим экпертом в этой области мы тебя считаем.",
        "data": "2014-06-25, 15:50",
        "rating": 21
    },
    {
        "title": "Тостер. Еженедельный дайджест по вашим тегам",
        "description": "«Тостер» как сервис вопросов и ответов — это не только быстрое решение твоей насущной проблемы с помощью сообщества специалистов и знатоков. Это также возможность быть в курсе вопросов и решений, которые сейчас наиболее актуальны в твоей среде. А ещё это расширение твоего кругозора и приобретение дополнительного опыта по твоей теме.\n\nПоэтому мы решили, что будет очень полезно раз в неделю оповещать по email всех желающих о самом интересном, что произошло на «Тостере» вокруг интересующих их тем. Знакомьтесь — еженедельный дайджест «Тостера»!\n\n\n\nО чём хочется сказать в первую очередь. Каждый высылаемый почтой дайджест — индивидуален: в ваш личный дайджест попадает только то, что имеет отношение к тегам, на которые вы подписаны. Если за неделю в ваших тегах ничего нового не произошло, то и дайджеста вы не получите.",
        "data": "2014-06-10, 18:03",
        "rating": 3
    },
    {
        "title": "Тостер. Коллективное редактирование тегов",
        "description": "Наша глобальная цель — сделать сообщество Тостера по-максимуму самоуправлямым. Это означает, что большинство решений должно приниматься самим сообществом. Достичь всего сразу довольно непросто, поэтому мы движемся небольшими шагами. И сегодня мы представляем новую систему коллективного редактирования тегов.\n\nТеги на Тостере — это основа взаимодействия пользователей. С помощью тегов мы направляем наши вопросы тем людям, которые на эти теги подписаны, а следовательно, которые точно также как и мы заинтересованы в данных темах и могут дать нам ответ. Что же мы сделали.\n\nВо-первых, у тегов появились картинки. Как нам представляется, каждый тег — это своебразный тотем. Ведь правда, когда новый для нас человек говорит, например: «HTML5, CSS3, AJAX», нам сразу всё становится ясно? А у каждого тотема безусловно должен быть свой символ-картинка. С другой стороны, картинки значительно ускоряют и упрощают наше восприятие информации, что тоже, бесспорно, хорошо.",
        "data": "2014-06-04, 12:43",
        "rating": 37
    },
    {
        "title": "Тостер. Новая система уведомлений",
        "description": "Мы решили кардинально пересмотреть систему уведомлений (трекер) на Тостере. И сделали её более гибкой, расширяемой и подходящей потребностям сервиса вопросов и ответов.\n\nВ старом трекере все новые уведомления выводились в виде цифровых счётчиков, сгруппированных вокруг отслеживаемого вопроса. Теперь же каждое новое уведомление выводится отдельной записью, при этом мы сохранили группировку уведомлений вокруг вопросов.\n\nВ значок колокольчика выводится счётчик всех сообщений, как и раньше. Однако теперь при щелчке по колокольчику ты сразу попадаешь на единую страницу всех уведомлений, а счётчик на колокольчике обнуляется.",
        "data": "2014-05-22, 18:56",
        "rating": 19
    }
]