[
    {
        "title": "Хабр Фриланс 2019: итоги года",
        "description": "Подводим итоги и коротко рассказываем о том, что происходило на Хабр Фрилансе в 2019 году. Кого искали чаще всего и кого находили? На какой заказ больше всего откликались? Сколько откликов оставил самый активный фрилансер?",
        "data": "2019-12-27, 12:02",
        "rating": 21
    },
    {
        "title": "Гайд для фрилансеров: самые частые вопросы по работе ИП",
        "description": "В ноябре мы задумали собрать большой пост о том, как жить, если ты индивидуальный предприниматель (ИП). Мы попросили пользователей Хабра набросать нам вопросы из серии «хотели знать, но боялись спросить». Получился отличный список.\n\nОтветить на вопросы мы предложили нашим друзям из Тинькофф Бизнеса — они сами регистрируют ИП и знают все юридические тонкости. Главный бонус: в течение недели в комментариях будет дежурить mat-ulyana, которая ответит на любые дополнительные вопросы.",
        "data": "2019-12-17, 12:00",
        "rating": 52
    },
    {
        "title": "Тостер, Мой круг и Фрилансим становятся частью Хабра",
        "description": "Сервисы Хабра прекращают работу под отдельными брендами и становятся самостоятельными проектами внутри бренда Хабра, образуя связанную линейку сервисов для IT-специалистов.\n ",
        "data": "2019-12-12, 14:37",
        "rating": 168
    },
    {
        "title": "Как мы делали безопасную сделку на Фрилансим: даем выбор, режем фичи, сравниваем комиссии",
        "description": "Привет, Хабр!\n\nМеня зовут Анастасия, я продакт-менеджер Фрилансим. Пару дней назад мы рассказали о введении безопасной сделки. Это услуга для фрилансеров и заказчиков, благодаря которой они могут не беспокоиться о финансовых рисках во время работы. С безопасной сделкой сумма к оплате списывается с карты заказчика на специальный счет у нашего финансового партнера перед началом работы и переводится на карту исполнителю в случае ее успешного завершения.\n\nБезопасная сделка — не новый сервис на рынке. Сегодня я хочу поделиться с вами наработками из нашего внутреннего анализа существующих решений и рассказать, где, как и почему мы решили отойти от устоявшихся практик рынка.",
        "data": "2019-06-03, 14:24",
        "rating": 49
    },
    {
        "title": "Безопасная сделка и новые отзывы на Фрилансим",
        "description": "Несколько месяцев мы готовили для вас кое-что важное и долгожданное. С радостью делимся новостью — сегодня на Фрилансим заработала безопасная сделка. Теперь заказчик может быть уверен, что получит готовую работу, а исполнитель — что проект будет оплачен.\n\nВместе с безопасной сделкой добавили новую систему отзывов и немного изменили процесс оформления простой сделки.",
        "data": "2019-05-28, 17:05",
        "rating": 35
    },
    {
        "title": "Отдельные профили для фрилансеров и заказчиков",
        "description": "Мы разделили профили исполнителей и заказчиков на Фрилансим для того, чтобы с сайтом было проще работать. Перед нами стояла задача — сделать процесс поиска заказов или фрилансеров интуитивно понятнее, убрать ненужные или редко используемые ссылки, но оставить при этом переключение с роли на роль максимально простым для тех, кто и размещает заказы и откликается на них. Думаем, у нас получилось.",
        "data": "2019-03-04, 15:12",
        "rating": 21
    },
    {
        "title": "Как живут фрилансеры: дизайн книжных обложек, собственное производство рюкзаков и работа в путешествиях",
        "description": "Героиня нового выпуска интервью с Фрилансим — Наташа Байдужа, дизайнер и человек-пароход. За годы фриланса успела пожить в Москве, Одессе, Черногории, придумать свою марку рюкзаков (сшить и продать первую партию), написать детскую книгу, сделать бесчисленное множество иллюстраций и книжных обложек.\n\nО том, как справляться с нестабильностью фриланса, обязательно ли читать книгу для того, чтобы нарисовать для нее обложку, и что происходит с лошадью, когда загон открыт со всех сторон, — читайте в интервью.",
        "data": "2019-02-11, 17:33",
        "rating": 67
    },
    {
        "title": "Фрилансим 2018: итоги года",
        "description": "Подводим итоги и коротко рассказываем о том, что происходило на Фрилансим — о самых больших запусках, статистике, популярных заказах и другом.",
        "data": "2018-12-29, 14:09",
        "rating": 27
    },
    {
        "title": "Название статьи не удалось получить",
        "description": "Текст статьи не удалось получить",
        "data": "2018-12-13, 12:11",
        "rating": 40
    },
    {
        "title": "Как живут фрилансеры: не работать сo «всезнающими» клиентами и позволять себе прокрастинировать",
        "description": "Говорят, что фриланс выбирают для того, чтобы не нужно было ходить в офис. А Вячеслав рассказал нам, что офис для работы — лучше любого пляжа.\n\nВыпускаем второе интервью про ребят с Фрилансим — о том, как автоматизировать эскорт-услуги и кому делегировать рутину.",
        "data": "2018-12-05, 18:51",
        "rating": 15
    },
    {
        "title": "Как оформить заказ на бирже фриланса",
        "description": "Новички бывают не только среди фрилансеров, но и среди заказчиков. Мы написали инструкцию для наших заказчиков на «Фрилансим», чтобы помочь им грамотно составить описание заказа и быстро получить первые отклики на любой фриланс-площадке. В посте расскажем, из каких полей состоит страница размещения заказа и как их правильно заполнять. Добро пожаловать под кат.",
        "data": "2018-12-03, 15:42",
        "rating": 30
    },
    {
        "title": "Как живут фрилансеры: из разработчика в технического копирайтера",
        "description": "Привет, Хабр!\n\nНа десятом выпуске ребята закрыли формат «10 вопросов программисту». Мы в команде Фрилансим сначала расстроились, а потом решили подхватить идею с их разрешения. Открываем новый сезон, в котором будем выяснять, как и чем живут фрилансеры.",
        "data": "2018-11-20, 18:42",
        "rating": 31
    },
    {
        "title": "Запуск фриланс-клуба",
        "description": "Недавно в рамках творческого эксперимента мы на «Фрилансим» открыли Клуб — место для общения фрилансеров и заказчиков. Клуб состоит из двух разделов: новости сервиса и беседка. В новостях мы рассказываем о нововведениях, полезных фичах и планах. Материалы публикуются исключительно администрацией ресурса. Беседка предназначена для вопросов и предложений по работе сервиса, в ней можно рассказать про опыт работы с конкретным заказчиком или обсудить насущные вопросы с коллегами по цеху.\n ",
        "data": "2018-04-12, 13:46",
        "rating": 45
    },
    {
        "title": "Больше бесплатных откликов на Фрилансим — больше денег",
        "description": "В конце прошлого года мы на «Фрилансим» реализовали три больших изменения на сервисе: сделали размещение заказов бесплатными, ввели обязательную верификацию заказчиков и изменили тарификацию подписки для фрилансеров. Это привело к увеличению и повышению качества размещаемых заказов, а также к тому, что фрилансеры начали больше задумываться перед тем, как оставить отклик. С одной стороны, дорогая подписка помогает заказчику не закопаться в нерелевантных откликах. С другой, может отсечь действительно классных специалистов. Поэтому мы приняли компромиссное решение — ввести лимитированное количество бесплатных откликов в сутки.",
        "data": "2018-02-20, 15:31",
        "rating": 56
    },
    {
        "title": "Вводим обязательную верификацию заказчиков",
        "description": "Два месяца назад мы ввели бесплатную публикацию заказов для зарегистрированных пользователей. Как и ожидалось, вместе с увеличением объёма размещений возросло и число нежелательных заказов: фейковые предложения по тестированию без опыта, вакансии, резюме и задачи с описанием в тегах вместо соответствующего поля. В качестве промежуточного этапа по решению этой проблемы, мы ввели верификацию по номеру телефона. Теперь она обязательна для заказчиков и опциональна для всех остальных пользователей.",
        "data": "2017-12-25, 17:11",
        "rating": 38
    },
    {
        "title": "Введение бесплатного размещения заказов и расширенная подписка для фрилансеров",
        "description": "Мы изменили систему оплаты. Теперь заказчикам не нужно приобретать подписку, вы можете размещать заказы бесплатно. Для фрилансеров мы расширили варианты оплаты. Вы можете приобрести отдельный отклик или подписку на сутки, неделю или месяц. Так что больше не придется выбирать между желанием написать отклик к единственному заказу и 500 рублями.",
        "data": "2017-11-01, 18:43",
        "rating": 41
    },
    {
        "title": "Новая возможность найти фрилансера по его проектам из портфолио на «Фрилансиме»",
        "description": "Мы на «Фрилансиме» продолжаем работу с портфолио фрилансеров. Представляем новый раздел «Проекты», с помощью которого можно искать нужных фрилансеров по их проектам, которые они разместили в своих портфолио.\n\nНовая возможность, в отличие от других — поиска по фрилансерам или их услугам — предлагает более визуализированный поиск, когда вы видите перед собой только картинки, представляющие проекты разных авторов.",
        "data": "2016-11-30, 15:53",
        "rating": 18
    },
    {
        "title": "Вводим полноценную систему отзывов друг о друге на «Фрилансим»",
        "description": "Рады сообщить, что мы ввели на «Фрилансим» полноценную систему отзывов друг о друге.\n\nТеперь каждый пользователь может оставить о другом свой отзыв, если они сотрудничали друг с другом хотя бы в одном заказе. Сотрудничество возникает только в том случае, если у заказа был выбран исполнитель. Отзыв может написать как заказчик об исполнителе, так и исполнитель о заказчике. Отзывы могут быть положительными и негативными.",
        "data": "2016-10-17, 15:14",
        "rating": 29
    },
    {
        "title": "Переносим портфолио с Brainstorage на Freelansim",
        "description": "Приветствуем всех, кто ищет работу или заказы с помощью наших специализированных хабра-сервисов!\n\nПосле закрытия Brainstorage и слияния его c «Моим кругом» оставался нерешённым вопрос с портфолио на BS. Мы временно сохранили к нему доступ и оставили возможность с ним работать. А также обещали со временем решить вопрос, как мы с ним поступим. И вот этот час настал!\n\nИтак, сообщаем, что 15 сентября мы полностью закрываем сервис Brainstorage, и доступ к порфолио будет закрыт. Просим всех, кто когда-либо пользовался этим сервисом, либо сохранить к себе важные для вас работы, либо импортировать их на другой наш сервис Freelansim, где теперь и будут размещаться все портфолио.\n\nО том, как правильно всё перенести, мы и расскажем в этой публикации.",
        "data": "2016-08-31, 18:10",
        "rating": 15
    },
    {
        "title": "Фрилансим: перезагрузка",
        "description": "Спешим поделиться радостной новостью: мы вновь вернулись к регулярной работе по обновлению «Фрилансим». За последние месяцы у нас скопилось множество технических и моральных долгов перед нашими пользователями, постараемся рассчитаться с ними как можно скорее и перевести сервис на новый технологический уклад. А пока мы пересобрали «Фрилансим» по новой схеме, поработали немного над репутациями пользователей и исправили логику работы с заказами и исполнителями. Далее обо всём по порядку в деталях.",
        "data": "2016-07-18, 18:00",
        "rating": 17
    },
    {
        "title": "Летнее обновление на «Фрилансим»",
        "description": "Всем привет! Как вы знаете, в январе «Фрилансим» перешёл на платную подписку. Анонсируя изменения, мы пообещали расширять возможности для пользователей. Сказано – сделано: первым «расширением» стал новый сервис – «Услуги».",
        "data": "2014-07-24, 15:49",
        "rating": 31
    },
    {
        "title": "Летнее обновление на «Фрилансим»",
        "description": "Всем привет! Как вы знаете, в январе «Фрилансим» перешёл на платную подписку. Анонсируя изменения, мы пообещали расширять возможности для пользователей. Сказано – сделано: первым «расширением» стал новый сервис – «Услуги».",
        "data": "2014-07-24, 15:31",
        "rating": 14
    },
    {
        "title": "Бета-тестирование «Фрилансим 2.0»",
        "description": "Привет, заказчики и исполнители! C момента запуска «Фрилансим» прошло чуть больше года. Не выходя из статуса beta, cегодня мы объявляем о переходе проекта в версию 2.0.\n\n\n\nЧто нового в «Фрилансим» 2.0?",
        "data": "2014-01-29, 16:33",
        "rating": 56
    }
]