[
    {
        "title": "TestOps: инструмент сбора метрик и визуализации в Grafana",
        "description": "Нам с командой надо было сделать инструмент сбора и визуализации метрик. Мы его создали и хотим поделиться своими наработками, возможно, они будут полезны и для ваших проектов. Собственно, о них — ниже.\n\n\n\nУ нас каждый день запускается больше 1 500 автотестов. Их-то нам и надо мониторить и анализировать в удобном и понятном виде. Есть ReportPortal, помогающий узнать причину падения и завести задачу в Jira (или в другой системе с API), но, к сожалению, он довольно тяжёлый, встроенные инструменты для анализа скудные, а историчность хранится всего несколько недель. Но у него есть отличный API, которым мы и будем пользоваться.\n\nКак итог возникла необходимость в создании инструмента для мониторинга, анализа и оптимизации автотестов, который можно легко адаптировать под потребности бизнеса при минимальных затратах.",
        "data": "2023-07-18, 10:01",
        "rating": 7
    },
    {
        "title": "Как так получилось, что техподдержка занялась самопиаром внутри компании",
        "description": "Оказалось, что когда пользователи вас любят, они творят меньше дичи.\n\nТочнее, даже не так. Сначала они начинают рассказывать вам, что их парит. И это помогает заранее убирать целые, как образно выражаются некоторые специалисты со стажем, «clusterfuck-проблемы».\n\nМы сервисдеск банка, и у нас типовые задачи: где-то ночью в Петропавловске-Камчатском зажевало бумагу в принтере, где-то бухгалтерия сделала «ой, оно само», где-то надо присвоить или забрать права в систему и так далее.\n\nНачалось с того, что мы как-то сели и решили делать генеральную уборку и автоматизировать то, что легко автоматизируется. Тогда это казалось задачей на пару недель (ну ладно, на месяц). Плюс была гипотеза, что если начать разговаривать с пользователями как-то более системно, то они расскажут что-то интересное. Одним из шагов стало то, что мы развернули прямо пиар-работу. Выяснилось, что если рассказывать внутри компании о работе поддержки, то её начинают больше любить и понимать. И есть прямая связь между силами, потраченными на хорошие отношения с публикой, и количеством и качеством тикетов.\n\nМожете называть это проактивным подходом.\n\nКороче, рекомендую.",
        "data": "2023-03-02, 10:01",
        "rating": 33
    },
    {
        "title": "Перестаньте писать автотесты силами автоматизаторов",
        "description": "Соробан, инструмент для проверки калькулятора на счётах (на самом деле — два интерфейса, для коротких расчётов тактильный был удобнее)\n\nУ нас была классическая история: разработчики разрабатывают, автоматизаторы пишут тесты. Банковское приложение, backend, web, ios и android платформы, очень много схожих тест-кейсов. В какой-то момент сама скорость появления новых фич сильно превысила даже теоретическую возможность покрывать их автотестами. Можно было линейно масштабировать отдел (по моим расчётам, нужно было ещё 12 человек), а можно было попробовать понять, как всё это поменять.\n\nЯ знал, что автоматизаторы пишут четыре разных теста для одного и того же кейса для четырёх разных платформ, и поначалу полагал, что можно слегка уменьшить разрыв, соединив часть историй в какой-то единый проект. Но когда мы начали разбираться в деталях, что же там происходило, выяснилось, что КПД можно повысить очень и очень сильно.\n\nДело вот в чём: ручное тестирование — это один из способов входа в ИТ. Дальше в процессе развития навыков программирования добавляется возможность стать джуном автоматизации. Большинство этих джунов учат на курсах три фреймворка по диагонали и дальше считают себя профессионалами. Однако действительно хороший автоматизатор не ценится в достаточной мере, поэтому senior-автоматизатор — это мифическое существо, схожее с единорогом. Эти сказочные существа растворяются, уходя в разработчики ПО. Закономерный итог: слабая архитектура фреймворка (точнее, её отсутствие), почти нет переиспользования кода, каждый отдельный автотест пишется чуть ли не с нуля.\n\nПоэтому в итоге мы отдали весь процесс автоматизации горстке единорогов. Отдельной команде.\n\nРешение достаточно спорное и с экономической, и с логической точки зрения, но сейчас расскажу, что получилось.",
        "data": "2023-02-07, 14:01",
        "rating": 16
    },
    {
        "title": "Правила спасения смысла в быстро меняющихся приоритетах",
        "description": "Текст статьи не удалось получить",
        "data": "2022-12-22, 11:38",
        "rating": 4
    },
    {
        "title": "На что похож ИТ-ландшафт обычного банка в России",
        "description": "Речь про обычный розничный банк, как вы понимаете\n\nИТ-ландшафт чаще всего повторяет оргструктуру и отражает исторические процессы. Например, мы запускали банк в 2002 году, когда вообще все банки в России, пожалуй, кроме Сбера, были ориентированы на юрлиц. Возможно, сейчас это будет уже немного тяжело вспоминать, но банковского пластика почти не было, было много кеша. Соответственно, архитектура банка тех лет была заточена под юрлиц, то есть большие разовые транзакции, которые можно обрабатывать чуть ли не руками.\n\nЯдро любого банка — АБС. Это движок, который, например, ведёт главную книгу счетов банка, выполняет бухгалтерские операции и формирует бухгалтерскую отчётность. У нас эта АБС от компании Кворум. Учитывая давний год рождения, первичная задача АБС тогда была вести учёт и формировать отчётность, которую жёстко требовал ЦБ, и делать, собственно, расчёты. Без этих двух вещей банк работать не может. Чуть позже мы стали заниматься картами, а у Кворума тогда не было карточного модуля, поэтому мы завели ещё и вторую АБС TranzWare. Обычно в банковском ландшафте это выглядит так: либо поверх старого «движка» вешается более новый карточный модуль, либо же сразу «из коробки» используется АБС с картами.\n\nВ нашем случае мы интегрировали две АБС, поделив их по продуктам. Сама необходимость отдельной АБС для карт обуславливалась тем, что тогдашняя архитектура не была готова к большому количеству транзакций, по которым нужно было отвечать чуть ли не в реальном времени. Из железа у нас в этот период были x64-машины IBM, причём чуть позже с ростом нагрузки появилась одна, вообще индивидуально собранная под нас.\n\nИнтегрировались они тогда напрямую без всяких промежуточных шин и брокеров. Ну, знаете, вот это «мои файлы — твои файлы, мой дом — твой дом».\n\nС тех пор кое-что поменялось, конечно.",
        "data": "2022-11-01, 14:02",
        "rating": 25
    },
    {
        "title": "Когда не забили на джунов",
        "description": "Непонятно, ждём ли мы кадрового кризиса в конце осени.\n\nКто-то говорит, что все mid+ и senior улетели в тёплые края. Кто-то говорит, что их даже стало больше, потому что ушли западные вендоры. А кто-то учит технологии этих вендоров, чтобы быстрее уехать. По ряду прогнозов нас ждёт проблема с квалифицированными кадрами.\n\nПодходов тут два: конкурировать за оставшихся или готовить новых.\n\nКак в России готовят джунов, вы наверняка знаете по курсам на открытых площадках. Я просто процитирую Карлина из книги «Будущее уже не то, что прежде»:\n\n«Стань врачом, звони сейчас!\nСтать врачом за двадцать дней? Это реально. Благодаря нашей ускоренной программе обучения вы можете стать врачом всего за три недели, притом учиться придётся только двадцать минут в день. Также вы можете за один день выучиться на дантиста. Не нравится нынешняя работа? Не востребована специальность? Станьте врачом. Или дантистом. Это просто. Звоните сейчас и получите дополнительно курс медсестры для супруги. Фактически мы можем выучить её по телефону».\n\nМы работаем в обе стороны, но, как мне кажется, у нас теперь очень хорошо выстроен процесс работы с джунами. Понятно, что сейчас только ленивый не переучивает курьеров в тестировщиков, но у нас всё же чуть иначе.",
        "data": "2022-10-11, 10:01",
        "rating": 75
    },
    {
        "title": "А слабо сделать нормального чат-бота для банка? — challenge accepted",
        "description": "Сначала оказалось, что простые эвристики не работают. Ну вот совсем. То есть тупой чат-бот, который умеет распознавать с десяток жёстких тематик или показывать клавиатуру вроде «Нажмите 1, чтобы узнать свой баланс», несильно экономит время контакт-центру. Люди как не читали инструкции, так и не читают, а при виде такого сразу стремятся выйти на живого оператора.\n\nТо есть бот должен быть реально полезным. Таким, чтобы пользователь чувствовал, что диалог с ним — это не конкурс «обойти железного идиота», а что-то всё же даёт.\n\nЗдесь ждут следующие грабли: предположим, вы собрали всю базу диалогов контакт-центра с 2002 года. Разметили её и даже обучили на ней бота. Дальше произойдёт следующее:\n\nЛибо актуальность этого обучения будет падать, и так же будет падать процент автоматизации. С каждым месяцем меняются тематики и запросы.\nЛибо же вы можете переобучить модели слишком подробными выборками, которые имеют пересечения по категориям.\n\nРечь идёт про то, что если обучать базу на всех диалогах без исключения так, как это подразумевает философия полной автоматизации, то очень быстро база начнёт забиваться откровенным мусором, снижающим точность классификации. Про это вендоры вам не скажут, но нужно либо постоянно что-то подкручивать, либо чистить выборку для обучения, либо обучать не на всех диалогах, которые закончились каким-то удовлетворительным ответом. Иначе очень быстро у вас перепутаются ответы для кредитных и дебетовых карт, например, потому, что клиенты либо путают их в своих стартовых запросах тоже, либо вообще не видят между ними разницы.\n\nНиже я хочу рассказать про те не совсем очевидные вещи в поддержке чат-бота, которые могут очень сильно уронить качество его работы. Ну или не дать до этого качества дорасти вообще, если архитектура не совсем правильная.",
        "data": "2022-07-19, 14:01",
        "rating": 34
    },
    {
        "title": "10 ситуаций выбора, которые стоят перед тимлидом",
        "description": "Первая ситуация, думаю, знакома многим: есть несколько задач, реализация которых зависит от результатов работы других команд разработки (вам вместе нужно их делать). Как лучше спланировать недельный спринт? Там было два варианта: поставить все кросс-командные задачи как можно плотнее и раньше, а также сделать микс из кросс-командных и внутрикомандных задач.\n\nСитуация встречается очень часто в архитектуре нескольких команд разработки с пересекающейся зоной ответственности: чаще всего это какая-то инфраструктурная команда и продуктовая либо две продуктовые и инфраструктурная, которые вместе делают интеграцию по API. Так вот, весь смысл гибких методологий разработки заключается в том, что плана, по сути, нет. Есть процесс разведки и исследования проблемы и проекта. То есть нельзя твёрдо полагаться на то, что другая команда сделает что-то в срок, а вы придёте и сделаете на этой основе свою часть работы. Это не строительство, когда одна бригада пришла класть кирпич поверх уже готового фундамента.\n\nИменно поэтому нельзя занимать весь спринт кросс-командными задачами: статистически в них многое пойдёт не так, и в итоге возникнут ожидания и простои. Лучше иметь внутрикомандные (а в идеале так вообще внутрикомандные и индивидуальные) задачи, которые можно делать, пока другая команда что-то пилит.\n\nНо и это не всё. Гораздо более широкая ситуация — выбор senior-тимлида — даже не в этом, а в причинах задержек. Конкретно — что именно привело к тому, что нужно полностью полагаться на другую команду, и можно ли этим как-то управлять.",
        "data": "2022-05-31, 10:01",
        "rating": 17
    },
    {
        "title": "Как мы слушаем и разбираем каждый звонок в банк",
        "description": "Сначала DSS LAB делает голос-текст, потом LSTM-классификаторы, сущности Spacy + Yargy (Natasha), лемматизация Pymorphy2, правки Fasttext и Word2Vec, 3 разных суммаризатора и наши решения. Мы можем анализировать ваш голос не только для того, чтобы понимать, о чём ведётся диалог, но и для того, чтобы искать места улучшений банковских продуктов после диалога.\n\nНапример, по распознаванию некоторых ключевых слов в речи вроде «аккредитив» или «эскроу» оператору показывается справка, по названиям депозитов — их точные тарифы и так далее. Нажимать при этом ничего не надо. Возможность сейчас обкатывается в бете.\n\nПример:\n\nНа входе: «…почему мне откапывает банкомат с переводом в другой банк».\nКоррекция: «почему мне отказывает банкомат с переводом в другой банк».\nВыделенное ключевое сообщение: «отказывает банкомат».\nДействие: оператору предлагается маршрутизация звонка, звонок классифицируется для статистики.\n\nСамо распознавание устроено следующим образом:\n\nГолос раскладывается на фонемы. Фонемы собираются в слова тем же решением.\nИз собираемых данных удаляются различные клиентские данные: номера карт, кодовые слова и так далее.\nЗатем полученный поток слов снабжается пунктуацией (точками и запятыми) и заглавными буквами: это нужно для нейросетей, очень чувствительных к такому. Исправляются опечатки, корректируются термины (география).\nИ на выходе получаются текстовые диалоги, как в чате: их анализирует уже нейросеть, пытающаяся привязать смысл в реальном времени.\nПосле окончания звонка тексты также анализируются нейросетями, отвечающими за сбор разных метрик по голосовой и чат-поддержке.\n\nДавайте покажу реальные (обезличенные) примеры диалогов, чтобы было понятнее.",
        "data": "2022-04-21, 14:01",
        "rating": 20
    },
    {
        "title": "Как я сделал CS:GO для сотрудников стратегическим проектом Home Credit Bank",
        "description": "Комментаторская для турниров\n\nНачалось с того, что у нас было некоторое количество старых компов операторов, которые можно было списать либо на которых можно было запустить Counter-Strike 1.6. И это показалось мне идеальным способом чуть больше подружить ИТ-площадки в Обнинске и Москве, потому что надо было постоянно общаться, а друг друга люди толком не знали.\n\nПродолжилось это согласованием с ИБ банка специальной игровой сети, которая, с одной стороны, была изолирована от сети банка, а с другой — соответствовала требованиям наших стандартов.\n\nЕщё через два года я защищал проект перед управляющим комитетом банка (туда входят председатель правления и другие топ-менеджеры), объясняя, что киберспорт — это ровно то, что нужно, чтобы «выращивать» руководителей команд. Рабочих команд, я имею в виду.\n\nТеперь я могу рассказать, как правильно сносить лицо ИТ-директору после работы. И вообще про историю наших турниров, которые внезапно стали очень полезным инструментом для HR, обучения и карьеры.\n\nТак что, если кто-то не верит, что киберспорт очень важен для больших международных компаний, у меня есть что возразить уже с практическими результатами.",
        "data": "2022-04-12, 15:01",
        "rating": 41
    },
    {
        "title": "От монолита к распределенной системе",
        "description": "Постоянный рост конкуренции среди Банков заставляет подстраиваться под разные категории Клиентов. Так, одним проще зайти на сайт и оформить заявку на банковский продукт онлайн, другие же привыкли выбирать новые продукты и услуги непосредственно при живом общении с банковским представителем. В сентябре 2019г. в Хоум Кредит Банке решили запустить новый процесс для Клиента, основная цель которого была в сохранении контакта «Клиент – Оператор Банка» и отказе от физической привязки оператора к офису или стойке Банка в торговом центре.\n\nДата запуска пилотного проекта была назначена на начало декабря 2019 года. Для его реализации в кратчайшие сроки нужно было разработать систему с функционалом оформления именной и неименной дебетовой карты для новых и существующих Клиентов Банка.\n\nНа пути к новой платформе\n\nСтали смотреть в сторону планшетного решения. Реализация нового процесса на планшете на базе архитектуры текущей фронт-офисной системы Банка для работы Операторов с Клиентом выглядела нерациональной по причине устаревшего технологического стека, т.к. текущий фронт-офис представляет собой монолитное web- приложение, написанное 8 лет назад на Silverlight. Попытки работы с текущим фронтом на планшете были не успешными из-за перегруженной ui-части приложения и отсутствия адаптивной вёрстки. Кроме того, отсутствие поддержки Silverlight со стороны Microsoft тонко намекало на то, что жизненный цикл нашего текущего приложения подходит к концу и что наступил момент радикальной переработки и переход на новые технологии. Пришли к решению реализации микросервисной архитектуры. Почему было необходимо отказаться от монолита? Во-первых, из-за масштабируемости решения, улучшения общей отказоустойчивости и независимого обновления компонентов. Во-вторых, в Банке тенденция распределения функционала между продуктовыми командами и микросервисный подход дает в этом случае большую гибкость и независимость команд.",
        "data": "2020-04-01, 16:44",
        "rating": 8
    },
    {
        "title": "Анимируем RecyclerView легко без перехода на ViewPager2",
        "description": "Когда мы работаем с коллекциями и их отображением, перед многими из нас часто\nвстает выбор между ViewPager (теперь ещё и ViewPager2) и RecyclerView. Эти\nкомпоненты похожи друг на друга по области применения, но серьезно отличаются\nинтерфейсом и реализацией. Начиная с support library 24.2.0 границы между\nданными компонентами стали ещё более размытыми, т.к. появился вспомогательный\nкласс SnapHelper для автоматического доведения сhildView до\nопределенного положения на экране, и без устаревшего ViewPager стало проще\nобходиться. С недавним релизом ViewPager2, казалось бы, о старом ViewPager и о\nпрактиках его имитации вообще можно забыть (ViewPager2 — это по сути\nRecyclerView с дополнительными вспомогательными классами, он позволяет\nпрактически идентично повторить поведение ViewPager и сохраняет совместимость со\nстарым api).\n\nТак ли это на самом деле? Лично для меня всё оказалось не так просто. Во-первых,\nв классическом RecyclerView отсутствует интерфейс PageTransformer для\nанимирования сhildView в зависимости от позиции (далее по тексту используется\nпонятие «позиционная анимация»). Во-вторых, неприятными сюрпризами долгожданного\nViewPager2 оказались модификатор класса final, который ставит крест на\nпереопределении метода onInterceptTouchEvent (компонент мало пригоден для\nвложения горизонтальных списков в вертикальные), и приватность поля\nrecyclerView.\n\nИтак, столкнувшись в очередной раз с трудностями позиционной анимации при\nотображении коллекций с помощью RecyclerView и поковырявшись в ViewPager2 и\nMotionLayout, я подумал, что позаимствовать принцип работы\nViewPager.PageTransformer для классической реализации RecyclerView а-ля\nViewPager2 не самая плохая идея.",
        "data": "2020-02-26, 01:03",
        "rating": 16
    },
    {
        "title": "Выбор архиватора для бэкапа логов",
        "description": "Всем привет!\n\nВ этой статье я хочу рассказать о том, как выбирал архиватор для сжатия логов нашей фронт-офисной системы.\n\nПодразделение, в котором я работаю, занимается разработкой и сопровождением единой фронт офисной системы Банка. Я отвечаю за ее сопровождение, мониторинг и DevOps.\n\nНаша Система — это высоконагруженное приложение, ежедневно обслуживающее более 5 000 уникальных пользователей. На сегодняшний день — это «монолит» со всеми своими достоинствами и недостатками. Но сейчас активно идет процесс выноса функционала в микросервисы.\n\nЕжедневно наша система генерирует более 130 ГБ «сырых» логов и, несмотря на то, что мы используем ENG стек (Elasticsearch Nxlog Graylog), файловые логи содержат гораздо больше информации (например, stack trace ошибок), поэтому требуют архивирования и хранения.\n\nТак как место хранения ограничено, встаёт вопрос: «А какой архиватор лучше всего справится с этой задачей».\n\nДля решения этого вопроса я написал скрипт на языке PowerShell, который произвел анализ за меня.",
        "data": "2020-01-17, 18:59",
        "rating": 3
    },
    {
        "title": "Отправка событий из ViewModel в Activity/Fragment в MVVM",
        "description": "Сегодня речь пойдет о том, как обмениваться события между Activities/Fragments и ViewModel в MVVM. Для получения данных из ViewModel, рекомендуется в Activity/Fragment подписываться на данные LiveData, находящиеся во ViewModel. Но что делать для отправки единичных (и не только) событий, таких как показать уведомление или, например, открыть другой фрагмент?",
        "data": "2019-12-27, 13:13",
        "rating": 1
    },
    {
        "title": "Машинное обучение как умный ассистент мониторинга",
        "description": "Привет Хабр!\n\nХоум Кредит — это крупная и очень динамичная система, за которой подчас трудно уследить. Чтобы помочь сотрудникам быть в курсе всех новостей и изменений и везде успевать, мы активно внедряем алгоритмы машинного обучения. В нашем Банке чат-боты уже берут на себя часть работы операторов, клиентские отзывы анализируют не только эксперты, но и умные алгоритмы обработки естественного языка.\n\nСегодня я расскажу, как мы помогли специалистам эксплуатации банковских сервисов избавиться от необходимости непрерывно смотреть в дашборды мониторинговых систем, а именно, призвали на помощь машинное обучение. Вот что у нас получилось.",
        "data": "2019-12-11, 13:30",
        "rating": 6
    },
    {
        "title": "Киберспорт –играем, вовлекаем",
        "description": "Я занимаюсь организацией и поддержкой работы удаленных центров ИТ. В девяти городах, за которые я отвечаю, на стороне подрядчиков работает более 300 человек. Мы считаем их своими сотрудниками, пусть официально они и не в штате нашего Банка. Моя ключевая задача – сделать так, чтобы они работали максимально эффективно.\n\nНа самом деле, я уже много лет работаю с командами ИТ и, мне кажется, знаю, что им нужно, чтобы чувствовать себя счастливыми не только после окончания рабочего дня.\nКогда я был аналитиком в Обнинске, одной из моих задач была мотивация сотрудников ИТ, среди прочего я отвечал за организацию командообразующих мероприятий.\n\nЯ давно увлекаюсь компьютерными играми, и всегда верил в их потенциал как инструмента повышения вовлеченности сотрудников ИТ, нематериальной мотивации, а в результате — повышения лояльности. Сначала я думал именно об ИТ – ведь у нас общая ИТ-платформа, и где бы ты ни работал, ты всё равно остаёшься айтишником. А компьютерные игры – сетевая история, которая может познакомить и объединить людей из разных регионов.\n\nОпробовать формат киберспортивного тимбилдинга мы решили с небольшой группой коллег – просто оставались после работы и играли в любимые игры. В 2016 году провели первый турнир для сотрудников обнинского и московского ИТ. Играли в Counter strike 1.6 и Quake3, участвовали всего 30 человек.",
        "data": "2019-11-08, 15:55",
        "rating": 6
    },
    {
        "title": "Почему Agile заходит в тупик без трансформации архитектуры и средств разработки — выступление на конференции",
        "description": "О чем частенько молчат консультанты по Agile? Во что упираются большие организации, когда решают внедрить Agile-подход? Почему вместо розовых единорожек мы получаем здоровенных бегемотов? Мое выступление на конференции Enterprise Agile Russia — 2019",
        "data": "2019-10-24, 12:34",
        "rating": 4
    },
    {
        "title": "Сериализация и десериализация данных .NET Core vs Go",
        "description": "Привет, %username%\n\nПередо мной была поставлена задача сравнить производительность при сериализации для .NET Core и Golang. Поискав в интернете, наткнулся на репозиторий. Рассматривается простой пример REST микросервиса. Это именно то, что нужно, подумал я. Посмотрев результаты тестирования, я был удивлен. Посмотрев исходный код, я понял, что не так. Вот что мне не понравилось:\n\nДля сериализации и десериализации выбран массив из 3-х элементов. Этого явно недостаточно.\nДля Golang не используются все возможности языка, а, как известно, встроенная библиотека encoding/json работает медленно.\nВ итоге автор сравнивает производительность веб-серверов kestrel и net/http.\n\nИменно эти недочеты стали причиной более подробного рассмотрения производительности в рамках примера, описанного выше. Надеюсь, вам будет интересно узнать результаты.",
        "data": "2019-09-29, 21:58",
        "rating": 3
    },
    {
        "title": "Между первой и второй линиями технической поддержки",
        "description": "Как часто вы встречали прикладных админов которые любят заниматься решением инцидентов?\n\nТем более, что значительный поток инцидентов на вторую линию поддержки, это так называемые бизнес-инциденты, то есть инциденты, либо связанные с нарушением логики работы бизнес-процесса в сервисе, либо с некорректными действиями со стороны пользователя.\n\nМы смогли максимально снять со второй линии этот функционал, передав его в отдельную команду, собранную из сотрудников первой линии технической поддержки.\n\nО том, как мы это делали и с какими трудностями столкнулись, мы расскажем вам в этой статье.",
        "data": "2019-08-31, 17:51",
        "rating": 6
    },
    {
        "title": "Service Desk в Хоум Кредит. А что внутри?…",
        "description": "В каждой компании, где присутствует подразделение ИТ, есть ServiceDesk, но у всех он разный. Где-то это простой helpdesk для приема обращений, где-то anykey, у нас в Хоум Кредите первая линия поддержки — ступень к многоуровневому процессу эксплуатации, а для многих сотрудников — первая ступень в большой ИТ.\n\nНесмотря на то, что первая линия технической поддержки типовое подразделение, которое есть в любой организации с более или менее зрелыми ИТ-процессами, ее устройство, функционал, инструменты, внутренние процессы довольно часто отличаются.\n\nВ этой статья я постараюсь рассказать про устройство первой линии технической поддержки в Банке Хоум Кредит, ее структуре, KPI’s, поделиться информацией об инструментах, используемых сотрудниками этого подразделения.",
        "data": "2019-08-10, 17:01",
        "rating": 12
    },
    {
        "title": "Как мы системы в инфраструктуре банка с помощью ManageIQ подружили",
        "description": "Пару лет назад главными трендами были автоматизация, DevOps-практики и ускорение поставки ценностей на рынок. Банк Хоум Кредит решил не отставать и взял курс на развитие технологий, тем более что по опенспейсу всё громче разносился недовольный шепоток пользователей, уставших по несколько дней ждать новых ресурсов для своих важных проектов.\n\nМы решили начать с процесса согласования заявок подразделениями, который, как и во многих крупных компаниях, требовал сил и времени. В качестве первой задачи выбрали процесс создания виртуальной машины безотносительно среды виртуализации. Составляя список задач, мы поняли, что нужно будет интегрироваться с другими системами, используемыми в инфраструктуре нашего банка, например по API.",
        "data": "2019-07-30, 15:47",
        "rating": 7
    },
    {
        "title": "Практика использования библиотеки lottie в мобильном приложении банка",
        "description": "Привет, Хабр!\n\nВ свое время Product Owner попросил подумать нас о создании эффективного процесса по внедрению анимации в наше приложение на android/ios. В то время мы делали задачу по предзаполнению заявки личными данными на кредитный продукт, и на ответ от сервера требовалось некоторое время, во время которого мы хотели показывать красивую анимацию загрузки.",
        "data": "2019-07-13, 17:03",
        "rating": 8
    },
    {
        "title": "Освобождаем руки нескольким аналитикам: API Livy для автоматизации типовых банковских задач",
        "description": "Привет, Хабр!\n\nНе секрет, что для оценки платежеспособности клиентов банки используют данные из различных источников (кредитное бюро, мобильные операторы и т.д.). Количество внешних партнёров может достигать нескольких десятков, а аналитиков в нашей команде наберётся лишь несколько человек. Возникает задача оптимизации работы небольшой команды и передачи рутинных задач вычислительным системам.\n\nКак данные попадают в банк, и как команда аналитиков следит за этим процессом, разберём в данной статье.",
        "data": "2019-06-21, 18:30",
        "rating": 8
    },
    {
        "title": "Домашняя BigData. Часть 1. Практика Spark Streaming на кластере AWS",
        "description": "Здравствуйте.\n\nВ интернете много сервисов, предоставляющих возможности облачных сервисов. С их помощью можно осваивать технологии BigData.\n\nВ данной статье мы в домашних условиях произведем установку на платформу EC2 AWS (Amazon Web Services) Apache Kafka, Apache Spark, Zookeeper, Spark-shell и научимся всем этим пользоваться.",
        "data": "2019-05-21, 12:34",
        "rating": 9
    }
]