[
    {
        "title": "Cassandra. The road to 1 PB (1/7)",
        "description": "Текст статьи не удалось получить",
        "data": "2022-07-07, 12:53",
        "rating": 14
    },
    {
        "title": "«Замена колес на ходу». Как мы перенесли продуктив на новую сетевую инфраструктуру и при этом ничего не уронили",
        "description": "Текст статьи не удалось получить",
        "data": "2022-01-17, 10:58",
        "rating": 8
    },
    {
        "title": "Тестирование агрегатов методом Шерлока",
        "description": "Текст статьи не удалось получить",
        "data": "2021-12-13, 13:22",
        "rating": -2
    },
    {
        "title": "Игры с Mongo, или как мы избежали проблем благодаря смекалке и реверс-инжинирингу",
        "description": "Текст статьи не удалось получить",
        "data": "2021-12-03, 10:46",
        "rating": 7
    },
    {
        "title": "Проверяйте качество, не отходя от кассы",
        "description": "Чем доступнее средства производства, тем острее проблема подделок. А уж если продукт массовый и легко подделываемый, то волна контрафакта практически гарантирована. Для борьбы с этой напастью мы — Центр развития перспективных технологий — разрабатываем систему маркировки и прослеживания товаров. Она получила название Честный ЗНАК. Производитель наносит на каждую единицу своей продукции уникальный код DataMatrix, а покупатели могут по этому коду посмотреть, настоящий ли перед ним товар, кто его произвёл и как он попал на прилавок.\n\nЭтим вводным постом в нашем блоге мы хотим познакомить вас с системой и принципами её работы, а в следующих статьях подробнее опишем техническое устройство и особенности разработки.",
        "data": "2019-09-19, 10:13",
        "rating": 5
    }
]