[
    {
        "title": "BDD-фреймворк для автоматизации API без кода",
        "description": "Текст статьи не удалось получить",
        "data": "2022-12-27, 12:51",
        "rating": 38
    },
    {
        "title": "Типизация для Kafka-топиков в Юле",
        "description": "Текст статьи не удалось получить",
        "data": "2022-11-18, 13:38",
        "rating": 14
    },
    {
        "title": "Опыт перехода на MVI в Android на базе собственного решения",
        "description": "Текст статьи не удалось получить",
        "data": "2022-09-01, 16:00",
        "rating": 19
    },
    {
        "title": "Тишина должна быть в библиотеке! Как мы рефачили библиотеку для работы с API и создали свой Repository",
        "description": "Текст статьи не удалось получить",
        "data": "2022-07-21, 14:00",
        "rating": 8
    },
    {
        "title": "Как сократить расходы в четыре раза при работе с сырыми данными в Google BigQuery",
        "description": "Текст статьи не удалось получить",
        "data": "2022-07-07, 16:36",
        "rating": 44
    },
    {
        "title": "Поиск идеального поиска: как устроены поисковые эксперименты на Юле",
        "description": "Текст статьи не удалось получить",
        "data": "2022-07-06, 12:30",
        "rating": 10
    },
    {
        "title": "Индекс Лепрекона",
        "description": "Текст статьи не удалось получить",
        "data": "2022-04-26, 15:30",
        "rating": 22
    },
    {
        "title": "Как подружить Юлу и ВКонтакте",
        "description": "Текст статьи не удалось получить",
        "data": "2021-12-08, 12:47",
        "rating": 6
    },
    {
        "title": "Отказоустойчивая работа с клиентами: архитектура, немного кода, разбор проблем и асинхронные подходы",
        "description": "Текст статьи не удалось получить",
        "data": "2021-11-23, 12:17",
        "rating": 8
    },
    {
        "title": "Как достичь объективности в субъективном? Калибровка в performance review",
        "description": "Текст статьи не удалось получить",
        "data": "2021-06-22, 15:40",
        "rating": 16
    },
    {
        "title": "Тестирование push-уведомлений в мобильных приложениях",
        "description": "Push-уведомления — это сообщения, отправляемые приложением на мобильное устройство клиента. Они обычно используются для доставки обновлений продуктов, напоминаний, персонализированных предложений, последних новостей и любой информации, которая является неотъемлемой частью функциональности приложения и требует особого внимания или быстрых действий.",
        "data": "2021-04-29, 12:49",
        "rating": 4
    },
    {
        "title": "«Вам звонок». Как выстроить отношения между QA и техподдержкой",
        "description": "Каждый из нас сталкивался с технической поддержкой. Кто-то с ней взаимодействует по работе, кто-то по своей должности совмещает тестирование и поддержку, а кто-то стоит перед вопросом — взаимодействовать или делать самому? Мы расскажем, как это сделано у нас в Юле.",
        "data": "2021-04-07, 11:27",
        "rating": 16
    },
    {
        "title": "UI-элементы и жесты в мобильных приложениях",
        "description": "Хабр, привет! Вы часто задумывались, обнаружив баг в мобильном приложении и заводя его в баг-трекер, как правильно назвать ту или иную часть интерфейса или действие, которые привели к ошибке? Или читаешь описание задачи и задумываешься, как должен выглядеть какой-то экран и что должно появиться при тапе на кнопку. А может, вы описываете продуктовые задачи и не всегда чувствуете себя на одной волне с дизайнерами и разработчиками, которые иногда начинают говорить на эльфийском? Чтобы исключить недопонимание, неясности и вопросы, мы решили создать перечень наиболее распространенных элементов и жестов и показать их на примере Юлы.\n\nА вы знали, как называется «та самая выезжающая снизу экрана шторка» или несколько (три и более) тапов подряд? Ответы на эти вопросы и названия многих других элементов читайте в нашей статье.",
        "data": "2021-02-05, 17:10",
        "rating": 19
    },
    {
        "title": "Docs as Code. Часть 2: получаем документацию из кода",
        "description": "Продолжаем рассказывать о применении на практике принципа работы с документацией как с кодом. В этот раз разберём получение спецификации Swagger напрямую из комментариев к коду API. В статье рассматривается роль технического писателя в процессе адаптации команды к использованию нового инструмента, а также приводятся конкретные инструкции по применению swagger-php в реальном проекте.",
        "data": "2021-01-29, 10:34",
        "rating": 21
    },
    {
        "title": "Название статьи не удалось получить",
        "description": "Текст статьи не удалось получить",
        "data": "2020-12-11, 12:05",
        "rating": 24
    },
    {
        "title": "Конечные автоматы на страже порядка",
        "description": "При разработке сложных систем часто сталкиваешься с проблемой прозрачности кода, точным описанием бизнес-логики и масштабирования решения. Однажды нам поставили задачу: реализовать функциональность тарифов, в которой много бизнес-логики. При этом сроки были сжаты, да ещё и повышенные финансовые риски. Чтобы решить эту задачу быстро, эффективно и прозрачно, мы решили использовать конечные автоматы (state machine).",
        "data": "2020-11-26, 11:33",
        "rating": 15
    },
    {
        "title": "Как приручить Charles Proxy?",
        "description": "Привет! Многие из тех, кто приходит к нам на собеседование на должность тестировщика, с гордостью заверяют, что они могут пользоваться Charles Proxy. Но когда погружаешься в техническую часть, то становится очевидно, что кандидат только слышал об этом инструменте. Давайте уже наконец скорее приручим эту вазу!",
        "data": "2020-11-12, 12:27",
        "rating": 27
    },
    {
        "title": "Учим нейросети в Google Таблицах",
        "description": "Хочу с вами зачелленджить одну интересную штуку: попробовать обучить нейросеть в Google Таблицах. Безо всяких макросов и прочих хаков, на чистых формулах.",
        "data": "2020-04-29, 14:58",
        "rating": 33
    },
    {
        "title": "Бесконечный скролл с баннерами, или Как обойтись тремя вьюхами",
        "description": "Каждый разработчик под мобильные платформы постоянно сталкивается с задачей, которая не решается одним единственным способом. Всегда есть несколько путей, — какие-то быстрые, какие-то сложные, — и у каждого свои достоинства и недостатки.\n\nБесконечный/цикличный скролл в iOS стандартными средствами не реализовать, нужно идти на разные ухищрения. В этой статье я расскажу, какие варианты решения задачи лежат на поверхности и какой вариант мы в итоге реализовали.",
        "data": "2020-04-22, 15:24",
        "rating": 21
    },
    {
        "title": "Эксплуатация большой распределённой системы: чему я научился",
        "description": "Читая различные каналы и рассылки, я часто встречаю статьи о конкретных «болях» и проблемах, возникающих при росте компании, когда надежность и масштабируемость выходят на первый план. Эта статья — иная. Здесь нет подробного разбора конкретных архитектурных решений или пошагового руководства по изменению инженерной культуры. Скорее, это взгляд сверху на те вызовы, которые возникают при эксплуатации распределенных систем, и отправная точка, которая поможет сориентироваться в потоке терминов, аббревиатур и технологий.\n\nПредлагаю вашему вниманию перевод статьи, написанной инженером из Uber.\n\n* * *\n\nВ последние несколько лет я создавал и обслуживал большую распределённую систему платежей в Uber. За это время я многое узнал о концепциях распределённых архитектур и на своём опыте выяснил, насколько трудно создавать и обслуживать высоконагруженные системы с высокой доступностью. Построение такой системы — работа интересная. Мне нравится планировать, как система будет обрабатывать рост трафика в 10-100 раз, обеспечивать надёжность данных вне зависимости от аппаратных сбоев. Однако эксплуатация большой распределённой системы дала мне неожиданный опыт.",
        "data": "2020-04-02, 09:48",
        "rating": 41
    },
    {
        "title": "Адаптивный или отзывчивый? Разбираем структуру React-компонентов",
        "description": "В этой статье мы разберёмся, в чем сложность написания адаптивных компонентов, поговорим о code-splitting-е, рассмотрим несколько способов организации структуры кода, оценим их достоинства и недостатки и попытаемся выбрать лучший из них (но это не точно).",
        "data": "2020-03-23, 10:53",
        "rating": 18
    },
    {
        "title": "Повесть об Октопусе",
        "description": "Когда вы ищете товары в интернете, часто возникает желание уточнить запрос, чтобы результаты поиска стали релевантнее. Будь то цвет футболки, тип коробки передач у автомобиля, количество USB-портов в ноутбуке или же площадь кухни в искомой квартире.\n\nПрактически с самого начала работы Юлы у нас была система плоских полей, которая обеспечивала возможность уточнения запроса. То есть в форме создания и поиска товара были доступны простые select-поля, которые позволяли сохранять товары с дополнительными параметрами, а потом искать их.\n\nПо мере развития и покорения новых вершин, Юле понадобилась новая система, которая позволила бы создавать деревья полей, с ручным вводом, выбором значений и даже получением новых полей в зависимости от ранее выбранных вариантов. И в качестве апофеоза требовалось создать простую систему управления всем этим через панель администратора.",
        "data": "2019-12-13, 10:00",
        "rating": 10
    },
    {
        "title": "Docs as Code. Часть 1: автоматизируем обновление",
        "description": "В больших проектах, состоящих из десятков и сотен взаимодействующих сервисов, всё чаще становится обязательным подход к документации как к коду — docs as code.\n\nЯ покажу, как можно применять эту философию в реалиях classified-сервиса, а точнее, начну с первого этапа её внедрения: автоматизации обновления данных в документации.",
        "data": "2019-07-15, 10:39",
        "rating": 35
    },
    {
        "title": "Делаем вездесущий Splash Screen на iOS",
        "description": "Привет Хабр!\n\nЯ расскажу о реализации анимации перехода со сплэш скрина на другие экраны приложения. Задача возникла в рамках глобального ребрендинга, который не мог обойтись без изменения заставки и внешнего вида продукта.\n\nДля многих разработчиков, участвующих в крупных проектах, решение задач, связанных с созданием красивой анимации, становится глотком свежего воздуха в мире багов, сложных фичей и хот-фиксов. Такие задачи относительно просты в реализации, а результат радует глаз и выглядит очень впечатляюще! Но бывают случаи, когда стандартные подходы не применимы, и тогда нужно придумывать всевозможные обходные решения.",
        "data": "2019-06-26, 11:12",
        "rating": 40
    },
    {
        "title": "Как мы модерируем объявления",
        "description": "Каждый сервис, чьи пользователи могут создавать собственный контент (UGC — User-generated content), вынужден не только решать бизнес-задачи, но и наводить порядок в UGC. Плохая или некачественная модерация контента в итоге может уменьшить привлекательность сервиса для пользователей, вплоть до прекращения его работы.\n\nСегодня мы вам расскажем про синергию между Юлой и Одноклассниками, которая помогает нам эффективно модерировать объявления в Юле.\n\nСинергия вообще штука очень полезная, а в современном мире, когда технологии и тренды меняются очень быстро, она может превратиться в палочку-выручалочку. Зачем тратить дефицитные ресурсы и время на изобретение того, что до тебя уже изобрели и довели до ума?\n\nТак же подумали и мы, когда перед нами во весь рост встала задача модерации пользовательского контента — картинок, текста и ссылок. Наши пользователи каждый день загружают в Юлу миллионы единиц контента, и без автоматической обработки промодерировать все эти данные вручную вообще не реально.\n\nПоэтому мы воспользовались уже готовой платформой модерации, которую к тому времени наши коллеги из Одноклассников допилили до состояния «почти совершенство».",
        "data": "2019-06-07, 11:41",
        "rating": 17
    },
    {
        "title": "ML на Scala с улыбкой, для тех, кто не боится экспериментов",
        "description": "Всем привет! Сегодня будем говорить о реализации машинного обучения на Scala. Начну с объяснения, как мы докатились до такой жизни. Итак, наша команда долгое время использовала все возможности машинного обучения на Python. Это удобно, есть много полезных библиотек для подготовки данных, хорошая инфраструктура для разработки, я имею в виду Jupyter Notebook. Всё бы ничего, но столкнулись с проблемой распараллеливания вычислений в production, и решили использовать в проде Scala. Почему бы и нет, подумали мы, там есть куча библиотек, даже Apache Spark написан на Scala! При этом, сегодня модели мы разрабатываем на Python, а затем повторяем обучение на Scala для дальнейшей сериализации и использования в production. Но, как говорится, дьявол кроется в деталях.\n\nСразу хочу внести ясность, дорогой читатель, эта статья написана не с целью пошатнуть репутацию Python в вопросах машинного обучения. Нет, основная цель — приоткрыть дверь в мир машинного обучения на Scala, сделать небольшой обзор альтернативного подхода, вытекающего из нашего опыта, и рассказать, с какими трудностями мы столкнулись.",
        "data": "2019-05-22, 16:23",
        "rating": 16
    }
]